state,district,commodity,forecast_horizon_months,forecast_month,current_price,predicted_price,lower_bound,upper_bound,price_change_pct,market_signal,uncertainty_level,weather_risk_level,weather_disruption_score,weather_data_status,market_insight,uncertainty_insight,weather_insight,planning_context,farmer_insight,decision_warning,recommendation_status,market_data_status,forecast_data_status,explainability_status
Bihar,Gaya,Onion,1,2026-09-01,3446.4603225806454,3506.3645909846364,3395.7493497311825,3590.235135330261,1.7381389250735884,STABLE,LOW,MODERATE,2,SYNTHETIC_DEMO_DATA,"Onion is forecast to remain relatively stable, with an estimated change of +1.7%.","The estimated price range is ₹3,396 to ₹3,590. Uncertainty level: LOW.",Moderate weather-disruption signal is present. Weather conditions should be monitored.,The forecast indicates a relatively stable market signal. Use the uncertainty range for planning.,"Onion is forecast to remain relatively stable, with an estimated change of +1.7%. The estimated price range is ₹3,396 to ₹3,590. Uncertainty level: LOW. Moderate weather-disruption signal is present. Weather conditions should be monitored.","This is decision-support information, not a guarantee of future price, yield, revenue, or profit.",INFORMATIONAL_DECISION_SUPPORT,SYNTHETIC_DEMO_DATA,MODEL_FORECAST_DEMO,RULE_BASED_EXPLANATION
Bihar,Gaya,Onion,2,2026-10-01,3446.4603225806454,3414.0076483623825,3298.294700030722,3517.39154289006,-0.9416233230842178,STABLE,LOW,MODERATE,2,SYNTHETIC_DEMO_DATA,"Onion is forecast to remain relatively stable, with an estimated change of -0.9%.","The estimated price range is ₹3,298 to ₹3,517. Uncertainty level: LOW.",Moderate weather-disruption signal is present. Weather conditions should be monitored.,The forecast indicates a relatively stable market signal. Use the uncertainty range for planning.,"Onion is forecast to remain relatively stable, with an estimated change of -0.9%. The estimated price range is ₹3,298 to ₹3,517. Uncertainty level: LOW. Moderate weather-disruption signal is present. Weather conditions should be monitored.","This is decision-support information, not a guarantee of future price, yield, revenue, or profit.",INFORMATIONAL_DECISION_SUPPORT,SYNTHETIC_DEMO_DATA,MODEL_FORECAST_DEMO,RULE_BASED_EXPLANATION
Bihar,Gaya,Onion,3,2026-11-01,3446.4603225806454,3393.683822808672,3237.447833064516,3544.329979072581,-1.5313247457453736,STABLE,LOW,MODERATE,2,SYNTHETIC_DEMO_DATA,"Onion is forecast to remain relatively stable, with an estimated change of -1.5%.","The estimated price range is ₹3,237 to ₹3,544. Uncertainty level: LOW.",Moderate weather-disruption signal is present. Weather conditions should be monitored.,The forecast indicates a relatively stable market signal. Use the uncertainty range for planning.,"Onion is forecast to remain relatively stable, with an estimated change of -1.5%. The estimated price range is ₹3,237 to ₹3,544. Uncertainty level: LOW. Moderate weather-disruption signal is present. Weather conditions should be monitored.","This is decision-support information, not a guarantee of future price, yield, revenue, or profit.",INFORMATIONAL_DECISION_SUPPORT,SYNTHETIC_DEMO_DATA,MODEL_FORECAST_DEMO,RULE_BASED_EXPLANATION
Bihar,Gaya,Potato,1,2026-09-01,1494.281935483871,1473.954011082244,1434.0077747311827,1507.7069252841784,-1.3603807901916716,STABLE,LOW,MODERATE,2,SYNTHETIC_DEMO_DATA,"Potato is forecast to remain relatively stable, with an estimated change of -1.4%.","The estimated price range is ₹1,434 to ₹1,508. Uncertainty level: LOW.",Moderate weather-disruption signal is present. Weather conditions should be monitored.,The forecast indicates a relatively stable market signal. Use the uncertainty range for planning.,"Potato is forecast to remain relatively stable, with an estimated change of -1.4%. The estimated price range is ₹1,434 to ₹1,508. Uncertainty level: LOW. Moderate weather-disruption signal is present. Weather conditions should be monitored.","This is decision-support information, not a guarantee of future price, yield, revenue, or profit.",INFORMATIONAL_DECISION_SUPPORT,SYNTHETIC_DEMO_DATA,MODEL_FORECAST_DEMO,RULE_BASED_EXPLANATION
Bihar,Gaya,Potato,2,2026-10-01,1494.281935483871,1484.059067563088,1438.3412866666663,1536.525214285714,-0.6841324704546152,STABLE,LOW,MODERATE,2,SYNTHETIC_DEMO_DATA,"Potato is forecast to remain relatively stable, with an estimated change of -0.7%.","The estimated price range is ₹1,438 to ₹1,537. Uncertainty level: LOW.",Moderate weather-disruption signal is present. Weather conditions should be monitored.,The forecast indicates a relatively stable market signal. Use the uncertainty range for planning.,"Potato is forecast to remain relatively stable, with an estimated change of -0.7%. The estimated price range is ₹1,438 to ₹1,537. Uncertainty level: LOW. Moderate weather-disruption signal is present. Weather conditions should be monitored.","This is decision-support information, not a guarantee of future price, yield, revenue, or profit.",INFORMATIONAL_DECISION_SUPPORT,SYNTHETIC_DEMO_DATA,MODEL_FORECAST_DEMO,RULE_BASED_EXPLANATION
Bihar,Gaya,Potato,3,2026-11-01,1494.281935483871,1534.7664851370384,1491.5541041788856,1589.0268704301077,2.709297937143167,RISING,LOW,MODERATE,2,SYNTHETIC_DEMO_DATA,Potato is forecast to increase by 2.7% over the selected horizon.,"The estimated price range is ₹1,492 to ₹1,589. Uncertainty level: LOW.",Moderate weather-disruption signal is present. Weather conditions should be monitored.,"The forecast indicates an upward market signal, but the uncertainty range should still be considered.","Potato is forecast to increase by 2.7% over the selected horizon. The estimated price range is ₹1,492 to ₹1,589. Uncertainty level: LOW. Moderate weather-disruption signal is present. Weather conditions should be monitored.","This is decision-support information, not a guarantee of future price, yield, revenue, or profit.",INFORMATIONAL_DECISION_SUPPORT,SYNTHETIC_DEMO_DATA,MODEL_FORECAST_DEMO,RULE_BASED_EXPLANATION
Bihar,Gaya,Rice,1,2026-09-01,3651.7425806451615,3487.4242879690896,3442.1080395698923,3546.64817311828,-4.499722777475772,FALLING,LOW,MODERATE,2,SYNTHETIC_DEMO_DATA,Rice is forecast to decrease by 4.5% over the selected horizon.,"The estimated price range is ₹3,442 to ₹3,547. Uncertainty level: LOW.",Moderate weather-disruption signal is present. Weather conditions should be monitored.,"The forecast indicates a downward market signal, so alternative market scenarios should be considered.","Rice is forecast to decrease by 4.5% over the selected horizon. The estimated price range is ₹3,442 to ₹3,547. Uncertainty level: LOW. Moderate weather-disruption signal is present. Weather conditions should be monitored.","This is decision-support information, not a guarantee of future price, yield, revenue, or profit.",INFORMATIONAL_DECISION_SUPPORT,SYNTHETIC_DEMO_DATA,MODEL_FORECAST_DEMO,RULE_BASED_EXPLANATION
Bihar,Gaya,Rice,2,2026-10-01,3651.7425806451615,3329.011984394552,3239.4146524028965,3446.037731021505,-8.837714847731457,FALLING,LOW,MODERATE,2,SYNTHETIC_DEMO_DATA,Rice is forecast to decrease by 8.8% over the selected horizon.,"The estimated price range is ₹3,239 to ₹3,446. Uncertainty level: LOW.",Moderate weather-disruption signal is present. Weather conditions should be monitored.,"The forecast indicates a downward market signal, so alternative market scenarios should be considered.","Rice is forecast to decrease by 8.8% over the selected horizon. The estimated price range is ₹3,239 to ₹3,446. Uncertainty level: LOW. Moderate weather-disruption signal is present. Weather conditions should be monitored.","This is decision-support information, not a guarantee of future price, yield, revenue, or profit.",INFORMATIONAL_DECISION_SUPPORT,SYNTHETIC_DEMO_DATA,MODEL_FORECAST_DEMO,RULE_BASED_EXPLANATION
Bihar,Gaya,Rice,3,2026-11-01,3651.7425806451615,3220.36470260967,3159.8002468817203,3290.1021719354835,-11.81293227846523,FALLING,LOW,MODERATE,2,SYNTHETIC_DEMO_DATA,Rice is forecast to decrease by 11.8% over the selected horizon.,"The estimated price range is ₹3,160 to ₹3,290. Uncertainty level: LOW.",Moderate weather-disruption signal is present. Weather conditions should be monitored.,"The forecast indicates a downward market signal, so alternative market scenarios should be considered.","Rice is forecast to decrease by 11.8% over the selected horizon. The estimated price range is ₹3,160 to ₹3,290. Uncertainty level: LOW. Moderate weather-disruption signal is present. Weather conditions should be monitored.","This is decision-support information, not a guarantee of future price, yield, revenue, or profit.",INFORMATIONAL_DECISION_SUPPORT,SYNTHETIC_DEMO_DATA,MODEL_FORECAST_DEMO,RULE_BASED_EXPLANATION
Bihar,Gaya,Tomato,1,2026-09-01,1733.033870967742,1672.5495218584138,1612.552032795699,1744.986174551971,-3.4900846499643507,FALLING,LOW,MODERATE,2,SYNTHETIC_DEMO_DATA,Tomato is forecast to decrease by 3.5% over the selected horizon.,"The estimated price range is ₹1,613 to ₹1,745. Uncertainty level: LOW.",Moderate weather-disruption signal is present. Weather conditions should be monitored.,"The forecast indicates a downward market signal, so alternative market scenarios should be considered.","Tomato is forecast to decrease by 3.5% over the selected horizon. The estimated price range is ₹1,613 to ₹1,745. Uncertainty level: LOW. Moderate weather-disruption signal is present. Weather conditions should be monitored.","This is decision-support information, not a guarantee of future price, yield, revenue, or profit.",INFORMATIONAL_DECISION_SUPPORT,SYNTHETIC_DEMO_DATA,MODEL_FORECAST_DEMO,RULE_BASED_EXPLANATION
Bihar,Gaya,Tomato,2,2026-10-01,1733.033870967742,1704.4887754329466,1616.228349247312,1816.6915973886328,-1.6471170017499714,STABLE,LOW,MODERATE,2,SYNTHETIC_DEMO_DATA,"Tomato is forecast to remain relatively stable, with an estimated change of -1.6%.","The estimated price range is ₹1,616 to ₹1,817. Uncertainty level: LOW.",Moderate weather-disruption signal is present. Weather conditions should be monitored.,The forecast indicates a relatively stable market signal. Use the uncertainty range for planning.,"Tomato is forecast to remain relatively stable, with an estimated change of -1.6%. The estimated price range is ₹1,616 to ₹1,817. Uncertainty level: LOW. Moderate weather-disruption signal is present. Weather conditions should be monitored.","This is decision-support information, not a guarantee of future price, yield, revenue, or profit.",INFORMATIONAL_DECISION_SUPPORT,SYNTHETIC_DEMO_DATA,MODEL_FORECAST_DEMO,RULE_BASED_EXPLANATION
Bihar,Gaya,Tomato,3,2026-11-01,1733.033870967742,1783.7973657816035,1726.1694888888892,1876.638403552228,2.929169225383622,RISING,LOW,MODERATE,2,SYNTHETIC_DEMO_DATA,Tomato is forecast to increase by 2.9% over the selected horizon.,"The estimated price range is ₹1,726 to ₹1,877. Uncertainty level: LOW.",Moderate weather-disruption signal is present. Weather conditions should be monitored.,"The forecast indicates an upward market signal, but the uncertainty range should still be considered.","Tomato is forecast to increase by 2.9% over the selected horizon. The estimated price range is ₹1,726 to ₹1,877. Uncertainty level: LOW. Moderate weather-disruption signal is present. Weather conditions should be monitored.","This is decision-support information, not a guarantee of future price, yield, revenue, or profit.",INFORMATIONAL_DECISION_SUPPORT,SYNTHETIC_DEMO_DATA,MODEL_FORECAST_DEMO,RULE_BASED_EXPLANATION
Bihar,Gaya,Wheat,1,2026-09-01,3259.0254838709675,3117.4337120959144,3082.6415155555555,3155.1265580645168,-4.3446046210990295,FALLING,LOW,MODERATE,2,SYNTHETIC_DEMO_DATA,Wheat is forecast to decrease by 4.3% over the selected horizon.,"The estimated price range is ₹3,083 to ₹3,155. Uncertainty level: LOW.",Moderate weather-disruption signal is present. Weather conditions should be monitored.,"The forecast indicates a downward market signal, so alternative market scenarios should be considered.","Wheat is forecast to decrease by 4.3% over the selected horizon. The estimated price range is ₹3,083 to ₹3,155. Uncertainty level: LOW. Moderate weather-disruption signal is present. Weather conditions should be monitored.","This is decision-support information, not a guarantee of future price, yield, revenue, or profit.",INFORMATIONAL_DECISION_SUPPORT,SYNTHETIC_DEMO_DATA,MODEL_FORECAST_DEMO,RULE_BASED_EXPLANATION
Bihar,Gaya,Wheat,2,2026-10-01,3259.0254838709675,3091.1562391906664,3027.1340617511523,3138.678846344086,-5.150903100055276,FALLING,LOW,MODERATE,2,SYNTHETIC_DEMO_DATA,Wheat is forecast to decrease by 5.2% over the selected horizon.,"The estimated price range is ₹3,027 to ₹3,139. Uncertainty level: LOW.",Moderate weather-disruption signal is present. Weather conditions should be monitored.,"The forecast indicates a downward market signal, so alternative market scenarios should be considered.","Wheat is forecast to decrease by 5.2% over the selected horizon. The estimated price range is ₹3,027 to ₹3,139. Uncertainty level: LOW. Moderate weather-disruption signal is present. Weather conditions should be monitored.","This is decision-support information, not a guarantee of future price, yield, revenue, or profit.",INFORMATIONAL_DECISION_SUPPORT,SYNTHETIC_DEMO_DATA,MODEL_FORECAST_DEMO,RULE_BASED_EXPLANATION
Bihar,Gaya,Wheat,3,2026-11-01,3259.0254838709675,3125.480998740218,3087.9097174731182,3176.259117741936,-4.097681524482263,FALLING,LOW,MODERATE,2,SYNTHETIC_DEMO_DATA,Wheat is forecast to decrease by 4.1% over the selected horizon.,"The estimated price range is ₹3,088 to ₹3,176. Uncertainty level: LOW.",Moderate weather-disruption signal is present. Weather conditions should be monitored.,"The forecast indicates a downward market signal, so alternative market scenarios should be considered.","Wheat is forecast to decrease by 4.1% over the selected horizon. The estimated price range is ₹3,088 to ₹3,176. Uncertainty level: LOW. Moderate weather-disruption signal is present. Weather conditions should be monitored.","This is decision-support information, not a guarantee of future price, yield, revenue, or profit.",INFORMATIONAL_DECISION_SUPPORT,SYNTHETIC_DEMO_DATA,MODEL_FORECAST_DEMO,RULE_BASED_EXPLANATION
Bihar,Muzaffarpur,Onion,1,2026-09-01,3100.4812903225807,3250.145506352506,3213.892821505376,3280.548618375576,4.827128500890061,RISING,LOW,LOW,0,SYNTHETIC_DEMO_DATA,Onion is forecast to increase by 4.8% over the selected horizon.,"The estimated price range is ₹3,214 to ₹3,281. Uncertainty level: LOW.",Low weather-disruption signal is present in the available weather data.,"The forecast indicates an upward market signal, but the uncertainty range should still be considered.","Onion is forecast to increase by 4.8% over the selected horizon. The estimated price range is ₹3,214 to ₹3,281. Uncertainty level: LOW. Low weather-disruption signal is present in the available weather data.","This is decision-support information, not a guarantee of future price, yield, revenue, or profit.",INFORMATIONAL_DECISION_SUPPORT,SYNTHETIC_DEMO_DATA,MODEL_FORECAST_DEMO,RULE_BASED_EXPLANATION
Bihar,Muzaffarpur,Onion,2,2026-10-01,3100.4812903225807,3394.0686826224205,3343.519650298685,3474.7950161761632,9.46909091876166,RISING,LOW,LOW,0,SYNTHETIC_DEMO_DATA,Onion is forecast to increase by 9.5% over the selected horizon.,"The estimated price range is ₹3,344 to ₹3,475. Uncertainty level: LOW.",Low weather-disruption signal is present in the available weather data.,"The forecast indicates an upward market signal, but the uncertainty range should still be considered.","Onion is forecast to increase by 9.5% over the selected horizon. The estimated price range is ₹3,344 to ₹3,475. Uncertainty level: LOW. Low weather-disruption signal is present in the available weather data.","This is decision-support information, not a guarantee of future price, yield, revenue, or profit.",INFORMATIONAL_DECISION_SUPPORT,SYNTHETIC_DEMO_DATA,MODEL_FORECAST_DEMO,RULE_BASED_EXPLANATION
Bihar,Muzaffarpur,Onion,3,2026-11-01,3100.4812903225807,3464.106771948422,3409.097394504182,3532.2390202764977,11.728033410838908,RISING,LOW,LOW,0,SYNTHETIC_DEMO_DATA,Onion is forecast to increase by 11.7% over the selected horizon.,"The estimated price range is ₹3,409 to ₹3,532. Uncertainty level: LOW.",Low weather-disruption signal is present in the available weather data.,"The forecast indicates an upward market signal, but the uncertainty range should still be considered.","Onion is forecast to increase by 11.7% over the selected horizon. The estimated price range is ₹3,409 to ₹3,532. Uncertainty level: LOW. Low weather-disruption signal is present in the available weather data.","This is decision-support information, not a guarantee of future price, yield, revenue, or profit.",INFORMATIONAL_DECISION_SUPPORT,SYNTHETIC_DEMO_DATA,MODEL_FORECAST_DEMO,RULE_BASED_EXPLANATION
Bihar,Muzaffarpur,Potato,1,2026-09-01,1529.677741935484,1590.6724303427122,1553.161577419355,1620.044251280082,3.9874207968831663,RISING,LOW,LOW,0,SYNTHETIC_DEMO_DATA,Potato is forecast to increase by 4.0% over the selected horizon.,"The estimated price range is ₹1,553 to ₹1,620. Uncertainty level: LOW.",Low weather-disruption signal is present in the available weather data.,"The forecast indicates an upward market signal, but the uncertainty range should still be considered.","Potato is forecast to increase by 4.0% over the selected horizon. The estimated price range is ₹1,553 to ₹1,620. Uncertainty level: LOW. Low weather-disruption signal is present in the available weather data.","This is decision-support information, not a guarantee of future price, yield, revenue, or profit.",INFORMATIONAL_DECISION_SUPPORT,SYNTHETIC_DEMO_DATA,MODEL_FORECAST_DEMO,RULE_BASED_EXPLANATION
Bihar,Muzaffarpur,Potato,2,2026-10-01,1529.677741935484,1672.528632828048,1617.3204716845878,1712.269568404378,9.338626494742385,RISING,LOW,LOW,0,SYNTHETIC_DEMO_DATA,Potato is forecast to increase by 9.3% over the selected horizon.,"The estimated price range is ₹1,617 to ₹1,712. Uncertainty level: LOW.",Low weather-disruption signal is present in the available weather data.,"The forecast indicates an upward market signal, but the uncertainty range should still be considered.","Potato is forecast to increase by 9.3% over the selected horizon. The estimated price range is ₹1,617 to ₹1,712. Uncertainty level: LOW. Low weather-disruption signal is present in the available weather data.","This is decision-support information, not a guarantee of future price, yield, revenue, or profit.",INFORMATIONAL_DECISION_SUPPORT,SYNTHETIC_DEMO_DATA,MODEL_FORECAST_DEMO,RULE_BASED_EXPLANATION
Bihar,Muzaffarpur,Potato,3,2026-11-01,1529.677741935484,1774.8975246024988,1720.8012234677417,1811.5799037634408,16.030813284681848,RISING,LOW,LOW,0,SYNTHETIC_DEMO_DATA,Potato is forecast to increase by 16.0% over the selected horizon.,"The estimated price range is ₹1,721 to ₹1,812. Uncertainty level: LOW.",Low weather-disruption signal is present in the available weather data.,"The forecast indicates an upward market signal, but the uncertainty range should still be considered.","Potato is forecast to increase by 16.0% over the selected horizon. The estimated price range is ₹1,721 to ₹1,812. Uncertainty level: LOW. Low weather-disruption signal is present in the available weather data.","This is decision-support information, not a guarantee of future price, yield, revenue, or profit.",INFORMATIONAL_DECISION_SUPPORT,SYNTHETIC_DEMO_DATA,MODEL_FORECAST_DEMO,RULE_BASED_EXPLANATION
Bihar,Muzaffarpur,Rice,1,2026-09-01,2972.7683870967744,3045.36526579088,2979.6121841397853,3102.203600384025,2.4420630617982426,RISING,LOW,LOW,0,SYNTHETIC_DEMO_DATA,Rice is forecast to increase by 2.4% over the selected horizon.,"The estimated price range is ₹2,980 to ₹3,102. Uncertainty level: LOW.",Low weather-disruption signal is present in the available weather data.,"The forecast indicates an upward market signal, but the uncertainty range should still be considered.","Rice is forecast to increase by 2.4% over the selected horizon. The estimated price range is ₹2,980 to ₹3,102. Uncertainty level: LOW. Low weather-disruption signal is present in the available weather data.","This is decision-support information, not a guarantee of future price, yield, revenue, or profit.",INFORMATIONAL_DECISION_SUPPORT,SYNTHETIC_DEMO_DATA,MODEL_FORECAST_DEMO,RULE_BASED_EXPLANATION
Bihar,Muzaffarpur,Rice,2,2026-10-01,2972.7683870967744,3159.9564909088267,3020.4640261648747,3251.634123870968,6.296760441362924,RISING,LOW,LOW,0,SYNTHETIC_DEMO_DATA,Rice is forecast to increase by 6.3% over the selected horizon.,"The estimated price range is ₹3,020 to ₹3,252. Uncertainty level: LOW.",Low weather-disruption signal is present in the available weather data.,"The forecast indicates an upward market signal, but the uncertainty range should still be considered.","Rice is forecast to increase by 6.3% over the selected horizon. The estimated price range is ₹3,020 to ₹3,252. Uncertainty level: LOW. Low weather-disruption signal is present in the available weather data.","This is decision-support information, not a guarantee of future price, yield, revenue, or profit.",INFORMATIONAL_DECISION_SUPPORT,SYNTHETIC_DEMO_DATA,MODEL_FORECAST_DEMO,RULE_BASED_EXPLANATION
Bihar,Muzaffarpur,Rice,3,2026-11-01,2972.7683870967744,3427.927430038175,3347.679637480798,3507.0548984529296,15.310948707508015,RISING,LOW,LOW,0,SYNTHETIC_DEMO_DATA,Rice is forecast to increase by 15.3% over the selected horizon.,"The estimated price range is ₹3,348 to ₹3,507. Uncertainty level: LOW.",Low weather-disruption signal is present in the available weather data.,"The forecast indicates an upward market signal, but the uncertainty range should still be considered.","Rice is forecast to increase by 15.3% over the selected horizon. The estimated price range is ₹3,348 to ₹3,507. Uncertainty level: LOW. Low weather-disruption signal is present in the available weather data.","This is decision-support information, not a guarantee of future price, yield, revenue, or profit.",INFORMATIONAL_DECISION_SUPPORT,SYNTHETIC_DEMO_DATA,MODEL_FORECAST_DEMO,RULE_BASED_EXPLANATION
Bihar,Muzaffarpur,Tomato,1,2026-09-01,1680.8848387096775,1759.8192447384731,1725.5598555913978,1815.585930269965,4.6960032127715055,RISING,LOW,LOW,0,SYNTHETIC_DEMO_DATA,Tomato is forecast to increase by 4.7% over the selected horizon.,"The estimated price range is ₹1,726 to ₹1,816. Uncertainty level: LOW.",Low weather-disruption signal is present in the available weather data.,"The forecast indicates an upward market signal, but the uncertainty range should still be considered.","Tomato is forecast to increase by 4.7% over the selected horizon. The estimated price range is ₹1,726 to ₹1,816. Uncertainty level: LOW. Low weather-disruption signal is present in the available weather data.","This is decision-support information, not a guarantee of future price, yield, revenue, or profit.",INFORMATIONAL_DECISION_SUPPORT,SYNTHETIC_DEMO_DATA,MODEL_FORECAST_DEMO,RULE_BASED_EXPLANATION
Bihar,Muzaffarpur,Tomato,2,2026-10-01,1680.8848387096775,1829.756075883948,1745.2155230824376,1908.9053838709683,8.856718422694003,RISING,LOW,LOW,0,SYNTHETIC_DEMO_DATA,Tomato is forecast to increase by 8.9% over the selected horizon.,"The estimated price range is ₹1,745 to ₹1,909. Uncertainty level: LOW.",Low weather-disruption signal is present in the available weather data.,"The forecast indicates an upward market signal, but the uncertainty range should still be considered.","Tomato is forecast to increase by 8.9% over the selected horizon. The estimated price range is ₹1,745 to ₹1,909. Uncertainty level: LOW. Low weather-disruption signal is present in the available weather data.","This is decision-support information, not a guarantee of future price, yield, revenue, or profit.",INFORMATIONAL_DECISION_SUPPORT,SYNTHETIC_DEMO_DATA,MODEL_FORECAST_DEMO,RULE_BASED_EXPLANATION
Bihar,Muzaffarpur,Tomato,3,2026-11-01,1680.8848387096775,1950.6779538402343,1884.1936448924728,2006.9835529185868,16.050660278289026,RISING,LOW,LOW,0,SYNTHETIC_DEMO_DATA,Tomato is forecast to increase by 16.1% over the selected horizon.,"The estimated price range is ₹1,884 to ₹2,007. Uncertainty level: LOW.",Low weather-disruption signal is present in the available weather data.,"The forecast indicates an upward market signal, but the uncertainty range should still be considered.","Tomato is forecast to increase by 16.1% over the selected horizon. The estimated price range is ₹1,884 to ₹2,007. Uncertainty level: LOW. Low weather-disruption signal is present in the available weather data.","This is decision-support information, not a guarantee of future price, yield, revenue, or profit.",INFORMATIONAL_DECISION_SUPPORT,SYNTHETIC_DEMO_DATA,MODEL_FORECAST_DEMO,RULE_BASED_EXPLANATION
Bihar,Muzaffarpur,Wheat,1,2026-09-01,3507.947741935484,3314.9125611462496,3268.111841182796,3394.682431599737,-5.5027952235892945,FALLING,LOW,LOW,0,SYNTHETIC_DEMO_DATA,Wheat is forecast to decrease by 5.5% over the selected horizon.,"The estimated price range is ₹3,268 to ₹3,395. Uncertainty level: LOW.",Low weather-disruption signal is present in the available weather data.,"The forecast indicates a downward market signal, so alternative market scenarios should be considered.","Wheat is forecast to decrease by 5.5% over the selected horizon. The estimated price range is ₹3,268 to ₹3,395. Uncertainty level: LOW. Low weather-disruption signal is present in the available weather data.","This is decision-support information, not a guarantee of future price, yield, revenue, or profit.",INFORMATIONAL_DECISION_SUPPORT,SYNTHETIC_DEMO_DATA,MODEL_FORECAST_DEMO,RULE_BASED_EXPLANATION
Bihar,Muzaffarpur,Wheat,2,2026-10-01,3507.947741935484,3162.542631915447,3101.189892096774,3255.489101382489,-9.846358481653494,FALLING,LOW,LOW,0,SYNTHETIC_DEMO_DATA,Wheat is forecast to decrease by 9.8% over the selected horizon.,"The estimated price range is ₹3,101 to ₹3,255. Uncertainty level: LOW.",Low weather-disruption signal is present in the available weather data.,"The forecast indicates a downward market signal, so alternative market scenarios should be considered.","Wheat is forecast to decrease by 9.8% over the selected horizon. The estimated price range is ₹3,101 to ₹3,255. Uncertainty level: LOW. Low weather-disruption signal is present in the available weather data.","This is decision-support information, not a guarantee of future price, yield, revenue, or profit.",INFORMATIONAL_DECISION_SUPPORT,SYNTHETIC_DEMO_DATA,MODEL_FORECAST_DEMO,RULE_BASED_EXPLANATION
Bihar,Muzaffarpur,Wheat,3,2026-11-01,3507.947741935484,3104.9342201456257,3022.6394444444445,3188.2345508448543,-11.488583965264503,FALLING,LOW,LOW,0,SYNTHETIC_DEMO_DATA,Wheat is forecast to decrease by 11.5% over the selected horizon.,"The estimated price range is ₹3,023 to ₹3,188. Uncertainty level: LOW.",Low weather-disruption signal is present in the available weather data.,"The forecast indicates a downward market signal, so alternative market scenarios should be considered.","Wheat is forecast to decrease by 11.5% over the selected horizon. The estimated price range is ₹3,023 to ₹3,188. Uncertainty level: LOW. Low weather-disruption signal is present in the available weather data.","This is decision-support information, not a guarantee of future price, yield, revenue, or profit.",INFORMATIONAL_DECISION_SUPPORT,SYNTHETIC_DEMO_DATA,MODEL_FORECAST_DEMO,RULE_BASED_EXPLANATION
Bihar,Patna City,Onion,1,2026-09-01,3182.2125806451613,3276.6900665926187,3237.7660381720434,3314.0138669124426,2.968924405682005,RISING,LOW,LOW,0,SYNTHETIC_DEMO_DATA,Onion is forecast to increase by 3.0% over the selected horizon.,"The estimated price range is ₹3,238 to ₹3,314. Uncertainty level: LOW.",Low weather-disruption signal is present in the available weather data.,"The forecast indicates an upward market signal, but the uncertainty range should still be considered.","Onion is forecast to increase by 3.0% over the selected horizon. The estimated price range is ₹3,238 to ₹3,314. Uncertainty level: LOW. Low weather-disruption signal is present in the available weather data.","This is decision-support information, not a guarantee of future price, yield, revenue, or profit.",INFORMATIONAL_DECISION_SUPPORT,SYNTHETIC_DEMO_DATA,MODEL_FORECAST_DEMO,RULE_BASED_EXPLANATION
Bihar,Patna City,Onion,2,2026-10-01,3182.2125806451613,3365.8821489753727,3325.2308451612903,3393.5528119354835,5.77175671566776,RISING,LOW,LOW,0,SYNTHETIC_DEMO_DATA,Onion is forecast to increase by 5.8% over the selected horizon.,"The estimated price range is ₹3,325 to ₹3,394. Uncertainty level: LOW.",Low weather-disruption signal is present in the available weather data.,"The forecast indicates an upward market signal, but the uncertainty range should still be considered.","Onion is forecast to increase by 5.8% over the selected horizon. The estimated price range is ₹3,325 to ₹3,394. Uncertainty level: LOW. Low weather-disruption signal is present in the available weather data.","This is decision-support information, not a guarantee of future price, yield, revenue, or profit.",INFORMATIONAL_DECISION_SUPPORT,SYNTHETIC_DEMO_DATA,MODEL_FORECAST_DEMO,RULE_BASED_EXPLANATION
Bihar,Patna City,Onion,3,2026-11-01,3182.2125806451613,3387.177458346385,3339.3082289170507,3454.042032565284,6.440954917589728,RISING,LOW,LOW,0,SYNTHETIC_DEMO_DATA,Onion is forecast to increase by 6.4% over the selected horizon.,"The estimated price range is ₹3,339 to ₹3,454. Uncertainty level: LOW.",Low weather-disruption signal is present in the available weather data.,"The forecast indicates an upward market signal, but the uncertainty range should still be considered.","Onion is forecast to increase by 6.4% over the selected horizon. The estimated price range is ₹3,339 to ₹3,454. Uncertainty level: LOW. Low weather-disruption signal is present in the available weather data.","This is decision-support information, not a guarantee of future price, yield, revenue, or profit.",INFORMATIONAL_DECISION_SUPPORT,SYNTHETIC_DEMO_DATA,MODEL_FORECAST_DEMO,RULE_BASED_EXPLANATION
Bihar,Patna City,Potato,1,2026-09-01,1794.5729032258066,1759.8407993124863,1706.497393924731,1839.3762981182792,-1.9353966534816258,STABLE,LOW,LOW,0,SYNTHETIC_DEMO_DATA,"Potato is forecast to remain relatively stable, with an estimated change of -1.9%.","The estimated price range is ₹1,706 to ₹1,839. Uncertainty level: LOW.",Low weather-disruption signal is present in the available weather data.,The forecast indicates a relatively stable market signal. Use the uncertainty range for planning.,"Potato is forecast to remain relatively stable, with an estimated change of -1.9%. The estimated price range is ₹1,706 to ₹1,839. Uncertainty level: LOW. Low weather-disruption signal is present in the available weather data.","This is decision-support information, not a guarantee of future price, yield, revenue, or profit.",INFORMATIONAL_DECISION_SUPPORT,SYNTHETIC_DEMO_DATA,MODEL_FORECAST_DEMO,RULE_BASED_EXPLANATION
Bihar,Patna City,Potato,2,2026-10-01,1794.5729032258066,1703.5745408125415,1621.0414046594983,1808.726489919355,-5.070753171949294,FALLING,LOW,LOW,0,SYNTHETIC_DEMO_DATA,Potato is forecast to decrease by 5.1% over the selected horizon.,"The estimated price range is ₹1,621 to ₹1,809. Uncertainty level: LOW.",Low weather-disruption signal is present in the available weather data.,"The forecast indicates a downward market signal, so alternative market scenarios should be considered.","Potato is forecast to decrease by 5.1% over the selected horizon. The estimated price range is ₹1,621 to ₹1,809. Uncertainty level: LOW. Low weather-disruption signal is present in the available weather data.","This is decision-support information, not a guarantee of future price, yield, revenue, or profit.",INFORMATIONAL_DECISION_SUPPORT,SYNTHETIC_DEMO_DATA,MODEL_FORECAST_DEMO,RULE_BASED_EXPLANATION
Bihar,Patna City,Potato,3,2026-11-01,1794.5729032258066,1664.391036187963,1557.6071359447003,1780.503205376344,-7.254197742751896,FALLING,LOW,LOW,0,SYNTHETIC_DEMO_DATA,Potato is forecast to decrease by 7.3% over the selected horizon.,"The estimated price range is ₹1,558 to ₹1,781. Uncertainty level: LOW.",Low weather-disruption signal is present in the available weather data.,"The forecast indicates a downward market signal, so alternative market scenarios should be considered.","Potato is forecast to decrease by 7.3% over the selected horizon. The estimated price range is ₹1,558 to ₹1,781. Uncertainty level: LOW. Low weather-disruption signal is present in the available weather data.","This is decision-support information, not a guarantee of future price, yield, revenue, or profit.",INFORMATIONAL_DECISION_SUPPORT,SYNTHETIC_DEMO_DATA,MODEL_FORECAST_DEMO,RULE_BASED_EXPLANATION
Bihar,Patna City,Rice,1,2026-09-01,3834.096129032258,3763.068024417573,3712.31784762603,3818.313449193549,-1.8525384399428961,STABLE,LOW,LOW,0,SYNTHETIC_DEMO_DATA,"Rice is forecast to remain relatively stable, with an estimated change of -1.9%.","The estimated price range is ₹3,712 to ₹3,818. Uncertainty level: LOW.",Low weather-disruption signal is present in the available weather data.,The forecast indicates a relatively stable market signal. Use the uncertainty range for planning.,"Rice is forecast to remain relatively stable, with an estimated change of -1.9%. The estimated price range is ₹3,712 to ₹3,818. Uncertainty level: LOW. Low weather-disruption signal is present in the available weather data.","This is decision-support information, not a guarantee of future price, yield, revenue, or profit.",INFORMATIONAL_DECISION_SUPPORT,SYNTHETIC_DEMO_DATA,MODEL_FORECAST_DEMO,RULE_BASED_EXPLANATION
Bihar,Patna City,Rice,2,2026-10-01,3834.096129032258,3691.434661811198,3616.382674193548,3778.854532258064,-3.720863077501091,FALLING,LOW,LOW,0,SYNTHETIC_DEMO_DATA,Rice is forecast to decrease by 3.7% over the selected horizon.,"The estimated price range is ₹3,616 to ₹3,779. Uncertainty level: LOW.",Low weather-disruption signal is present in the available weather data.,"The forecast indicates a downward market signal, so alternative market scenarios should be considered.","Rice is forecast to decrease by 3.7% over the selected horizon. The estimated price range is ₹3,616 to ₹3,779. Uncertainty level: LOW. Low weather-disruption signal is present in the available weather data.","This is decision-support information, not a guarantee of future price, yield, revenue, or profit.",INFORMATIONAL_DECISION_SUPPORT,SYNTHETIC_DEMO_DATA,MODEL_FORECAST_DEMO,RULE_BASED_EXPLANATION
Bihar,Patna City,Rice,3,2026-11-01,3834.096129032258,3589.7283240730417,3534.9962862903226,3665.618485197132,-6.373544030595178,FALLING,LOW,LOW,0,SYNTHETIC_DEMO_DATA,Rice is forecast to decrease by 6.4% over the selected horizon.,"The estimated price range is ₹3,535 to ₹3,666. Uncertainty level: LOW.",Low weather-disruption signal is present in the available weather data.,"The forecast indicates a downward market signal, so alternative market scenarios should be considered.","Rice is forecast to decrease by 6.4% over the selected horizon. The estimated price range is ₹3,535 to ₹3,666. Uncertainty level: LOW. Low weather-disruption signal is present in the available weather data.","This is decision-support information, not a guarantee of future price, yield, revenue, or profit.",INFORMATIONAL_DECISION_SUPPORT,SYNTHETIC_DEMO_DATA,MODEL_FORECAST_DEMO,RULE_BASED_EXPLANATION
Bihar,Patna City,Tomato,1,2026-09-01,2136.7748387096776,2039.310483648425,2001.6046854838712,2107.8485916129034,-4.561283355438047,FALLING,LOW,LOW,0,SYNTHETIC_DEMO_DATA,Tomato is forecast to decrease by 4.6% over the selected horizon.,"The estimated price range is ₹2,002 to ₹2,108. Uncertainty level: LOW.",Low weather-disruption signal is present in the available weather data.,"The forecast indicates a downward market signal, so alternative market scenarios should be considered.","Tomato is forecast to decrease by 4.6% over the selected horizon. The estimated price range is ₹2,002 to ₹2,108. Uncertainty level: LOW. Low weather-disruption signal is present in the available weather data.","This is decision-support information, not a guarantee of future price, yield, revenue, or profit.",INFORMATIONAL_DECISION_SUPPORT,SYNTHETIC_DEMO_DATA,MODEL_FORECAST_DEMO,RULE_BASED_EXPLANATION
Bihar,Patna City,Tomato,2,2026-10-01,2136.7748387096776,1957.16693846154,1907.655201747312,2010.3646059139785,-8.405560426600514,FALLING,LOW,LOW,0,SYNTHETIC_DEMO_DATA,Tomato is forecast to decrease by 8.4% over the selected horizon.,"The estimated price range is ₹1,908 to ₹2,010. Uncertainty level: LOW.",Low weather-disruption signal is present in the available weather data.,"The forecast indicates a downward market signal, so alternative market scenarios should be considered.","Tomato is forecast to decrease by 8.4% over the selected horizon. The estimated price range is ₹1,908 to ₹2,010. Uncertainty level: LOW. Low weather-disruption signal is present in the available weather data.","This is decision-support information, not a guarantee of future price, yield, revenue, or profit.",INFORMATIONAL_DECISION_SUPPORT,SYNTHETIC_DEMO_DATA,MODEL_FORECAST_DEMO,RULE_BASED_EXPLANATION
Bihar,Patna City,Tomato,3,2026-11-01,2136.7748387096776,1877.6615951586616,1847.6309498655912,1907.7162148233488,-12.126370961363682,FALLING,LOW,LOW,0,SYNTHETIC_DEMO_DATA,Tomato is forecast to decrease by 12.1% over the selected horizon.,"The estimated price range is ₹1,848 to ₹1,908. Uncertainty level: LOW.",Low weather-disruption signal is present in the available weather data.,"The forecast indicates a downward market signal, so alternative market scenarios should be considered.","Tomato is forecast to decrease by 12.1% over the selected horizon. The estimated price range is ₹1,848 to ₹1,908. Uncertainty level: LOW. Low weather-disruption signal is present in the available weather data.","This is decision-support information, not a guarantee of future price, yield, revenue, or profit.",INFORMATIONAL_DECISION_SUPPORT,SYNTHETIC_DEMO_DATA,MODEL_FORECAST_DEMO,RULE_BASED_EXPLANATION
Bihar,Patna City,Wheat,1,2026-09-01,3143.7419354838707,3183.790245938336,3112.274167419355,3250.379045698925,1.273905787317782,STABLE,LOW,LOW,0,SYNTHETIC_DEMO_DATA,"Wheat is forecast to remain relatively stable, with an estimated change of +1.3%.","The estimated price range is ₹3,112 to ₹3,250. Uncertainty level: LOW.",Low weather-disruption signal is present in the available weather data.,The forecast indicates a relatively stable market signal. Use the uncertainty range for planning.,"Wheat is forecast to remain relatively stable, with an estimated change of +1.3%. The estimated price range is ₹3,112 to ₹3,250. Uncertainty level: LOW. Low weather-disruption signal is present in the available weather data.","This is decision-support information, not a guarantee of future price, yield, revenue, or profit.",INFORMATIONAL_DECISION_SUPPORT,SYNTHETIC_DEMO_DATA,MODEL_FORECAST_DEMO,RULE_BASED_EXPLANATION
Bihar,Patna City,Wheat,2,2026-10-01,3143.7419354838707,3325.986838523978,3238.246829032258,3425.7626555080096,5.797069440817725,RISING,LOW,LOW,0,SYNTHETIC_DEMO_DATA,Wheat is forecast to increase by 5.8% over the selected horizon.,"The estimated price range is ₹3,238 to ₹3,426. Uncertainty level: LOW.",Low weather-disruption signal is present in the available weather data.,"The forecast indicates an upward market signal, but the uncertainty range should still be considered.","Wheat is forecast to increase by 5.8% over the selected horizon. The estimated price range is ₹3,238 to ₹3,426. Uncertainty level: LOW. Low weather-disruption signal is present in the available weather data.","This is decision-support information, not a guarantee of future price, yield, revenue, or profit.",INFORMATIONAL_DECISION_SUPPORT,SYNTHETIC_DEMO_DATA,MODEL_FORECAST_DEMO,RULE_BASED_EXPLANATION
Bihar,Patna City,Wheat,3,2026-11-01,3143.7419354838707,3586.808173560276,3474.4250694470043,3656.568195340502,14.093594422476361,RISING,LOW,LOW,0,SYNTHETIC_DEMO_DATA,Wheat is forecast to increase by 14.1% over the selected horizon.,"The estimated price range is ₹3,474 to ₹3,657. Uncertainty level: LOW.",Low weather-disruption signal is present in the available weather data.,"The forecast indicates an upward market signal, but the uncertainty range should still be considered.","Wheat is forecast to increase by 14.1% over the selected horizon. The estimated price range is ₹3,474 to ₹3,657. Uncertainty level: LOW. Low weather-disruption signal is present in the available weather data.","This is decision-support information, not a guarantee of future price, yield, revenue, or profit.",INFORMATIONAL_DECISION_SUPPORT,SYNTHETIC_DEMO_DATA,MODEL_FORECAST_DEMO,RULE_BASED_EXPLANATION
Jharkhand,Dhanbad,Onion,1,2026-09-01,3211.674193548387,3297.1417146261697,3227.353826344086,3357.1729561290326,2.6611516588285937,RISING,LOW,LOW,0,SYNTHETIC_DEMO_DATA,Onion is forecast to increase by 2.7% over the selected horizon.,"The estimated price range is ₹3,227 to ₹3,357. Uncertainty level: LOW.",Low weather-disruption signal is present in the available weather data.,"The forecast indicates an upward market signal, but the uncertainty range should still be considered.","Onion is forecast to increase by 2.7% over the selected horizon. The estimated price range is ₹3,227 to ₹3,357. Uncertainty level: LOW. Low weather-disruption signal is present in the available weather data.","This is decision-support information, not a guarantee of future price, yield, revenue, or profit.",INFORMATIONAL_DECISION_SUPPORT,SYNTHETIC_DEMO_DATA,MODEL_FORECAST_DEMO,RULE_BASED_EXPLANATION
Jharkhand,Dhanbad,Onion,2,2026-10-01,3211.674193548387,3263.7635563071426,3214.655668556068,3329.3621625806454,1.6218756828881589,STABLE,LOW,LOW,0,SYNTHETIC_DEMO_DATA,"Onion is forecast to remain relatively stable, with an estimated change of +1.6%.","The estimated price range is ₹3,215 to ₹3,329. Uncertainty level: LOW.",Low weather-disruption signal is present in the available weather data.,The forecast indicates a relatively stable market signal. Use the uncertainty range for planning.,"Onion is forecast to remain relatively stable, with an estimated change of +1.6%. The estimated price range is ₹3,215 to ₹3,329. Uncertainty level: LOW. Low weather-disruption signal is present in the available weather data.","This is decision-support information, not a guarantee of future price, yield, revenue, or profit.",INFORMATIONAL_DECISION_SUPPORT,SYNTHETIC_DEMO_DATA,MODEL_FORECAST_DEMO,RULE_BASED_EXPLANATION
Jharkhand,Dhanbad,Onion,3,2026-11-01,3211.674193548387,3230.717587911261,3150.73274623656,3304.8043354838715,0.5929429081296128,STABLE,LOW,LOW,0,SYNTHETIC_DEMO_DATA,"Onion is forecast to remain relatively stable, with an estimated change of +0.6%.","The estimated price range is ₹3,151 to ₹3,305. Uncertainty level: LOW.",Low weather-disruption signal is present in the available weather data.,The forecast indicates a relatively stable market signal. Use the uncertainty range for planning.,"Onion is forecast to remain relatively stable, with an estimated change of +0.6%. The estimated price range is ₹3,151 to ₹3,305. Uncertainty level: LOW. Low weather-disruption signal is present in the available weather data.","This is decision-support information, not a guarantee of future price, yield, revenue, or profit.",INFORMATIONAL_DECISION_SUPPORT,SYNTHETIC_DEMO_DATA,MODEL_FORECAST_DEMO,RULE_BASED_EXPLANATION
Jharkhand,Dhanbad,Potato,1,2026-09-01,1805.4212903225805,1716.0150141245383,1691.8102362903223,1749.1555751440094,-4.952100469695229,FALLING,LOW,LOW,0,SYNTHETIC_DEMO_DATA,Potato is forecast to decrease by 5.0% over the selected horizon.,"The estimated price range is ₹1,692 to ₹1,749. Uncertainty level: LOW.",Low weather-disruption signal is present in the available weather data.,"The forecast indicates a downward market signal, so alternative market scenarios should be considered.","Potato is forecast to decrease by 5.0% over the selected horizon. The estimated price range is ₹1,692 to ₹1,749. Uncertainty level: LOW. Low weather-disruption signal is present in the available weather data.","This is decision-support information, not a guarantee of future price, yield, revenue, or profit.",INFORMATIONAL_DECISION_SUPPORT,SYNTHETIC_DEMO_DATA,MODEL_FORECAST_DEMO,RULE_BASED_EXPLANATION
Jharkhand,Dhanbad,Potato,2,2026-10-01,1805.4212903225805,1650.5707926562227,1594.0991658602152,1730.5998182192234,-8.57697305866434,FALLING,LOW,LOW,0,SYNTHETIC_DEMO_DATA,Potato is forecast to decrease by 8.6% over the selected horizon.,"The estimated price range is ₹1,594 to ₹1,731. Uncertainty level: LOW.",Low weather-disruption signal is present in the available weather data.,"The forecast indicates a downward market signal, so alternative market scenarios should be considered.","Potato is forecast to decrease by 8.6% over the selected horizon. The estimated price range is ₹1,594 to ₹1,731. Uncertainty level: LOW. Low weather-disruption signal is present in the available weather data.","This is decision-support information, not a guarantee of future price, yield, revenue, or profit.",INFORMATIONAL_DECISION_SUPPORT,SYNTHETIC_DEMO_DATA,MODEL_FORECAST_DEMO,RULE_BASED_EXPLANATION
Jharkhand,Dhanbad,Potato,3,2026-11-01,1805.4212903225805,1597.5335230128064,1561.3389124253288,1654.7199161290323,-11.514640290556786,FALLING,LOW,LOW,0,SYNTHETIC_DEMO_DATA,Potato is forecast to decrease by 11.5% over the selected horizon.,"The estimated price range is ₹1,561 to ₹1,655. Uncertainty level: LOW.",Low weather-disruption signal is present in the available weather data.,"The forecast indicates a downward market signal, so alternative market scenarios should be considered.","Potato is forecast to decrease by 11.5% over the selected horizon. The estimated price range is ₹1,561 to ₹1,655. Uncertainty level: LOW. Low weather-disruption signal is present in the available weather data.","This is decision-support information, not a guarantee of future price, yield, revenue, or profit.",INFORMATIONAL_DECISION_SUPPORT,SYNTHETIC_DEMO_DATA,MODEL_FORECAST_DEMO,RULE_BASED_EXPLANATION
Jharkhand,Dhanbad,Rice,1,2026-09-01,3546.389677419355,3591.084221036537,3535.872129185868,3678.895887557604,1.2602829266553046,STABLE,LOW,LOW,0,SYNTHETIC_DEMO_DATA,"Rice is forecast to remain relatively stable, with an estimated change of +1.3%.","The estimated price range is ₹3,536 to ₹3,679. Uncertainty level: LOW.",Low weather-disruption signal is present in the available weather data.,The forecast indicates a relatively stable market signal. Use the uncertainty range for planning.,"Rice is forecast to remain relatively stable, with an estimated change of +1.3%. The estimated price range is ₹3,536 to ₹3,679. Uncertainty level: LOW. Low weather-disruption signal is present in the available weather data.","This is decision-support information, not a guarantee of future price, yield, revenue, or profit.",INFORMATIONAL_DECISION_SUPPORT,SYNTHETIC_DEMO_DATA,MODEL_FORECAST_DEMO,RULE_BASED_EXPLANATION
Jharkhand,Dhanbad,Rice,2,2026-10-01,3546.389677419355,3564.962388666924,3515.165107580645,3646.2566755299536,0.5237075712752551,STABLE,LOW,LOW,0,SYNTHETIC_DEMO_DATA,"Rice is forecast to remain relatively stable, with an estimated change of +0.5%.","The estimated price range is ₹3,515 to ₹3,646. Uncertainty level: LOW.",Low weather-disruption signal is present in the available weather data.,The forecast indicates a relatively stable market signal. Use the uncertainty range for planning.,"Rice is forecast to remain relatively stable, with an estimated change of +0.5%. The estimated price range is ₹3,515 to ₹3,646. Uncertainty level: LOW. Low weather-disruption signal is present in the available weather data.","This is decision-support information, not a guarantee of future price, yield, revenue, or profit.",INFORMATIONAL_DECISION_SUPPORT,SYNTHETIC_DEMO_DATA,MODEL_FORECAST_DEMO,RULE_BASED_EXPLANATION
Jharkhand,Dhanbad,Rice,3,2026-11-01,3546.389677419355,3447.162940521945,3392.86592655914,3531.5956797235026,-2.7979648578724547,FALLING,LOW,LOW,0,SYNTHETIC_DEMO_DATA,Rice is forecast to decrease by 2.8% over the selected horizon.,"The estimated price range is ₹3,393 to ₹3,532. Uncertainty level: LOW.",Low weather-disruption signal is present in the available weather data.,"The forecast indicates a downward market signal, so alternative market scenarios should be considered.","Rice is forecast to decrease by 2.8% over the selected horizon. The estimated price range is ₹3,393 to ₹3,532. Uncertainty level: LOW. Low weather-disruption signal is present in the available weather data.","This is decision-support information, not a guarantee of future price, yield, revenue, or profit.",INFORMATIONAL_DECISION_SUPPORT,SYNTHETIC_DEMO_DATA,MODEL_FORECAST_DEMO,RULE_BASED_EXPLANATION
Jharkhand,Dhanbad,Tomato,1,2026-09-01,2054.6167741935483,2122.219612111548,2083.0491836661545,2179.661234767025,3.2902893993228663,RISING,LOW,LOW,0,SYNTHETIC_DEMO_DATA,Tomato is forecast to increase by 3.3% over the selected horizon.,"The estimated price range is ₹2,083 to ₹2,180. Uncertainty level: LOW.",Low weather-disruption signal is present in the available weather data.,"The forecast indicates an upward market signal, but the uncertainty range should still be considered.","Tomato is forecast to increase by 3.3% over the selected horizon. The estimated price range is ₹2,083 to ₹2,180. Uncertainty level: LOW. Low weather-disruption signal is present in the available weather data.","This is decision-support information, not a guarantee of future price, yield, revenue, or profit.",INFORMATIONAL_DECISION_SUPPORT,SYNTHETIC_DEMO_DATA,MODEL_FORECAST_DEMO,RULE_BASED_EXPLANATION
Jharkhand,Dhanbad,Tomato,2,2026-10-01,2054.6167741935483,2121.062649987515,2081.2905808064515,2165.322177419355,3.233979038258724,RISING,LOW,LOW,0,SYNTHETIC_DEMO_DATA,Tomato is forecast to increase by 3.2% over the selected horizon.,"The estimated price range is ₹2,081 to ₹2,165. Uncertainty level: LOW.",Low weather-disruption signal is present in the available weather data.,"The forecast indicates an upward market signal, but the uncertainty range should still be considered.","Tomato is forecast to increase by 3.2% over the selected horizon. The estimated price range is ₹2,081 to ₹2,165. Uncertainty level: LOW. Low weather-disruption signal is present in the available weather data.","This is decision-support information, not a guarantee of future price, yield, revenue, or profit.",INFORMATIONAL_DECISION_SUPPORT,SYNTHETIC_DEMO_DATA,MODEL_FORECAST_DEMO,RULE_BASED_EXPLANATION
Jharkhand,Dhanbad,Tomato,3,2026-11-01,2054.6167741935483,2098.914840394919,2055.698776344086,2147.4646340053764,2.1560257249801684,RISING,LOW,LOW,0,SYNTHETIC_DEMO_DATA,Tomato is forecast to increase by 2.2% over the selected horizon.,"The estimated price range is ₹2,056 to ₹2,147. Uncertainty level: LOW.",Low weather-disruption signal is present in the available weather data.,"The forecast indicates an upward market signal, but the uncertainty range should still be considered.","Tomato is forecast to increase by 2.2% over the selected horizon. The estimated price range is ₹2,056 to ₹2,147. Uncertainty level: LOW. Low weather-disruption signal is present in the available weather data.","This is decision-support information, not a guarantee of future price, yield, revenue, or profit.",INFORMATIONAL_DECISION_SUPPORT,SYNTHETIC_DEMO_DATA,MODEL_FORECAST_DEMO,RULE_BASED_EXPLANATION
Jharkhand,Dhanbad,Wheat,1,2026-09-01,3361.419032258065,3475.906521048797,3429.687137781036,3517.238739872565,3.405927309033654,RISING,LOW,LOW,0,SYNTHETIC_DEMO_DATA,Wheat is forecast to increase by 3.4% over the selected horizon.,"The estimated price range is ₹3,430 to ₹3,517. Uncertainty level: LOW.",Low weather-disruption signal is present in the available weather data.,"The forecast indicates an upward market signal, but the uncertainty range should still be considered.","Wheat is forecast to increase by 3.4% over the selected horizon. The estimated price range is ₹3,430 to ₹3,517. Uncertainty level: LOW. Low weather-disruption signal is present in the available weather data.","This is decision-support information, not a guarantee of future price, yield, revenue, or profit.",INFORMATIONAL_DECISION_SUPPORT,SYNTHETIC_DEMO_DATA,MODEL_FORECAST_DEMO,RULE_BASED_EXPLANATION
Jharkhand,Dhanbad,Wheat,2,2026-10-01,3361.419032258065,3651.391045974594,3597.414852956989,3732.553120967742,8.626476227265771,RISING,LOW,LOW,0,SYNTHETIC_DEMO_DATA,Wheat is forecast to increase by 8.6% over the selected horizon.,"The estimated price range is ₹3,597 to ₹3,733. Uncertainty level: LOW.",Low weather-disruption signal is present in the available weather data.,"The forecast indicates an upward market signal, but the uncertainty range should still be considered.","Wheat is forecast to increase by 8.6% over the selected horizon. The estimated price range is ₹3,597 to ₹3,733. Uncertainty level: LOW. Low weather-disruption signal is present in the available weather data.","This is decision-support information, not a guarantee of future price, yield, revenue, or profit.",INFORMATIONAL_DECISION_SUPPORT,SYNTHETIC_DEMO_DATA,MODEL_FORECAST_DEMO,RULE_BASED_EXPLANATION
Jharkhand,Dhanbad,Wheat,3,2026-11-01,3361.419032258065,3773.422224627522,3722.702667741936,3820.214146390169,12.256823336086436,RISING,LOW,LOW,0,SYNTHETIC_DEMO_DATA,Wheat is forecast to increase by 12.3% over the selected horizon.,"The estimated price range is ₹3,723 to ₹3,820. Uncertainty level: LOW.",Low weather-disruption signal is present in the available weather data.,"The forecast indicates an upward market signal, but the uncertainty range should still be considered.","Wheat is forecast to increase by 12.3% over the selected horizon. The estimated price range is ₹3,723 to ₹3,820. Uncertainty level: LOW. Low weather-disruption signal is present in the available weather data.","This is decision-support information, not a guarantee of future price, yield, revenue, or profit.",INFORMATIONAL_DECISION_SUPPORT,SYNTHETIC_DEMO_DATA,MODEL_FORECAST_DEMO,RULE_BASED_EXPLANATION
Jharkhand,Jamshedpur,Onion,1,2026-09-01,2985.169032258065,2910.329725118361,2855.883414784946,2959.066641251222,-2.5070375020972766,FALLING,LOW,LOW,0,SYNTHETIC_DEMO_DATA,Onion is forecast to decrease by 2.5% over the selected horizon.,"The estimated price range is ₹2,856 to ₹2,959. Uncertainty level: LOW.",Low weather-disruption signal is present in the available weather data.,"The forecast indicates a downward market signal, so alternative market scenarios should be considered.","Onion is forecast to decrease by 2.5% over the selected horizon. The estimated price range is ₹2,856 to ₹2,959. Uncertainty level: LOW. Low weather-disruption signal is present in the available weather data.","This is decision-support information, not a guarantee of future price, yield, revenue, or profit.",INFORMATIONAL_DECISION_SUPPORT,SYNTHETIC_DEMO_DATA,MODEL_FORECAST_DEMO,RULE_BASED_EXPLANATION
Jharkhand,Jamshedpur,Onion,2,2026-10-01,2985.169032258065,2933.3116397124904,2859.367324516129,3009.0434248387096,-1.7371677109469414,STABLE,LOW,LOW,0,SYNTHETIC_DEMO_DATA,"Onion is forecast to remain relatively stable, with an estimated change of -1.7%.","The estimated price range is ₹2,859 to ₹3,009. Uncertainty level: LOW.",Low weather-disruption signal is present in the available weather data.,The forecast indicates a relatively stable market signal. Use the uncertainty range for planning.,"Onion is forecast to remain relatively stable, with an estimated change of -1.7%. The estimated price range is ₹2,859 to ₹3,009. Uncertainty level: LOW. Low weather-disruption signal is present in the available weather data.","This is decision-support information, not a guarantee of future price, yield, revenue, or profit.",INFORMATIONAL_DECISION_SUPPORT,SYNTHETIC_DEMO_DATA,MODEL_FORECAST_DEMO,RULE_BASED_EXPLANATION
Jharkhand,Jamshedpur,Onion,3,2026-11-01,2985.169032258065,3026.2868938139723,2947.1561596774195,3135.437364874552,1.3774048005852702,STABLE,LOW,LOW,0,SYNTHETIC_DEMO_DATA,"Onion is forecast to remain relatively stable, with an estimated change of +1.4%.","The estimated price range is ₹2,947 to ₹3,135. Uncertainty level: LOW.",Low weather-disruption signal is present in the available weather data.,The forecast indicates a relatively stable market signal. Use the uncertainty range for planning.,"Onion is forecast to remain relatively stable, with an estimated change of +1.4%. The estimated price range is ₹2,947 to ₹3,135. Uncertainty level: LOW. Low weather-disruption signal is present in the available weather data.","This is decision-support information, not a guarantee of future price, yield, revenue, or profit.",INFORMATIONAL_DECISION_SUPPORT,SYNTHETIC_DEMO_DATA,MODEL_FORECAST_DEMO,RULE_BASED_EXPLANATION
Jharkhand,Jamshedpur,Potato,1,2026-09-01,1573.6029032258066,1517.1804951243553,1486.292603686636,1555.5648846953409,-3.585555668827772,FALLING,LOW,LOW,0,SYNTHETIC_DEMO_DATA,Potato is forecast to decrease by 3.6% over the selected horizon.,"The estimated price range is ₹1,486 to ₹1,556. Uncertainty level: LOW.",Low weather-disruption signal is present in the available weather data.,"The forecast indicates a downward market signal, so alternative market scenarios should be considered.","Potato is forecast to decrease by 3.6% over the selected horizon. The estimated price range is ₹1,486 to ₹1,556. Uncertainty level: LOW. Low weather-disruption signal is present in the available weather data.","This is decision-support information, not a guarantee of future price, yield, revenue, or profit.",INFORMATIONAL_DECISION_SUPPORT,SYNTHETIC_DEMO_DATA,MODEL_FORECAST_DEMO,RULE_BASED_EXPLANATION
Jharkhand,Jamshedpur,Potato,2,2026-10-01,1573.6029032258066,1495.6303939645406,1440.7592229390682,1533.0543034946234,-4.95503084681823,FALLING,LOW,LOW,0,SYNTHETIC_DEMO_DATA,Potato is forecast to decrease by 5.0% over the selected horizon.,"The estimated price range is ₹1,441 to ₹1,533. Uncertainty level: LOW.",Low weather-disruption signal is present in the available weather data.,"The forecast indicates a downward market signal, so alternative market scenarios should be considered.","Potato is forecast to decrease by 5.0% over the selected horizon. The estimated price range is ₹1,441 to ₹1,533. Uncertainty level: LOW. Low weather-disruption signal is present in the available weather data.","This is decision-support information, not a guarantee of future price, yield, revenue, or profit.",INFORMATIONAL_DECISION_SUPPORT,SYNTHETIC_DEMO_DATA,MODEL_FORECAST_DEMO,RULE_BASED_EXPLANATION
Jharkhand,Jamshedpur,Potato,3,2026-11-01,1573.6029032258066,1496.796878963191,1447.410616845878,1551.474783333333,-4.88090255204583,FALLING,LOW,LOW,0,SYNTHETIC_DEMO_DATA,Potato is forecast to decrease by 4.9% over the selected horizon.,"The estimated price range is ₹1,447 to ₹1,551. Uncertainty level: LOW.",Low weather-disruption signal is present in the available weather data.,"The forecast indicates a downward market signal, so alternative market scenarios should be considered.","Potato is forecast to decrease by 4.9% over the selected horizon. The estimated price range is ₹1,447 to ₹1,551. Uncertainty level: LOW. Low weather-disruption signal is present in the available weather data.","This is decision-support information, not a guarantee of future price, yield, revenue, or profit.",INFORMATIONAL_DECISION_SUPPORT,SYNTHETIC_DEMO_DATA,MODEL_FORECAST_DEMO,RULE_BASED_EXPLANATION
Jharkhand,Jamshedpur,Rice,1,2026-09-01,3284.445806451613,3438.3445363136907,3380.1511372247824,3495.948151438106,4.685683336889761,RISING,LOW,LOW,0,SYNTHETIC_DEMO_DATA,Rice is forecast to increase by 4.7% over the selected horizon.,"The estimated price range is ₹3,380 to ₹3,496. Uncertainty level: LOW.",Low weather-disruption signal is present in the available weather data.,"The forecast indicates an upward market signal, but the uncertainty range should still be considered.","Rice is forecast to increase by 4.7% over the selected horizon. The estimated price range is ₹3,380 to ₹3,496. Uncertainty level: LOW. Low weather-disruption signal is present in the available weather data.","This is decision-support information, not a guarantee of future price, yield, revenue, or profit.",INFORMATIONAL_DECISION_SUPPORT,SYNTHETIC_DEMO_DATA,MODEL_FORECAST_DEMO,RULE_BASED_EXPLANATION
Jharkhand,Jamshedpur,Rice,2,2026-10-01,3284.445806451613,3649.647796119473,3564.74805542522,3742.211792114695,11.119135805209398,RISING,LOW,LOW,0,SYNTHETIC_DEMO_DATA,Rice is forecast to increase by 11.1% over the selected horizon.,"The estimated price range is ₹3,565 to ₹3,742. Uncertainty level: LOW.",Low weather-disruption signal is present in the available weather data.,"The forecast indicates an upward market signal, but the uncertainty range should still be considered.","Rice is forecast to increase by 11.1% over the selected horizon. The estimated price range is ₹3,565 to ₹3,742. Uncertainty level: LOW. Low weather-disruption signal is present in the available weather data.","This is decision-support information, not a guarantee of future price, yield, revenue, or profit.",INFORMATIONAL_DECISION_SUPPORT,SYNTHETIC_DEMO_DATA,MODEL_FORECAST_DEMO,RULE_BASED_EXPLANATION
Jharkhand,Jamshedpur,Rice,3,2026-11-01,3284.445806451613,3763.604590245442,3713.763801075269,3812.933414623656,14.588725527229618,RISING,LOW,LOW,0,SYNTHETIC_DEMO_DATA,Rice is forecast to increase by 14.6% over the selected horizon.,"The estimated price range is ₹3,714 to ₹3,813. Uncertainty level: LOW.",Low weather-disruption signal is present in the available weather data.,"The forecast indicates an upward market signal, but the uncertainty range should still be considered.","Rice is forecast to increase by 14.6% over the selected horizon. The estimated price range is ₹3,714 to ₹3,813. Uncertainty level: LOW. Low weather-disruption signal is present in the available weather data.","This is decision-support information, not a guarantee of future price, yield, revenue, or profit.",INFORMATIONAL_DECISION_SUPPORT,SYNTHETIC_DEMO_DATA,MODEL_FORECAST_DEMO,RULE_BASED_EXPLANATION
Jharkhand,Jamshedpur,Tomato,1,2026-09-01,2066.0709677419354,2132.6224203421,2093.305732019116,2172.8062503225806,3.2211600491584598,RISING,LOW,LOW,0,SYNTHETIC_DEMO_DATA,Tomato is forecast to increase by 3.2% over the selected horizon.,"The estimated price range is ₹2,093 to ₹2,173. Uncertainty level: LOW.",Low weather-disruption signal is present in the available weather data.,"The forecast indicates an upward market signal, but the uncertainty range should still be considered.","Tomato is forecast to increase by 3.2% over the selected horizon. The estimated price range is ₹2,093 to ₹2,173. Uncertainty level: LOW. Low weather-disruption signal is present in the available weather data.","This is decision-support information, not a guarantee of future price, yield, revenue, or profit.",INFORMATIONAL_DECISION_SUPPORT,SYNTHETIC_DEMO_DATA,MODEL_FORECAST_DEMO,RULE_BASED_EXPLANATION
Jharkhand,Jamshedpur,Tomato,2,2026-10-01,2066.0709677419354,2166.2130134549984,2117.8580045161293,2223.799864650538,4.846979957446037,RISING,LOW,LOW,0,SYNTHETIC_DEMO_DATA,Tomato is forecast to increase by 4.8% over the selected horizon.,"The estimated price range is ₹2,118 to ₹2,224. Uncertainty level: LOW.",Low weather-disruption signal is present in the available weather data.,"The forecast indicates an upward market signal, but the uncertainty range should still be considered.","Tomato is forecast to increase by 4.8% over the selected horizon. The estimated price range is ₹2,118 to ₹2,224. Uncertainty level: LOW. Low weather-disruption signal is present in the available weather data.","This is decision-support information, not a guarantee of future price, yield, revenue, or profit.",INFORMATIONAL_DECISION_SUPPORT,SYNTHETIC_DEMO_DATA,MODEL_FORECAST_DEMO,RULE_BASED_EXPLANATION
Jharkhand,Jamshedpur,Tomato,3,2026-11-01,2066.0709677419354,2181.366436011684,2133.425535752688,2233.9775544354834,5.58042148938176,RISING,LOW,LOW,0,SYNTHETIC_DEMO_DATA,Tomato is forecast to increase by 5.6% over the selected horizon.,"The estimated price range is ₹2,133 to ₹2,234. Uncertainty level: LOW.",Low weather-disruption signal is present in the available weather data.,"The forecast indicates an upward market signal, but the uncertainty range should still be considered.","Tomato is forecast to increase by 5.6% over the selected horizon. The estimated price range is ₹2,133 to ₹2,234. Uncertainty level: LOW. Low weather-disruption signal is present in the available weather data.","This is decision-support information, not a guarantee of future price, yield, revenue, or profit.",INFORMATIONAL_DECISION_SUPPORT,SYNTHETIC_DEMO_DATA,MODEL_FORECAST_DEMO,RULE_BASED_EXPLANATION
Jharkhand,Jamshedpur,Wheat,1,2026-09-01,3126.059677419355,3257.3747463147606,3198.414708736559,3318.205679922136,4.200657775151934,RISING,LOW,LOW,0,SYNTHETIC_DEMO_DATA,Wheat is forecast to increase by 4.2% over the selected horizon.,"The estimated price range is ₹3,198 to ₹3,318. Uncertainty level: LOW.",Low weather-disruption signal is present in the available weather data.,"The forecast indicates an upward market signal, but the uncertainty range should still be considered.","Wheat is forecast to increase by 4.2% over the selected horizon. The estimated price range is ₹3,198 to ₹3,318. Uncertainty level: LOW. Low weather-disruption signal is present in the available weather data.","This is decision-support information, not a guarantee of future price, yield, revenue, or profit.",INFORMATIONAL_DECISION_SUPPORT,SYNTHETIC_DEMO_DATA,MODEL_FORECAST_DEMO,RULE_BASED_EXPLANATION
Jharkhand,Jamshedpur,Wheat,2,2026-10-01,3126.059677419355,3452.954566342776,3410.4655,3536.363187615208,10.457090479900293,RISING,LOW,LOW,0,SYNTHETIC_DEMO_DATA,Wheat is forecast to increase by 10.5% over the selected horizon.,"The estimated price range is ₹3,410 to ₹3,536. Uncertainty level: LOW.",Low weather-disruption signal is present in the available weather data.,"The forecast indicates an upward market signal, but the uncertainty range should still be considered.","Wheat is forecast to increase by 10.5% over the selected horizon. The estimated price range is ₹3,410 to ₹3,536. Uncertainty level: LOW. Low weather-disruption signal is present in the available weather data.","This is decision-support information, not a guarantee of future price, yield, revenue, or profit.",INFORMATIONAL_DECISION_SUPPORT,SYNTHETIC_DEMO_DATA,MODEL_FORECAST_DEMO,RULE_BASED_EXPLANATION
Jharkhand,Jamshedpur,Wheat,3,2026-11-01,3126.059677419355,3628.531169457712,3557.4274726574504,3706.173481413211,16.0736372266943,RISING,LOW,LOW,0,SYNTHETIC_DEMO_DATA,Wheat is forecast to increase by 16.1% over the selected horizon.,"The estimated price range is ₹3,557 to ₹3,706. Uncertainty level: LOW.",Low weather-disruption signal is present in the available weather data.,"The forecast indicates an upward market signal, but the uncertainty range should still be considered.","Wheat is forecast to increase by 16.1% over the selected horizon. The estimated price range is ₹3,557 to ₹3,706. Uncertainty level: LOW. Low weather-disruption signal is present in the available weather data.","This is decision-support information, not a guarantee of future price, yield, revenue, or profit.",INFORMATIONAL_DECISION_SUPPORT,SYNTHETIC_DEMO_DATA,MODEL_FORECAST_DEMO,RULE_BASED_EXPLANATION
Jharkhand,Ranchi,Onion,1,2026-09-01,3204.0106451612905,3332.9149727362114,3296.232047715054,3381.084444560816,4.0232178307395055,RISING,LOW,LOW,0,SYNTHETIC_DEMO_DATA,Onion is forecast to increase by 4.0% over the selected horizon.,"The estimated price range is ₹3,296 to ₹3,381. Uncertainty level: LOW.",Low weather-disruption signal is present in the available weather data.,"The forecast indicates an upward market signal, but the uncertainty range should still be considered.","Onion is forecast to increase by 4.0% over the selected horizon. The estimated price range is ₹3,296 to ₹3,381. Uncertainty level: LOW. Low weather-disruption signal is present in the available weather data.","This is decision-support information, not a guarantee of future price, yield, revenue, or profit.",INFORMATIONAL_DECISION_SUPPORT,SYNTHETIC_DEMO_DATA,MODEL_FORECAST_DEMO,RULE_BASED_EXPLANATION
Jharkhand,Ranchi,Onion,2,2026-10-01,3204.0106451612905,3413.61255362414,3370.273396313364,3463.238008064517,6.541860551536908,RISING,LOW,LOW,0,SYNTHETIC_DEMO_DATA,Onion is forecast to increase by 6.5% over the selected horizon.,"The estimated price range is ₹3,370 to ₹3,463. Uncertainty level: LOW.",Low weather-disruption signal is present in the available weather data.,"The forecast indicates an upward market signal, but the uncertainty range should still be considered.","Onion is forecast to increase by 6.5% over the selected horizon. The estimated price range is ₹3,370 to ₹3,463. Uncertainty level: LOW. Low weather-disruption signal is present in the available weather data.","This is decision-support information, not a guarantee of future price, yield, revenue, or profit.",INFORMATIONAL_DECISION_SUPPORT,SYNTHETIC_DEMO_DATA,MODEL_FORECAST_DEMO,RULE_BASED_EXPLANATION
Jharkhand,Ranchi,Onion,3,2026-11-01,3204.0106451612905,3432.443632436271,3378.97001172043,3477.5971477534563,7.12959514101368,RISING,LOW,LOW,0,SYNTHETIC_DEMO_DATA,Onion is forecast to increase by 7.1% over the selected horizon.,"The estimated price range is ₹3,379 to ₹3,478. Uncertainty level: LOW.",Low weather-disruption signal is present in the available weather data.,"The forecast indicates an upward market signal, but the uncertainty range should still be considered.","Onion is forecast to increase by 7.1% over the selected horizon. The estimated price range is ₹3,379 to ₹3,478. Uncertainty level: LOW. Low weather-disruption signal is present in the available weather data.","This is decision-support information, not a guarantee of future price, yield, revenue, or profit.",INFORMATIONAL_DECISION_SUPPORT,SYNTHETIC_DEMO_DATA,MODEL_FORECAST_DEMO,RULE_BASED_EXPLANATION
Jharkhand,Ranchi,Potato,1,2026-09-01,1445.6093548387096,1442.311400991455,1425.5861158064515,1461.654028870968,-0.22813589551117264,STABLE,LOW,LOW,0,SYNTHETIC_DEMO_DATA,"Potato is forecast to remain relatively stable, with an estimated change of -0.2%.","The estimated price range is ₹1,426 to ₹1,462. Uncertainty level: LOW.",Low weather-disruption signal is present in the available weather data.,The forecast indicates a relatively stable market signal. Use the uncertainty range for planning.,"Potato is forecast to remain relatively stable, with an estimated change of -0.2%. The estimated price range is ₹1,426 to ₹1,462. Uncertainty level: LOW. Low weather-disruption signal is present in the available weather data.","This is decision-support information, not a guarantee of future price, yield, revenue, or profit.",INFORMATIONAL_DECISION_SUPPORT,SYNTHETIC_DEMO_DATA,MODEL_FORECAST_DEMO,RULE_BASED_EXPLANATION
Jharkhand,Ranchi,Potato,2,2026-10-01,1445.6093548387096,1468.9172295679612,1436.753050015361,1510.790652016129,1.6123217971187036,STABLE,LOW,LOW,0,SYNTHETIC_DEMO_DATA,"Potato is forecast to remain relatively stable, with an estimated change of +1.6%.","The estimated price range is ₹1,437 to ₹1,511. Uncertainty level: LOW.",Low weather-disruption signal is present in the available weather data.,The forecast indicates a relatively stable market signal. Use the uncertainty range for planning.,"Potato is forecast to remain relatively stable, with an estimated change of +1.6%. The estimated price range is ₹1,437 to ₹1,511. Uncertainty level: LOW. Low weather-disruption signal is present in the available weather data.","This is decision-support information, not a guarantee of future price, yield, revenue, or profit.",INFORMATIONAL_DECISION_SUPPORT,SYNTHETIC_DEMO_DATA,MODEL_FORECAST_DEMO,RULE_BASED_EXPLANATION
Jharkhand,Ranchi,Potato,3,2026-11-01,1445.6093548387096,1541.1663099565478,1499.649126314827,1599.00604327957,6.610150577539656,RISING,LOW,LOW,0,SYNTHETIC_DEMO_DATA,Potato is forecast to increase by 6.6% over the selected horizon.,"The estimated price range is ₹1,500 to ₹1,599. Uncertainty level: LOW.",Low weather-disruption signal is present in the available weather data.,"The forecast indicates an upward market signal, but the uncertainty range should still be considered.","Potato is forecast to increase by 6.6% over the selected horizon. The estimated price range is ₹1,500 to ₹1,599. Uncertainty level: LOW. Low weather-disruption signal is present in the available weather data.","This is decision-support information, not a guarantee of future price, yield, revenue, or profit.",INFORMATIONAL_DECISION_SUPPORT,SYNTHETIC_DEMO_DATA,MODEL_FORECAST_DEMO,RULE_BASED_EXPLANATION
Jharkhand,Ranchi,Rice,1,2026-09-01,3673.556129032258,3704.279418020901,3633.112947741936,3763.146598709678,0.8363364519146939,STABLE,LOW,LOW,0,SYNTHETIC_DEMO_DATA,"Rice is forecast to remain relatively stable, with an estimated change of +0.8%.","The estimated price range is ₹3,633 to ₹3,763. Uncertainty level: LOW.",Low weather-disruption signal is present in the available weather data.,The forecast indicates a relatively stable market signal. Use the uncertainty range for planning.,"Rice is forecast to remain relatively stable, with an estimated change of +0.8%. The estimated price range is ₹3,633 to ₹3,763. Uncertainty level: LOW. Low weather-disruption signal is present in the available weather data.","This is decision-support information, not a guarantee of future price, yield, revenue, or profit.",INFORMATIONAL_DECISION_SUPPORT,SYNTHETIC_DEMO_DATA,MODEL_FORECAST_DEMO,RULE_BASED_EXPLANATION
Jharkhand,Ranchi,Rice,2,2026-10-01,3673.556129032258,3677.737370715762,3600.064956003584,3737.4200668202766,0.11382000265246048,STABLE,LOW,LOW,0,SYNTHETIC_DEMO_DATA,"Rice is forecast to remain relatively stable, with an estimated change of +0.1%.","The estimated price range is ₹3,600 to ₹3,737. Uncertainty level: LOW.",Low weather-disruption signal is present in the available weather data.,The forecast indicates a relatively stable market signal. Use the uncertainty range for planning.,"Rice is forecast to remain relatively stable, with an estimated change of +0.1%. The estimated price range is ₹3,600 to ₹3,737. Uncertainty level: LOW. Low weather-disruption signal is present in the available weather data.","This is decision-support information, not a guarantee of future price, yield, revenue, or profit.",INFORMATIONAL_DECISION_SUPPORT,SYNTHETIC_DEMO_DATA,MODEL_FORECAST_DEMO,RULE_BASED_EXPLANATION
Jharkhand,Ranchi,Rice,3,2026-11-01,3673.556129032258,3562.0286315498274,3474.213698986175,3662.429062903225,-3.0359546326521163,FALLING,LOW,LOW,0,SYNTHETIC_DEMO_DATA,Rice is forecast to decrease by 3.0% over the selected horizon.,"The estimated price range is ₹3,474 to ₹3,662. Uncertainty level: LOW.",Low weather-disruption signal is present in the available weather data.,"The forecast indicates a downward market signal, so alternative market scenarios should be considered.","Rice is forecast to decrease by 3.0% over the selected horizon. The estimated price range is ₹3,474 to ₹3,662. Uncertainty level: LOW. Low weather-disruption signal is present in the available weather data.","This is decision-support information, not a guarantee of future price, yield, revenue, or profit.",INFORMATIONAL_DECISION_SUPPORT,SYNTHETIC_DEMO_DATA,MODEL_FORECAST_DEMO,RULE_BASED_EXPLANATION
Jharkhand,Ranchi,Tomato,1,2026-09-01,1601.7548387096774,1624.0135999335885,1584.6882930645163,1657.9259327956993,1.389648445940828,STABLE,LOW,LOW,0,SYNTHETIC_DEMO_DATA,"Tomato is forecast to remain relatively stable, with an estimated change of +1.4%.","The estimated price range is ₹1,585 to ₹1,658. Uncertainty level: LOW.",Low weather-disruption signal is present in the available weather data.,The forecast indicates a relatively stable market signal. Use the uncertainty range for planning.,"Tomato is forecast to remain relatively stable, with an estimated change of +1.4%. The estimated price range is ₹1,585 to ₹1,658. Uncertainty level: LOW. Low weather-disruption signal is present in the available weather data.","This is decision-support information, not a guarantee of future price, yield, revenue, or profit.",INFORMATIONAL_DECISION_SUPPORT,SYNTHETIC_DEMO_DATA,MODEL_FORECAST_DEMO,RULE_BASED_EXPLANATION
Jharkhand,Ranchi,Tomato,2,2026-10-01,1601.7548387096774,1665.1286792336582,1629.4362782258063,1720.1939876344088,3.956525617555352,RISING,LOW,LOW,0,SYNTHETIC_DEMO_DATA,Tomato is forecast to increase by 4.0% over the selected horizon.,"The estimated price range is ₹1,629 to ₹1,720. Uncertainty level: LOW.",Low weather-disruption signal is present in the available weather data.,"The forecast indicates an upward market signal, but the uncertainty range should still be considered.","Tomato is forecast to increase by 4.0% over the selected horizon. The estimated price range is ₹1,629 to ₹1,720. Uncertainty level: LOW. Low weather-disruption signal is present in the available weather data.","This is decision-support information, not a guarantee of future price, yield, revenue, or profit.",INFORMATIONAL_DECISION_SUPPORT,SYNTHETIC_DEMO_DATA,MODEL_FORECAST_DEMO,RULE_BASED_EXPLANATION
Jharkhand,Ranchi,Tomato,3,2026-11-01,1601.7548387096774,1770.967028858525,1730.7225875192016,1834.8442062041304,10.56417536938172,RISING,LOW,LOW,0,SYNTHETIC_DEMO_DATA,Tomato is forecast to increase by 10.6% over the selected horizon.,"The estimated price range is ₹1,731 to ₹1,835. Uncertainty level: LOW.",Low weather-disruption signal is present in the available weather data.,"The forecast indicates an upward market signal, but the uncertainty range should still be considered.","Tomato is forecast to increase by 10.6% over the selected horizon. The estimated price range is ₹1,731 to ₹1,835. Uncertainty level: LOW. Low weather-disruption signal is present in the available weather data.","This is decision-support information, not a guarantee of future price, yield, revenue, or profit.",INFORMATIONAL_DECISION_SUPPORT,SYNTHETIC_DEMO_DATA,MODEL_FORECAST_DEMO,RULE_BASED_EXPLANATION
Jharkhand,Ranchi,Wheat,1,2026-09-01,3725.158064516129,3779.368579911572,3756.335794175628,3808.176275403226,1.4552540981233397,STABLE,LOW,LOW,0,SYNTHETIC_DEMO_DATA,"Wheat is forecast to remain relatively stable, with an estimated change of +1.5%.","The estimated price range is ₹3,756 to ₹3,808. Uncertainty level: LOW.",Low weather-disruption signal is present in the available weather data.,The forecast indicates a relatively stable market signal. Use the uncertainty range for planning.,"Wheat is forecast to remain relatively stable, with an estimated change of +1.5%. The estimated price range is ₹3,756 to ₹3,808. Uncertainty level: LOW. Low weather-disruption signal is present in the available weather data.","This is decision-support information, not a guarantee of future price, yield, revenue, or profit.",INFORMATIONAL_DECISION_SUPPORT,SYNTHETIC_DEMO_DATA,MODEL_FORECAST_DEMO,RULE_BASED_EXPLANATION
Jharkhand,Ranchi,Wheat,2,2026-10-01,3725.158064516129,3766.84265820174,3734.694800921659,3789.966368131869,1.1190020118253878,STABLE,LOW,LOW,0,SYNTHETIC_DEMO_DATA,"Wheat is forecast to remain relatively stable, with an estimated change of +1.1%.","The estimated price range is ₹3,735 to ₹3,790. Uncertainty level: LOW.",Low weather-disruption signal is present in the available weather data.,The forecast indicates a relatively stable market signal. Use the uncertainty range for planning.,"Wheat is forecast to remain relatively stable, with an estimated change of +1.1%. The estimated price range is ₹3,735 to ₹3,790. Uncertainty level: LOW. Low weather-disruption signal is present in the available weather data.","This is decision-support information, not a guarantee of future price, yield, revenue, or profit.",INFORMATIONAL_DECISION_SUPPORT,SYNTHETIC_DEMO_DATA,MODEL_FORECAST_DEMO,RULE_BASED_EXPLANATION
Jharkhand,Ranchi,Wheat,3,2026-11-01,3725.158064516129,3690.474206273616,3638.2823856374807,3769.415479120235,-0.9310707798655029,STABLE,LOW,LOW,0,SYNTHETIC_DEMO_DATA,"Wheat is forecast to remain relatively stable, with an estimated change of -0.9%.","The estimated price range is ₹3,638 to ₹3,769. Uncertainty level: LOW.",Low weather-disruption signal is present in the available weather data.,The forecast indicates a relatively stable market signal. Use the uncertainty range for planning.,"Wheat is forecast to remain relatively stable, with an estimated change of -0.9%. The estimated price range is ₹3,638 to ₹3,769. Uncertainty level: LOW. Low weather-disruption signal is present in the available weather data.","This is decision-support information, not a guarantee of future price, yield, revenue, or profit.",INFORMATIONAL_DECISION_SUPPORT,SYNTHETIC_DEMO_DATA,MODEL_FORECAST_DEMO,RULE_BASED_EXPLANATION
Uttar Pradesh,Kanpur,Onion,1,2026-09-01,3035.7767741935486,2955.4024327407324,2877.24482296467,3034.258077419355,-2.6475708667402795,FALLING,LOW,HIGH,3,SYNTHETIC_DEMO_DATA,Onion is forecast to decrease by 2.6% over the selected horizon.,"The estimated price range is ₹2,877 to ₹3,034. Uncertainty level: LOW.",High weather-disruption signal is present. Consider weather-related supply uncertainty when interpreting the market forecast.,"The forecast indicates a downward market signal, so alternative market scenarios should be considered.","Onion is forecast to decrease by 2.6% over the selected horizon. The estimated price range is ₹2,877 to ₹3,034. Uncertainty level: LOW. High weather-disruption signal is present. Consider weather-related supply uncertainty when interpreting the market forecast.","This is decision-support information, not a guarantee of future price, yield, revenue, or profit.",INFORMATIONAL_DECISION_SUPPORT,SYNTHETIC_DEMO_DATA,MODEL_FORECAST_DEMO,RULE_BASED_EXPLANATION
Uttar Pradesh,Kanpur,Onion,2,2026-10-01,3035.7767741935486,2936.089906846623,2857.3487956989247,3012.498953118279,-3.2837350952264095,FALLING,LOW,HIGH,3,SYNTHETIC_DEMO_DATA,Onion is forecast to decrease by 3.3% over the selected horizon.,"The estimated price range is ₹2,857 to ₹3,012. Uncertainty level: LOW.",High weather-disruption signal is present. Consider weather-related supply uncertainty when interpreting the market forecast.,"The forecast indicates a downward market signal, so alternative market scenarios should be considered.","Onion is forecast to decrease by 3.3% over the selected horizon. The estimated price range is ₹2,857 to ₹3,012. Uncertainty level: LOW. High weather-disruption signal is present. Consider weather-related supply uncertainty when interpreting the market forecast.","This is decision-support information, not a guarantee of future price, yield, revenue, or profit.",INFORMATIONAL_DECISION_SUPPORT,SYNTHETIC_DEMO_DATA,MODEL_FORECAST_DEMO,RULE_BASED_EXPLANATION
Uttar Pradesh,Kanpur,Onion,3,2026-11-01,3035.7767741935486,3007.065842017461,2869.180548924732,3112.4080403225807,-0.9457524156635236,STABLE,LOW,HIGH,3,SYNTHETIC_DEMO_DATA,"Onion is forecast to remain relatively stable, with an estimated change of -0.9%.","The estimated price range is ₹2,869 to ₹3,112. Uncertainty level: LOW.",High weather-disruption signal is present. Consider weather-related supply uncertainty when interpreting the market forecast.,The forecast indicates a relatively stable market signal. Use the uncertainty range for planning.,"Onion is forecast to remain relatively stable, with an estimated change of -0.9%. The estimated price range is ₹2,869 to ₹3,112. Uncertainty level: LOW. High weather-disruption signal is present. Consider weather-related supply uncertainty when interpreting the market forecast.","This is decision-support information, not a guarantee of future price, yield, revenue, or profit.",INFORMATIONAL_DECISION_SUPPORT,SYNTHETIC_DEMO_DATA,MODEL_FORECAST_DEMO,RULE_BASED_EXPLANATION
Uttar Pradesh,Kanpur,Potato,1,2026-09-01,1583.9135483870969,1628.6640811493517,1584.4298688172046,1666.9077208406168,2.8253140967083956,RISING,LOW,HIGH,3,SYNTHETIC_DEMO_DATA,Potato is forecast to increase by 2.8% over the selected horizon.,"The estimated price range is ₹1,584 to ₹1,667. Uncertainty level: LOW.",High weather-disruption signal is present. Consider weather-related supply uncertainty when interpreting the market forecast.,"The forecast indicates an upward market signal, but the uncertainty range should still be considered.","Potato is forecast to increase by 2.8% over the selected horizon. The estimated price range is ₹1,584 to ₹1,667. Uncertainty level: LOW. High weather-disruption signal is present. Consider weather-related supply uncertainty when interpreting the market forecast.","This is decision-support information, not a guarantee of future price, yield, revenue, or profit.",INFORMATIONAL_DECISION_SUPPORT,SYNTHETIC_DEMO_DATA,MODEL_FORECAST_DEMO,RULE_BASED_EXPLANATION
Uttar Pradesh,Kanpur,Potato,2,2026-10-01,1583.9135483870969,1714.698792784152,1650.5537862449378,1775.3676194623658,8.257094873027256,RISING,LOW,HIGH,3,SYNTHETIC_DEMO_DATA,Potato is forecast to increase by 8.3% over the selected horizon.,"The estimated price range is ₹1,651 to ₹1,775. Uncertainty level: LOW.",High weather-disruption signal is present. Consider weather-related supply uncertainty when interpreting the market forecast.,"The forecast indicates an upward market signal, but the uncertainty range should still be considered.","Potato is forecast to increase by 8.3% over the selected horizon. The estimated price range is ₹1,651 to ₹1,775. Uncertainty level: LOW. High weather-disruption signal is present. Consider weather-related supply uncertainty when interpreting the market forecast.","This is decision-support information, not a guarantee of future price, yield, revenue, or profit.",INFORMATIONAL_DECISION_SUPPORT,SYNTHETIC_DEMO_DATA,MODEL_FORECAST_DEMO,RULE_BASED_EXPLANATION
Uttar Pradesh,Kanpur,Potato,3,2026-11-01,1583.9135483870969,1811.8089625709788,1764.2166555555557,1856.1245124470515,14.388122029510287,RISING,LOW,HIGH,3,SYNTHETIC_DEMO_DATA,Potato is forecast to increase by 14.4% over the selected horizon.,"The estimated price range is ₹1,764 to ₹1,856. Uncertainty level: LOW.",High weather-disruption signal is present. Consider weather-related supply uncertainty when interpreting the market forecast.,"The forecast indicates an upward market signal, but the uncertainty range should still be considered.","Potato is forecast to increase by 14.4% over the selected horizon. The estimated price range is ₹1,764 to ₹1,856. Uncertainty level: LOW. High weather-disruption signal is present. Consider weather-related supply uncertainty when interpreting the market forecast.","This is decision-support information, not a guarantee of future price, yield, revenue, or profit.",INFORMATIONAL_DECISION_SUPPORT,SYNTHETIC_DEMO_DATA,MODEL_FORECAST_DEMO,RULE_BASED_EXPLANATION
Uttar Pradesh,Kanpur,Rice,1,2026-09-01,3803.744516129033,3772.536009786926,3751.977097311828,3794.597766619593,-0.820467994361169,STABLE,LOW,HIGH,3,SYNTHETIC_DEMO_DATA,"Rice is forecast to remain relatively stable, with an estimated change of -0.8%.","The estimated price range is ₹3,752 to ₹3,795. Uncertainty level: LOW.",High weather-disruption signal is present. Consider weather-related supply uncertainty when interpreting the market forecast.,The forecast indicates a relatively stable market signal. Use the uncertainty range for planning.,"Rice is forecast to remain relatively stable, with an estimated change of -0.8%. The estimated price range is ₹3,752 to ₹3,795. Uncertainty level: LOW. High weather-disruption signal is present. Consider weather-related supply uncertainty when interpreting the market forecast.","This is decision-support information, not a guarantee of future price, yield, revenue, or profit.",INFORMATIONAL_DECISION_SUPPORT,SYNTHETIC_DEMO_DATA,MODEL_FORECAST_DEMO,RULE_BASED_EXPLANATION
Uttar Pradesh,Kanpur,Rice,2,2026-10-01,3803.744516129033,3677.699019025111,3622.854602419354,3745.907862365592,-3.3137214281729728,FALLING,LOW,HIGH,3,SYNTHETIC_DEMO_DATA,Rice is forecast to decrease by 3.3% over the selected horizon.,"The estimated price range is ₹3,623 to ₹3,746. Uncertainty level: LOW.",High weather-disruption signal is present. Consider weather-related supply uncertainty when interpreting the market forecast.,"The forecast indicates a downward market signal, so alternative market scenarios should be considered.","Rice is forecast to decrease by 3.3% over the selected horizon. The estimated price range is ₹3,623 to ₹3,746. Uncertainty level: LOW. High weather-disruption signal is present. Consider weather-related supply uncertainty when interpreting the market forecast.","This is decision-support information, not a guarantee of future price, yield, revenue, or profit.",INFORMATIONAL_DECISION_SUPPORT,SYNTHETIC_DEMO_DATA,MODEL_FORECAST_DEMO,RULE_BASED_EXPLANATION
Uttar Pradesh,Kanpur,Rice,3,2026-11-01,3803.744516129033,3571.2867209917417,3519.434989247312,3625.4024428571424,-6.111288341043924,FALLING,LOW,HIGH,3,SYNTHETIC_DEMO_DATA,Rice is forecast to decrease by 6.1% over the selected horizon.,"The estimated price range is ₹3,519 to ₹3,625. Uncertainty level: LOW.",High weather-disruption signal is present. Consider weather-related supply uncertainty when interpreting the market forecast.,"The forecast indicates a downward market signal, so alternative market scenarios should be considered.","Rice is forecast to decrease by 6.1% over the selected horizon. The estimated price range is ₹3,519 to ₹3,625. Uncertainty level: LOW. High weather-disruption signal is present. Consider weather-related supply uncertainty when interpreting the market forecast.","This is decision-support information, not a guarantee of future price, yield, revenue, or profit.",INFORMATIONAL_DECISION_SUPPORT,SYNTHETIC_DEMO_DATA,MODEL_FORECAST_DEMO,RULE_BASED_EXPLANATION
Uttar Pradesh,Kanpur,Tomato,1,2026-09-01,1933.9774193548387,1967.870750466135,1945.239267849462,2001.4713523809523,1.752519485082861,STABLE,LOW,HIGH,3,SYNTHETIC_DEMO_DATA,"Tomato is forecast to remain relatively stable, with an estimated change of +1.8%.","The estimated price range is ₹1,945 to ₹2,001. Uncertainty level: LOW.",High weather-disruption signal is present. Consider weather-related supply uncertainty when interpreting the market forecast.,The forecast indicates a relatively stable market signal. Use the uncertainty range for planning.,"Tomato is forecast to remain relatively stable, with an estimated change of +1.8%. The estimated price range is ₹1,945 to ₹2,001. Uncertainty level: LOW. High weather-disruption signal is present. Consider weather-related supply uncertainty when interpreting the market forecast.","This is decision-support information, not a guarantee of future price, yield, revenue, or profit.",INFORMATIONAL_DECISION_SUPPORT,SYNTHETIC_DEMO_DATA,MODEL_FORECAST_DEMO,RULE_BASED_EXPLANATION
Uttar Pradesh,Kanpur,Tomato,2,2026-10-01,1933.9774193548387,1987.2711054930537,1942.1810509139784,2065.844729416283,2.755651932895544,RISING,LOW,HIGH,3,SYNTHETIC_DEMO_DATA,Tomato is forecast to increase by 2.8% over the selected horizon.,"The estimated price range is ₹1,942 to ₹2,066. Uncertainty level: LOW.",High weather-disruption signal is present. Consider weather-related supply uncertainty when interpreting the market forecast.,"The forecast indicates an upward market signal, but the uncertainty range should still be considered.","Tomato is forecast to increase by 2.8% over the selected horizon. The estimated price range is ₹1,942 to ₹2,066. Uncertainty level: LOW. High weather-disruption signal is present. Consider weather-related supply uncertainty when interpreting the market forecast.","This is decision-support information, not a guarantee of future price, yield, revenue, or profit.",INFORMATIONAL_DECISION_SUPPORT,SYNTHETIC_DEMO_DATA,MODEL_FORECAST_DEMO,RULE_BASED_EXPLANATION
Uttar Pradesh,Kanpur,Tomato,3,2026-11-01,1933.9774193548387,1962.195465392265,1919.0147637096773,2058.1006003686634,1.4590680198758315,STABLE,LOW,HIGH,3,SYNTHETIC_DEMO_DATA,"Tomato is forecast to remain relatively stable, with an estimated change of +1.5%.","The estimated price range is ₹1,919 to ₹2,058. Uncertainty level: LOW.",High weather-disruption signal is present. Consider weather-related supply uncertainty when interpreting the market forecast.,The forecast indicates a relatively stable market signal. Use the uncertainty range for planning.,"Tomato is forecast to remain relatively stable, with an estimated change of +1.5%. The estimated price range is ₹1,919 to ₹2,058. Uncertainty level: LOW. High weather-disruption signal is present. Consider weather-related supply uncertainty when interpreting the market forecast.","This is decision-support information, not a guarantee of future price, yield, revenue, or profit.",INFORMATIONAL_DECISION_SUPPORT,SYNTHETIC_DEMO_DATA,MODEL_FORECAST_DEMO,RULE_BASED_EXPLANATION
Uttar Pradesh,Kanpur,Wheat,1,2026-09-01,3718.115806451613,3602.3380365427606,3529.266312043011,3682.922960573476,-3.113882835708257,FALLING,LOW,HIGH,3,SYNTHETIC_DEMO_DATA,Wheat is forecast to decrease by 3.1% over the selected horizon.,"The estimated price range is ₹3,529 to ₹3,683. Uncertainty level: LOW.",High weather-disruption signal is present. Consider weather-related supply uncertainty when interpreting the market forecast.,"The forecast indicates a downward market signal, so alternative market scenarios should be considered.","Wheat is forecast to decrease by 3.1% over the selected horizon. The estimated price range is ₹3,529 to ₹3,683. Uncertainty level: LOW. High weather-disruption signal is present. Consider weather-related supply uncertainty when interpreting the market forecast.","This is decision-support information, not a guarantee of future price, yield, revenue, or profit.",INFORMATIONAL_DECISION_SUPPORT,SYNTHETIC_DEMO_DATA,MODEL_FORECAST_DEMO,RULE_BASED_EXPLANATION
Uttar Pradesh,Kanpur,Wheat,2,2026-10-01,3718.115806451613,3470.3894020378007,3392.0201838172047,3557.378843317972,-6.662686621647492,FALLING,LOW,HIGH,3,SYNTHETIC_DEMO_DATA,Wheat is forecast to decrease by 6.7% over the selected horizon.,"The estimated price range is ₹3,392 to ₹3,557. Uncertainty level: LOW.",High weather-disruption signal is present. Consider weather-related supply uncertainty when interpreting the market forecast.,"The forecast indicates a downward market signal, so alternative market scenarios should be considered.","Wheat is forecast to decrease by 6.7% over the selected horizon. The estimated price range is ₹3,392 to ₹3,557. Uncertainty level: LOW. High weather-disruption signal is present. Consider weather-related supply uncertainty when interpreting the market forecast.","This is decision-support information, not a guarantee of future price, yield, revenue, or profit.",INFORMATIONAL_DECISION_SUPPORT,SYNTHETIC_DEMO_DATA,MODEL_FORECAST_DEMO,RULE_BASED_EXPLANATION
Uttar Pradesh,Kanpur,Wheat,3,2026-11-01,3718.115806451613,3323.9173978361587,3240.06355483871,3415.6336933124862,-10.602101417375106,FALLING,LOW,HIGH,3,SYNTHETIC_DEMO_DATA,Wheat is forecast to decrease by 10.6% over the selected horizon.,"The estimated price range is ₹3,240 to ₹3,416. Uncertainty level: LOW.",High weather-disruption signal is present. Consider weather-related supply uncertainty when interpreting the market forecast.,"The forecast indicates a downward market signal, so alternative market scenarios should be considered.","Wheat is forecast to decrease by 10.6% over the selected horizon. The estimated price range is ₹3,240 to ₹3,416. Uncertainty level: LOW. High weather-disruption signal is present. Consider weather-related supply uncertainty when interpreting the market forecast.","This is decision-support information, not a guarantee of future price, yield, revenue, or profit.",INFORMATIONAL_DECISION_SUPPORT,SYNTHETIC_DEMO_DATA,MODEL_FORECAST_DEMO,RULE_BASED_EXPLANATION
Uttar Pradesh,Lucknow,Onion,1,2026-09-01,2812.340967741936,2885.1319448732347,2810.998481003584,2942.350444550342,2.5882699845511143,RISING,LOW,LOW,0,SYNTHETIC_DEMO_DATA,Onion is forecast to increase by 2.6% over the selected horizon.,"The estimated price range is ₹2,811 to ₹2,942. Uncertainty level: LOW.",Low weather-disruption signal is present in the available weather data.,"The forecast indicates an upward market signal, but the uncertainty range should still be considered.","Onion is forecast to increase by 2.6% over the selected horizon. The estimated price range is ₹2,811 to ₹2,942. Uncertainty level: LOW. Low weather-disruption signal is present in the available weather data.","This is decision-support information, not a guarantee of future price, yield, revenue, or profit.",INFORMATIONAL_DECISION_SUPPORT,SYNTHETIC_DEMO_DATA,MODEL_FORECAST_DEMO,RULE_BASED_EXPLANATION
Uttar Pradesh,Lucknow,Onion,2,2026-10-01,2812.340967741936,3011.309479783317,2901.714705376344,3112.496160860215,7.074836028902119,RISING,LOW,LOW,0,SYNTHETIC_DEMO_DATA,Onion is forecast to increase by 7.1% over the selected horizon.,"The estimated price range is ₹2,902 to ₹3,112. Uncertainty level: LOW.",Low weather-disruption signal is present in the available weather data.,"The forecast indicates an upward market signal, but the uncertainty range should still be considered.","Onion is forecast to increase by 7.1% over the selected horizon. The estimated price range is ₹2,902 to ₹3,112. Uncertainty level: LOW. Low weather-disruption signal is present in the available weather data.","This is decision-support information, not a guarantee of future price, yield, revenue, or profit.",INFORMATIONAL_DECISION_SUPPORT,SYNTHETIC_DEMO_DATA,MODEL_FORECAST_DEMO,RULE_BASED_EXPLANATION
Uttar Pradesh,Lucknow,Onion,3,2026-11-01,2812.340967741936,3250.2366227931384,3181.278711520737,3329.995108064516,15.570503721772916,RISING,LOW,LOW,0,SYNTHETIC_DEMO_DATA,Onion is forecast to increase by 15.6% over the selected horizon.,"The estimated price range is ₹3,181 to ₹3,330. Uncertainty level: LOW.",Low weather-disruption signal is present in the available weather data.,"The forecast indicates an upward market signal, but the uncertainty range should still be considered.","Onion is forecast to increase by 15.6% over the selected horizon. The estimated price range is ₹3,181 to ₹3,330. Uncertainty level: LOW. Low weather-disruption signal is present in the available weather data.","This is decision-support information, not a guarantee of future price, yield, revenue, or profit.",INFORMATIONAL_DECISION_SUPPORT,SYNTHETIC_DEMO_DATA,MODEL_FORECAST_DEMO,RULE_BASED_EXPLANATION
Uttar Pradesh,Lucknow,Potato,1,2026-09-01,1743.497741935484,1671.716276260278,1634.81773234767,1707.7401075268815,-4.117095419666012,FALLING,LOW,LOW,0,SYNTHETIC_DEMO_DATA,Potato is forecast to decrease by 4.1% over the selected horizon.,"The estimated price range is ₹1,635 to ₹1,708. Uncertainty level: LOW.",Low weather-disruption signal is present in the available weather data.,"The forecast indicates a downward market signal, so alternative market scenarios should be considered.","Potato is forecast to decrease by 4.1% over the selected horizon. The estimated price range is ₹1,635 to ₹1,708. Uncertainty level: LOW. Low weather-disruption signal is present in the available weather data.","This is decision-support information, not a guarantee of future price, yield, revenue, or profit.",INFORMATIONAL_DECISION_SUPPORT,SYNTHETIC_DEMO_DATA,MODEL_FORECAST_DEMO,RULE_BASED_EXPLANATION
Uttar Pradesh,Lucknow,Potato,2,2026-10-01,1743.497741935484,1606.6260981422445,1563.3272686379928,1677.094436923963,-7.850405566989509,FALLING,LOW,LOW,0,SYNTHETIC_DEMO_DATA,Potato is forecast to decrease by 7.9% over the selected horizon.,"The estimated price range is ₹1,563 to ₹1,677. Uncertainty level: LOW.",Low weather-disruption signal is present in the available weather data.,"The forecast indicates a downward market signal, so alternative market scenarios should be considered.","Potato is forecast to decrease by 7.9% over the selected horizon. The estimated price range is ₹1,563 to ₹1,677. Uncertainty level: LOW. Low weather-disruption signal is present in the available weather data.","This is decision-support information, not a guarantee of future price, yield, revenue, or profit.",INFORMATIONAL_DECISION_SUPPORT,SYNTHETIC_DEMO_DATA,MODEL_FORECAST_DEMO,RULE_BASED_EXPLANATION
Uttar Pradesh,Lucknow,Potato,3,2026-11-01,1743.497741935484,1573.999648219265,1543.7237777777775,1605.6209034408605,-9.721727171728743,FALLING,LOW,LOW,0,SYNTHETIC_DEMO_DATA,Potato is forecast to decrease by 9.7% over the selected horizon.,"The estimated price range is ₹1,544 to ₹1,606. Uncertainty level: LOW.",Low weather-disruption signal is present in the available weather data.,"The forecast indicates a downward market signal, so alternative market scenarios should be considered.","Potato is forecast to decrease by 9.7% over the selected horizon. The estimated price range is ₹1,544 to ₹1,606. Uncertainty level: LOW. Low weather-disruption signal is present in the available weather data.","This is decision-support information, not a guarantee of future price, yield, revenue, or profit.",INFORMATIONAL_DECISION_SUPPORT,SYNTHETIC_DEMO_DATA,MODEL_FORECAST_DEMO,RULE_BASED_EXPLANATION
Uttar Pradesh,Lucknow,Rice,1,2026-09-01,3173.998387096774,3054.511141181636,3003.9274528315414,3110.546093010753,-3.7645654263999724,FALLING,LOW,LOW,0,SYNTHETIC_DEMO_DATA,Rice is forecast to decrease by 3.8% over the selected horizon.,"The estimated price range is ₹3,004 to ₹3,111. Uncertainty level: LOW.",Low weather-disruption signal is present in the available weather data.,"The forecast indicates a downward market signal, so alternative market scenarios should be considered.","Rice is forecast to decrease by 3.8% over the selected horizon. The estimated price range is ₹3,004 to ₹3,111. Uncertainty level: LOW. Low weather-disruption signal is present in the available weather data.","This is decision-support information, not a guarantee of future price, yield, revenue, or profit.",INFORMATIONAL_DECISION_SUPPORT,SYNTHETIC_DEMO_DATA,MODEL_FORECAST_DEMO,RULE_BASED_EXPLANATION
Uttar Pradesh,Lucknow,Rice,2,2026-10-01,3173.998387096774,3063.2058530478084,3013.272342857143,3110.3793150537635,-3.4906298156725404,FALLING,LOW,LOW,0,SYNTHETIC_DEMO_DATA,Rice is forecast to decrease by 3.5% over the selected horizon.,"The estimated price range is ₹3,013 to ₹3,110. Uncertainty level: LOW.",Low weather-disruption signal is present in the available weather data.,"The forecast indicates a downward market signal, so alternative market scenarios should be considered.","Rice is forecast to decrease by 3.5% over the selected horizon. The estimated price range is ₹3,013 to ₹3,110. Uncertainty level: LOW. Low weather-disruption signal is present in the available weather data.","This is decision-support information, not a guarantee of future price, yield, revenue, or profit.",INFORMATIONAL_DECISION_SUPPORT,SYNTHETIC_DEMO_DATA,MODEL_FORECAST_DEMO,RULE_BASED_EXPLANATION
Uttar Pradesh,Lucknow,Rice,3,2026-11-01,3173.998387096774,3117.6313102537792,3069.818767634408,3203.7309135483874,-1.775901244063112,STABLE,LOW,LOW,0,SYNTHETIC_DEMO_DATA,"Rice is forecast to remain relatively stable, with an estimated change of -1.8%.","The estimated price range is ₹3,070 to ₹3,204. Uncertainty level: LOW.",Low weather-disruption signal is present in the available weather data.,The forecast indicates a relatively stable market signal. Use the uncertainty range for planning.,"Rice is forecast to remain relatively stable, with an estimated change of -1.8%. The estimated price range is ₹3,070 to ₹3,204. Uncertainty level: LOW. Low weather-disruption signal is present in the available weather data.","This is decision-support information, not a guarantee of future price, yield, revenue, or profit.",INFORMATIONAL_DECISION_SUPPORT,SYNTHETIC_DEMO_DATA,MODEL_FORECAST_DEMO,RULE_BASED_EXPLANATION
Uttar Pradesh,Lucknow,Tomato,1,2026-09-01,2101.3787096774195,2004.6091623590432,1984.5264389208908,2023.0956629800305,-4.6050503354167525,FALLING,LOW,LOW,0,SYNTHETIC_DEMO_DATA,Tomato is forecast to decrease by 4.6% over the selected horizon.,"The estimated price range is ₹1,985 to ₹2,023. Uncertainty level: LOW.",Low weather-disruption signal is present in the available weather data.,"The forecast indicates a downward market signal, so alternative market scenarios should be considered.","Tomato is forecast to decrease by 4.6% over the selected horizon. The estimated price range is ₹1,985 to ₹2,023. Uncertainty level: LOW. Low weather-disruption signal is present in the available weather data.","This is decision-support information, not a guarantee of future price, yield, revenue, or profit.",INFORMATIONAL_DECISION_SUPPORT,SYNTHETIC_DEMO_DATA,MODEL_FORECAST_DEMO,RULE_BASED_EXPLANATION
Uttar Pradesh,Lucknow,Tomato,2,2026-10-01,2101.3787096774195,1912.8412526895413,1891.1187295161287,1937.309488821593,-8.97208371435439,FALLING,LOW,LOW,0,SYNTHETIC_DEMO_DATA,Tomato is forecast to decrease by 9.0% over the selected horizon.,"The estimated price range is ₹1,891 to ₹1,937. Uncertainty level: LOW.",Low weather-disruption signal is present in the available weather data.,"The forecast indicates a downward market signal, so alternative market scenarios should be considered.","Tomato is forecast to decrease by 9.0% over the selected horizon. The estimated price range is ₹1,891 to ₹1,937. Uncertainty level: LOW. Low weather-disruption signal is present in the available weather data.","This is decision-support information, not a guarantee of future price, yield, revenue, or profit.",INFORMATIONAL_DECISION_SUPPORT,SYNTHETIC_DEMO_DATA,MODEL_FORECAST_DEMO,RULE_BASED_EXPLANATION
Uttar Pradesh,Lucknow,Tomato,3,2026-11-01,2101.3787096774195,1846.5413505602696,1828.96542249104,1869.671042754736,-12.127150519968371,FALLING,LOW,LOW,0,SYNTHETIC_DEMO_DATA,Tomato is forecast to decrease by 12.1% over the selected horizon.,"The estimated price range is ₹1,829 to ₹1,870. Uncertainty level: LOW.",Low weather-disruption signal is present in the available weather data.,"The forecast indicates a downward market signal, so alternative market scenarios should be considered.","Tomato is forecast to decrease by 12.1% over the selected horizon. The estimated price range is ₹1,829 to ₹1,870. Uncertainty level: LOW. Low weather-disruption signal is present in the available weather data.","This is decision-support information, not a guarantee of future price, yield, revenue, or profit.",INFORMATIONAL_DECISION_SUPPORT,SYNTHETIC_DEMO_DATA,MODEL_FORECAST_DEMO,RULE_BASED_EXPLANATION
Uttar Pradesh,Lucknow,Wheat,1,2026-09-01,3145.2951612903225,3065.771840233565,3016.9261522580646,3111.5553312479474,-2.5283261817671203,FALLING,LOW,LOW,0,SYNTHETIC_DEMO_DATA,Wheat is forecast to decrease by 2.5% over the selected horizon.,"The estimated price range is ₹3,017 to ₹3,112. Uncertainty level: LOW.",Low weather-disruption signal is present in the available weather data.,"The forecast indicates a downward market signal, so alternative market scenarios should be considered.","Wheat is forecast to decrease by 2.5% over the selected horizon. The estimated price range is ₹3,017 to ₹3,112. Uncertainty level: LOW. Low weather-disruption signal is present in the available weather data.","This is decision-support information, not a guarantee of future price, yield, revenue, or profit.",INFORMATIONAL_DECISION_SUPPORT,SYNTHETIC_DEMO_DATA,MODEL_FORECAST_DEMO,RULE_BASED_EXPLANATION
Uttar Pradesh,Lucknow,Wheat,2,2026-10-01,3145.2951612903225,2985.2238439866824,2931.384386200717,3024.219219815668,-5.0892303931810545,FALLING,LOW,LOW,0,SYNTHETIC_DEMO_DATA,Wheat is forecast to decrease by 5.1% over the selected horizon.,"The estimated price range is ₹2,931 to ₹3,024. Uncertainty level: LOW.",Low weather-disruption signal is present in the available weather data.,"The forecast indicates a downward market signal, so alternative market scenarios should be considered.","Wheat is forecast to decrease by 5.1% over the selected horizon. The estimated price range is ₹2,931 to ₹3,024. Uncertainty level: LOW. Low weather-disruption signal is present in the available weather data.","This is decision-support information, not a guarantee of future price, yield, revenue, or profit.",INFORMATIONAL_DECISION_SUPPORT,SYNTHETIC_DEMO_DATA,MODEL_FORECAST_DEMO,RULE_BASED_EXPLANATION
Uttar Pradesh,Lucknow,Wheat,3,2026-11-01,3145.2951612903225,3002.5691925237334,2950.739076920123,3066.6968518996414,-4.5377607330193275,FALLING,LOW,LOW,0,SYNTHETIC_DEMO_DATA,Wheat is forecast to decrease by 4.5% over the selected horizon.,"The estimated price range is ₹2,951 to ₹3,067. Uncertainty level: LOW.",Low weather-disruption signal is present in the available weather data.,"The forecast indicates a downward market signal, so alternative market scenarios should be considered.","Wheat is forecast to decrease by 4.5% over the selected horizon. The estimated price range is ₹2,951 to ₹3,067. Uncertainty level: LOW. Low weather-disruption signal is present in the available weather data.","This is decision-support information, not a guarantee of future price, yield, revenue, or profit.",INFORMATIONAL_DECISION_SUPPORT,SYNTHETIC_DEMO_DATA,MODEL_FORECAST_DEMO,RULE_BASED_EXPLANATION
Uttar Pradesh,Varanasi,Onion,1,2026-09-01,2787.4845161290323,2913.339660385359,2881.820733145162,2954.6057880525686,4.5150078333386094,RISING,LOW,LOW,0,SYNTHETIC_DEMO_DATA,Onion is forecast to increase by 4.5% over the selected horizon.,"The estimated price range is ₹2,882 to ₹2,955. Uncertainty level: LOW.",Low weather-disruption signal is present in the available weather data.,"The forecast indicates an upward market signal, but the uncertainty range should still be considered.","Onion is forecast to increase by 4.5% over the selected horizon. The estimated price range is ₹2,882 to ₹2,955. Uncertainty level: LOW. Low weather-disruption signal is present in the available weather data.","This is decision-support information, not a guarantee of future price, yield, revenue, or profit.",INFORMATIONAL_DECISION_SUPPORT,SYNTHETIC_DEMO_DATA,MODEL_FORECAST_DEMO,RULE_BASED_EXPLANATION
Uttar Pradesh,Varanasi,Onion,2,2026-10-01,2787.4845161290323,3075.659794060677,3024.1452823924733,3132.1210878494626,10.338183988617542,RISING,LOW,LOW,0,SYNTHETIC_DEMO_DATA,Onion is forecast to increase by 10.3% over the selected horizon.,"The estimated price range is ₹3,024 to ₹3,132. Uncertainty level: LOW.",Low weather-disruption signal is present in the available weather data.,"The forecast indicates an upward market signal, but the uncertainty range should still be considered.","Onion is forecast to increase by 10.3% over the selected horizon. The estimated price range is ₹3,024 to ₹3,132. Uncertainty level: LOW. Low weather-disruption signal is present in the available weather data.","This is decision-support information, not a guarantee of future price, yield, revenue, or profit.",INFORMATIONAL_DECISION_SUPPORT,SYNTHETIC_DEMO_DATA,MODEL_FORECAST_DEMO,RULE_BASED_EXPLANATION
Uttar Pradesh,Varanasi,Onion,3,2026-11-01,2787.4845161290323,3251.818407160304,3168.239163306452,3326.10815967742,16.657810593907453,RISING,LOW,LOW,0,SYNTHETIC_DEMO_DATA,Onion is forecast to increase by 16.7% over the selected horizon.,"The estimated price range is ₹3,168 to ₹3,326. Uncertainty level: LOW.",Low weather-disruption signal is present in the available weather data.,"The forecast indicates an upward market signal, but the uncertainty range should still be considered.","Onion is forecast to increase by 16.7% over the selected horizon. The estimated price range is ₹3,168 to ₹3,326. Uncertainty level: LOW. Low weather-disruption signal is present in the available weather data.","This is decision-support information, not a guarantee of future price, yield, revenue, or profit.",INFORMATIONAL_DECISION_SUPPORT,SYNTHETIC_DEMO_DATA,MODEL_FORECAST_DEMO,RULE_BASED_EXPLANATION
Uttar Pradesh,Varanasi,Potato,1,2026-09-01,1730.058387096774,1630.4093906109526,1614.683944489247,1652.79365124808,-5.759863206295778,FALLING,LOW,LOW,0,SYNTHETIC_DEMO_DATA,Potato is forecast to decrease by 5.8% over the selected horizon.,"The estimated price range is ₹1,615 to ₹1,653. Uncertainty level: LOW.",Low weather-disruption signal is present in the available weather data.,"The forecast indicates a downward market signal, so alternative market scenarios should be considered.","Potato is forecast to decrease by 5.8% over the selected horizon. The estimated price range is ₹1,615 to ₹1,653. Uncertainty level: LOW. Low weather-disruption signal is present in the available weather data.","This is decision-support information, not a guarantee of future price, yield, revenue, or profit.",INFORMATIONAL_DECISION_SUPPORT,SYNTHETIC_DEMO_DATA,MODEL_FORECAST_DEMO,RULE_BASED_EXPLANATION
Uttar Pradesh,Varanasi,Potato,2,2026-10-01,1730.058387096774,1581.8812987442204,1553.7383451612905,1629.5348919354838,-8.564860553707135,FALLING,LOW,LOW,0,SYNTHETIC_DEMO_DATA,Potato is forecast to decrease by 8.6% over the selected horizon.,"The estimated price range is ₹1,554 to ₹1,630. Uncertainty level: LOW.",Low weather-disruption signal is present in the available weather data.,"The forecast indicates a downward market signal, so alternative market scenarios should be considered.","Potato is forecast to decrease by 8.6% over the selected horizon. The estimated price range is ₹1,554 to ₹1,630. Uncertainty level: LOW. Low weather-disruption signal is present in the available weather data.","This is decision-support information, not a guarantee of future price, yield, revenue, or profit.",INFORMATIONAL_DECISION_SUPPORT,SYNTHETIC_DEMO_DATA,MODEL_FORECAST_DEMO,RULE_BASED_EXPLANATION
Uttar Pradesh,Varanasi,Potato,3,2026-11-01,1730.058387096774,1563.9408774881465,1539.9227351766517,1588.0059743471586,-9.601844125468544,FALLING,LOW,LOW,0,SYNTHETIC_DEMO_DATA,Potato is forecast to decrease by 9.6% over the selected horizon.,"The estimated price range is ₹1,540 to ₹1,588. Uncertainty level: LOW.",Low weather-disruption signal is present in the available weather data.,"The forecast indicates a downward market signal, so alternative market scenarios should be considered.","Potato is forecast to decrease by 9.6% over the selected horizon. The estimated price range is ₹1,540 to ₹1,588. Uncertainty level: LOW. Low weather-disruption signal is present in the available weather data.","This is decision-support information, not a guarantee of future price, yield, revenue, or profit.",INFORMATIONAL_DECISION_SUPPORT,SYNTHETIC_DEMO_DATA,MODEL_FORECAST_DEMO,RULE_BASED_EXPLANATION
Uttar Pradesh,Varanasi,Rice,1,2026-09-01,3843.6506451612895,3797.818688404855,3762.011692951016,3828.984946236559,-1.1924069325637487,STABLE,LOW,LOW,0,SYNTHETIC_DEMO_DATA,"Rice is forecast to remain relatively stable, with an estimated change of -1.2%.","The estimated price range is ₹3,762 to ₹3,829. Uncertainty level: LOW.",Low weather-disruption signal is present in the available weather data.,The forecast indicates a relatively stable market signal. Use the uncertainty range for planning.,"Rice is forecast to remain relatively stable, with an estimated change of -1.2%. The estimated price range is ₹3,762 to ₹3,829. Uncertainty level: LOW. Low weather-disruption signal is present in the available weather data.","This is decision-support information, not a guarantee of future price, yield, revenue, or profit.",INFORMATIONAL_DECISION_SUPPORT,SYNTHETIC_DEMO_DATA,MODEL_FORECAST_DEMO,RULE_BASED_EXPLANATION
Uttar Pradesh,Varanasi,Rice,2,2026-10-01,3843.6506451612895,3726.136328691861,3655.41356374808,3797.064726451613,-3.0573620580571115,FALLING,LOW,LOW,0,SYNTHETIC_DEMO_DATA,Rice is forecast to decrease by 3.1% over the selected horizon.,"The estimated price range is ₹3,655 to ₹3,797. Uncertainty level: LOW.",Low weather-disruption signal is present in the available weather data.,"The forecast indicates a downward market signal, so alternative market scenarios should be considered.","Rice is forecast to decrease by 3.1% over the selected horizon. The estimated price range is ₹3,655 to ₹3,797. Uncertainty level: LOW. Low weather-disruption signal is present in the available weather data.","This is decision-support information, not a guarantee of future price, yield, revenue, or profit.",INFORMATIONAL_DECISION_SUPPORT,SYNTHETIC_DEMO_DATA,MODEL_FORECAST_DEMO,RULE_BASED_EXPLANATION
Uttar Pradesh,Varanasi,Rice,3,2026-11-01,3843.6506451612895,3644.150486563516,3564.9158852534565,3740.658322580645,-5.190382191704154,FALLING,LOW,LOW,0,SYNTHETIC_DEMO_DATA,Rice is forecast to decrease by 5.2% over the selected horizon.,"The estimated price range is ₹3,565 to ₹3,741. Uncertainty level: LOW.",Low weather-disruption signal is present in the available weather data.,"The forecast indicates a downward market signal, so alternative market scenarios should be considered.","Rice is forecast to decrease by 5.2% over the selected horizon. The estimated price range is ₹3,565 to ₹3,741. Uncertainty level: LOW. Low weather-disruption signal is present in the available weather data.","This is decision-support information, not a guarantee of future price, yield, revenue, or profit.",INFORMATIONAL_DECISION_SUPPORT,SYNTHETIC_DEMO_DATA,MODEL_FORECAST_DEMO,RULE_BASED_EXPLANATION
Uttar Pradesh,Varanasi,Tomato,1,2026-09-01,1861.1583870967745,1880.6916296557629,1841.1181335125448,1907.4414881720431,1.049520701430378,STABLE,LOW,LOW,0,SYNTHETIC_DEMO_DATA,"Tomato is forecast to remain relatively stable, with an estimated change of +1.0%.","The estimated price range is ₹1,841 to ₹1,907. Uncertainty level: LOW.",Low weather-disruption signal is present in the available weather data.,The forecast indicates a relatively stable market signal. Use the uncertainty range for planning.,"Tomato is forecast to remain relatively stable, with an estimated change of +1.0%. The estimated price range is ₹1,841 to ₹1,907. Uncertainty level: LOW. Low weather-disruption signal is present in the available weather data.","This is decision-support information, not a guarantee of future price, yield, revenue, or profit.",INFORMATIONAL_DECISION_SUPPORT,SYNTHETIC_DEMO_DATA,MODEL_FORECAST_DEMO,RULE_BASED_EXPLANATION
Uttar Pradesh,Varanasi,Tomato,2,2026-10-01,1861.1583870967745,1951.680400637341,1890.951975,2001.0515901497693,4.863745835289823,RISING,LOW,LOW,0,SYNTHETIC_DEMO_DATA,Tomato is forecast to increase by 4.9% over the selected horizon.,"The estimated price range is ₹1,891 to ₹2,001. Uncertainty level: LOW.",Low weather-disruption signal is present in the available weather data.,"The forecast indicates an upward market signal, but the uncertainty range should still be considered.","Tomato is forecast to increase by 4.9% over the selected horizon. The estimated price range is ₹1,891 to ₹2,001. Uncertainty level: LOW. Low weather-disruption signal is present in the available weather data.","This is decision-support information, not a guarantee of future price, yield, revenue, or profit.",INFORMATIONAL_DECISION_SUPPORT,SYNTHETIC_DEMO_DATA,MODEL_FORECAST_DEMO,RULE_BASED_EXPLANATION
Uttar Pradesh,Varanasi,Tomato,3,2026-11-01,1861.1583870967745,2034.3156379187217,1971.329893018982,2099.8839118996416,9.303735352263898,RISING,LOW,LOW,0,SYNTHETIC_DEMO_DATA,Tomato is forecast to increase by 9.3% over the selected horizon.,"The estimated price range is ₹1,971 to ₹2,100. Uncertainty level: LOW.",Low weather-disruption signal is present in the available weather data.,"The forecast indicates an upward market signal, but the uncertainty range should still be considered.","Tomato is forecast to increase by 9.3% over the selected horizon. The estimated price range is ₹1,971 to ₹2,100. Uncertainty level: LOW. Low weather-disruption signal is present in the available weather data.","This is decision-support information, not a guarantee of future price, yield, revenue, or profit.",INFORMATIONAL_DECISION_SUPPORT,SYNTHETIC_DEMO_DATA,MODEL_FORECAST_DEMO,RULE_BASED_EXPLANATION
Uttar Pradesh,Varanasi,Wheat,1,2026-09-01,3208.081612903226,3139.3047307795323,3093.77244,3202.70154983871,-2.143863231130597,FALLING,LOW,LOW,0,SYNTHETIC_DEMO_DATA,Wheat is forecast to decrease by 2.1% over the selected horizon.,"The estimated price range is ₹3,094 to ₹3,203. Uncertainty level: LOW.",Low weather-disruption signal is present in the available weather data.,"The forecast indicates a downward market signal, so alternative market scenarios should be considered.","Wheat is forecast to decrease by 2.1% over the selected horizon. The estimated price range is ₹3,094 to ₹3,203. Uncertainty level: LOW. Low weather-disruption signal is present in the available weather data.","This is decision-support information, not a guarantee of future price, yield, revenue, or profit.",INFORMATIONAL_DECISION_SUPPORT,SYNTHETIC_DEMO_DATA,MODEL_FORECAST_DEMO,RULE_BASED_EXPLANATION
Uttar Pradesh,Varanasi,Wheat,2,2026-10-01,3208.081612903226,3160.084259023773,3114.5989651135005,3220.6675604838706,-1.4961388041502048,STABLE,LOW,LOW,0,SYNTHETIC_DEMO_DATA,"Wheat is forecast to remain relatively stable, with an estimated change of -1.5%.","The estimated price range is ₹3,115 to ₹3,221. Uncertainty level: LOW.",Low weather-disruption signal is present in the available weather data.,The forecast indicates a relatively stable market signal. Use the uncertainty range for planning.,"Wheat is forecast to remain relatively stable, with an estimated change of -1.5%. The estimated price range is ₹3,115 to ₹3,221. Uncertainty level: LOW. Low weather-disruption signal is present in the available weather data.","This is decision-support information, not a guarantee of future price, yield, revenue, or profit.",INFORMATIONAL_DECISION_SUPPORT,SYNTHETIC_DEMO_DATA,MODEL_FORECAST_DEMO,RULE_BASED_EXPLANATION
Uttar Pradesh,Varanasi,Wheat,3,2026-11-01,3208.081612903226,3291.708023914216,3206.511708870968,3397.85721812596,2.606742006644602,RISING,LOW,LOW,0,SYNTHETIC_DEMO_DATA,Wheat is forecast to increase by 2.6% over the selected horizon.,"The estimated price range is ₹3,207 to ₹3,398. Uncertainty level: LOW.",Low weather-disruption signal is present in the available weather data.,"The forecast indicates an upward market signal, but the uncertainty range should still be considered.","Wheat is forecast to increase by 2.6% over the selected horizon. The estimated price range is ₹3,207 to ₹3,398. Uncertainty level: LOW. Low weather-disruption signal is present in the available weather data.","This is decision-support information, not a guarantee of future price, yield, revenue, or profit.",INFORMATIONAL_DECISION_SUPPORT,SYNTHETIC_DEMO_DATA,MODEL_FORECAST_DEMO,RULE_BASED_EXPLANATION
West Bengal,Bardhaman,Onion,1,2026-09-01,2837.662258064516,2845.8123851039204,2806.2048900000004,2888.5600944700464,0.28721272294621675,STABLE,LOW,LOW,0,SYNTHETIC_DEMO_DATA,"Onion is forecast to remain relatively stable, with an estimated change of +0.3%.","The estimated price range is ₹2,806 to ₹2,889. Uncertainty level: LOW.",Low weather-disruption signal is present in the available weather data.,The forecast indicates a relatively stable market signal. Use the uncertainty range for planning.,"Onion is forecast to remain relatively stable, with an estimated change of +0.3%. The estimated price range is ₹2,806 to ₹2,889. Uncertainty level: LOW. Low weather-disruption signal is present in the available weather data.","This is decision-support information, not a guarantee of future price, yield, revenue, or profit.",INFORMATIONAL_DECISION_SUPPORT,SYNTHETIC_DEMO_DATA,MODEL_FORECAST_DEMO,RULE_BASED_EXPLANATION
West Bengal,Bardhaman,Onion,2,2026-10-01,2837.662258064516,2970.4689693086552,2899.137421236559,3102.52161155914,4.680145104185953,RISING,LOW,LOW,0,SYNTHETIC_DEMO_DATA,Onion is forecast to increase by 4.7% over the selected horizon.,"The estimated price range is ₹2,899 to ₹3,103. Uncertainty level: LOW.",Low weather-disruption signal is present in the available weather data.,"The forecast indicates an upward market signal, but the uncertainty range should still be considered.","Onion is forecast to increase by 4.7% over the selected horizon. The estimated price range is ₹2,899 to ₹3,103. Uncertainty level: LOW. Low weather-disruption signal is present in the available weather data.","This is decision-support information, not a guarantee of future price, yield, revenue, or profit.",INFORMATIONAL_DECISION_SUPPORT,SYNTHETIC_DEMO_DATA,MODEL_FORECAST_DEMO,RULE_BASED_EXPLANATION
West Bengal,Bardhaman,Onion,3,2026-11-01,2837.662258064516,3125.6811980019856,3067.746756451613,3176.672175268817,10.14986681797426,RISING,LOW,LOW,0,SYNTHETIC_DEMO_DATA,Onion is forecast to increase by 10.1% over the selected horizon.,"The estimated price range is ₹3,068 to ₹3,177. Uncertainty level: LOW.",Low weather-disruption signal is present in the available weather data.,"The forecast indicates an upward market signal, but the uncertainty range should still be considered.","Onion is forecast to increase by 10.1% over the selected horizon. The estimated price range is ₹3,068 to ₹3,177. Uncertainty level: LOW. Low weather-disruption signal is present in the available weather data.","This is decision-support information, not a guarantee of future price, yield, revenue, or profit.",INFORMATIONAL_DECISION_SUPPORT,SYNTHETIC_DEMO_DATA,MODEL_FORECAST_DEMO,RULE_BASED_EXPLANATION
West Bengal,Bardhaman,Potato,1,2026-09-01,1520.0083870967742,1595.6468793064969,1568.721392050691,1623.7004284331797,4.9761891349950185,RISING,LOW,LOW,0,SYNTHETIC_DEMO_DATA,Potato is forecast to increase by 5.0% over the selected horizon.,"The estimated price range is ₹1,569 to ₹1,624. Uncertainty level: LOW.",Low weather-disruption signal is present in the available weather data.,"The forecast indicates an upward market signal, but the uncertainty range should still be considered.","Potato is forecast to increase by 5.0% over the selected horizon. The estimated price range is ₹1,569 to ₹1,624. Uncertainty level: LOW. Low weather-disruption signal is present in the available weather data.","This is decision-support information, not a guarantee of future price, yield, revenue, or profit.",INFORMATIONAL_DECISION_SUPPORT,SYNTHETIC_DEMO_DATA,MODEL_FORECAST_DEMO,RULE_BASED_EXPLANATION
West Bengal,Bardhaman,Potato,2,2026-10-01,1520.0083870967742,1686.982594929763,1656.494258294931,1719.3765074884795,10.985084638375628,RISING,LOW,LOW,0,SYNTHETIC_DEMO_DATA,Potato is forecast to increase by 11.0% over the selected horizon.,"The estimated price range is ₹1,656 to ₹1,719. Uncertainty level: LOW.",Low weather-disruption signal is present in the available weather data.,"The forecast indicates an upward market signal, but the uncertainty range should still be considered.","Potato is forecast to increase by 11.0% over the selected horizon. The estimated price range is ₹1,656 to ₹1,719. Uncertainty level: LOW. Low weather-disruption signal is present in the available weather data.","This is decision-support information, not a guarantee of future price, yield, revenue, or profit.",INFORMATIONAL_DECISION_SUPPORT,SYNTHETIC_DEMO_DATA,MODEL_FORECAST_DEMO,RULE_BASED_EXPLANATION
West Bengal,Bardhaman,Potato,3,2026-11-01,1520.0083870967742,1771.629131090816,1743.780092784727,1805.7863425627245,16.553904973816557,RISING,LOW,LOW,0,SYNTHETIC_DEMO_DATA,Potato is forecast to increase by 16.6% over the selected horizon.,"The estimated price range is ₹1,744 to ₹1,806. Uncertainty level: LOW.",Low weather-disruption signal is present in the available weather data.,"The forecast indicates an upward market signal, but the uncertainty range should still be considered.","Potato is forecast to increase by 16.6% over the selected horizon. The estimated price range is ₹1,744 to ₹1,806. Uncertainty level: LOW. Low weather-disruption signal is present in the available weather data.","This is decision-support information, not a guarantee of future price, yield, revenue, or profit.",INFORMATIONAL_DECISION_SUPPORT,SYNTHETIC_DEMO_DATA,MODEL_FORECAST_DEMO,RULE_BASED_EXPLANATION
West Bengal,Bardhaman,Rice,1,2026-09-01,3679.471612903226,3484.722803923903,3445.932977419355,3548.361084301076,-5.292847165782575,FALLING,LOW,LOW,0,SYNTHETIC_DEMO_DATA,Rice is forecast to decrease by 5.3% over the selected horizon.,"The estimated price range is ₹3,446 to ₹3,548. Uncertainty level: LOW.",Low weather-disruption signal is present in the available weather data.,"The forecast indicates a downward market signal, so alternative market scenarios should be considered.","Rice is forecast to decrease by 5.3% over the selected horizon. The estimated price range is ₹3,446 to ₹3,548. Uncertainty level: LOW. Low weather-disruption signal is present in the available weather data.","This is decision-support information, not a guarantee of future price, yield, revenue, or profit.",INFORMATIONAL_DECISION_SUPPORT,SYNTHETIC_DEMO_DATA,MODEL_FORECAST_DEMO,RULE_BASED_EXPLANATION
West Bengal,Bardhaman,Rice,2,2026-10-01,3679.471612903226,3363.6208452200767,3282.3666880184333,3437.85712874552,-8.584133835290885,FALLING,LOW,LOW,0,SYNTHETIC_DEMO_DATA,Rice is forecast to decrease by 8.6% over the selected horizon.,"The estimated price range is ₹3,282 to ₹3,438. Uncertainty level: LOW.",Low weather-disruption signal is present in the available weather data.,"The forecast indicates a downward market signal, so alternative market scenarios should be considered.","Rice is forecast to decrease by 8.6% over the selected horizon. The estimated price range is ₹3,282 to ₹3,438. Uncertainty level: LOW. Low weather-disruption signal is present in the available weather data.","This is decision-support information, not a guarantee of future price, yield, revenue, or profit.",INFORMATIONAL_DECISION_SUPPORT,SYNTHETIC_DEMO_DATA,MODEL_FORECAST_DEMO,RULE_BASED_EXPLANATION
West Bengal,Bardhaman,Rice,3,2026-11-01,3679.471612903226,3220.715913650438,3158.599843655914,3296.083236335618,-12.46797767494704,FALLING,LOW,LOW,0,SYNTHETIC_DEMO_DATA,Rice is forecast to decrease by 12.5% over the selected horizon.,"The estimated price range is ₹3,159 to ₹3,296. Uncertainty level: LOW.",Low weather-disruption signal is present in the available weather data.,"The forecast indicates a downward market signal, so alternative market scenarios should be considered.","Rice is forecast to decrease by 12.5% over the selected horizon. The estimated price range is ₹3,159 to ₹3,296. Uncertainty level: LOW. Low weather-disruption signal is present in the available weather data.","This is decision-support information, not a guarantee of future price, yield, revenue, or profit.",INFORMATIONAL_DECISION_SUPPORT,SYNTHETIC_DEMO_DATA,MODEL_FORECAST_DEMO,RULE_BASED_EXPLANATION
West Bengal,Bardhaman,Tomato,1,2026-09-01,1949.377741935484,1988.4354279674133,1939.946418709677,2036.07000499232,2.0035976194716354,RISING,LOW,LOW,0,SYNTHETIC_DEMO_DATA,Tomato is forecast to increase by 2.0% over the selected horizon.,"The estimated price range is ₹1,940 to ₹2,036. Uncertainty level: LOW.",Low weather-disruption signal is present in the available weather data.,"The forecast indicates an upward market signal, but the uncertainty range should still be considered.","Tomato is forecast to increase by 2.0% over the selected horizon. The estimated price range is ₹1,940 to ₹2,036. Uncertainty level: LOW. Low weather-disruption signal is present in the available weather data.","This is decision-support information, not a guarantee of future price, yield, revenue, or profit.",INFORMATIONAL_DECISION_SUPPORT,SYNTHETIC_DEMO_DATA,MODEL_FORECAST_DEMO,RULE_BASED_EXPLANATION
West Bengal,Bardhaman,Tomato,2,2026-10-01,1949.377741935484,2006.173391741004,1920.6156775,2088.4744957910907,2.9135271519582036,RISING,LOW,LOW,0,SYNTHETIC_DEMO_DATA,Tomato is forecast to increase by 2.9% over the selected horizon.,"The estimated price range is ₹1,921 to ₹2,088. Uncertainty level: LOW.",Low weather-disruption signal is present in the available weather data.,"The forecast indicates an upward market signal, but the uncertainty range should still be considered.","Tomato is forecast to increase by 2.9% over the selected horizon. The estimated price range is ₹1,921 to ₹2,088. Uncertainty level: LOW. Low weather-disruption signal is present in the available weather data.","This is decision-support information, not a guarantee of future price, yield, revenue, or profit.",INFORMATIONAL_DECISION_SUPPORT,SYNTHETIC_DEMO_DATA,MODEL_FORECAST_DEMO,RULE_BASED_EXPLANATION
West Bengal,Bardhaman,Tomato,3,2026-11-01,1949.377741935484,1972.1753662328929,1879.4596298924728,2072.244044623656,1.169482127910918,STABLE,LOW,LOW,0,SYNTHETIC_DEMO_DATA,"Tomato is forecast to remain relatively stable, with an estimated change of +1.2%.","The estimated price range is ₹1,879 to ₹2,072. Uncertainty level: LOW.",Low weather-disruption signal is present in the available weather data.,The forecast indicates a relatively stable market signal. Use the uncertainty range for planning.,"Tomato is forecast to remain relatively stable, with an estimated change of +1.2%. The estimated price range is ₹1,879 to ₹2,072. Uncertainty level: LOW. Low weather-disruption signal is present in the available weather data.","This is decision-support information, not a guarantee of future price, yield, revenue, or profit.",INFORMATIONAL_DECISION_SUPPORT,SYNTHETIC_DEMO_DATA,MODEL_FORECAST_DEMO,RULE_BASED_EXPLANATION
West Bengal,Bardhaman,Wheat,1,2026-09-01,3681.6438709677423,3768.878015295572,3732.024032258064,3812.084289833822,2.36943461630632,RISING,LOW,LOW,0,SYNTHETIC_DEMO_DATA,Wheat is forecast to increase by 2.4% over the selected horizon.,"The estimated price range is ₹3,732 to ₹3,812. Uncertainty level: LOW.",Low weather-disruption signal is present in the available weather data.,"The forecast indicates an upward market signal, but the uncertainty range should still be considered.","Wheat is forecast to increase by 2.4% over the selected horizon. The estimated price range is ₹3,732 to ₹3,812. Uncertainty level: LOW. Low weather-disruption signal is present in the available weather data.","This is decision-support information, not a guarantee of future price, yield, revenue, or profit.",INFORMATIONAL_DECISION_SUPPORT,SYNTHETIC_DEMO_DATA,MODEL_FORECAST_DEMO,RULE_BASED_EXPLANATION
West Bengal,Bardhaman,Wheat,2,2026-10-01,3681.6438709677423,3783.120407146303,3755.590104193549,3820.6255378494616,2.756283327096682,RISING,LOW,LOW,0,SYNTHETIC_DEMO_DATA,Wheat is forecast to increase by 2.8% over the selected horizon.,"The estimated price range is ₹3,756 to ₹3,821. Uncertainty level: LOW.",Low weather-disruption signal is present in the available weather data.,"The forecast indicates an upward market signal, but the uncertainty range should still be considered.","Wheat is forecast to increase by 2.8% over the selected horizon. The estimated price range is ₹3,756 to ₹3,821. Uncertainty level: LOW. Low weather-disruption signal is present in the available weather data.","This is decision-support information, not a guarantee of future price, yield, revenue, or profit.",INFORMATIONAL_DECISION_SUPPORT,SYNTHETIC_DEMO_DATA,MODEL_FORECAST_DEMO,RULE_BASED_EXPLANATION
West Bengal,Bardhaman,Wheat,3,2026-11-01,3681.6438709677423,3770.9517553885134,3734.522770564516,3810.760211981568,2.425761088002683,RISING,LOW,LOW,0,SYNTHETIC_DEMO_DATA,Wheat is forecast to increase by 2.4% over the selected horizon.,"The estimated price range is ₹3,735 to ₹3,811. Uncertainty level: LOW.",Low weather-disruption signal is present in the available weather data.,"The forecast indicates an upward market signal, but the uncertainty range should still be considered.","Wheat is forecast to increase by 2.4% over the selected horizon. The estimated price range is ₹3,735 to ₹3,811. Uncertainty level: LOW. Low weather-disruption signal is present in the available weather data.","This is decision-support information, not a guarantee of future price, yield, revenue, or profit.",INFORMATIONAL_DECISION_SUPPORT,SYNTHETIC_DEMO_DATA,MODEL_FORECAST_DEMO,RULE_BASED_EXPLANATION
West Bengal,Malda,Onion,1,2026-09-01,3338.2883870967744,3370.9541044473262,3325.6283174193545,3442.1203290322583,0.9785169393037495,STABLE,LOW,HIGH,3,SYNTHETIC_DEMO_DATA,"Onion is forecast to remain relatively stable, with an estimated change of +1.0%.","The estimated price range is ₹3,326 to ₹3,442. Uncertainty level: LOW.",High weather-disruption signal is present. Consider weather-related supply uncertainty when interpreting the market forecast.,The forecast indicates a relatively stable market signal. Use the uncertainty range for planning.,"Onion is forecast to remain relatively stable, with an estimated change of +1.0%. The estimated price range is ₹3,326 to ₹3,442. Uncertainty level: LOW. High weather-disruption signal is present. Consider weather-related supply uncertainty when interpreting the market forecast.","This is decision-support information, not a guarantee of future price, yield, revenue, or profit.",INFORMATIONAL_DECISION_SUPPORT,SYNTHETIC_DEMO_DATA,MODEL_FORECAST_DEMO,RULE_BASED_EXPLANATION
West Bengal,Malda,Onion,2,2026-10-01,3338.2883870967744,3371.118617464783,3306.299443548387,3441.3495241935484,0.9834450041795234,STABLE,LOW,HIGH,3,SYNTHETIC_DEMO_DATA,"Onion is forecast to remain relatively stable, with an estimated change of +1.0%.","The estimated price range is ₹3,306 to ₹3,441. Uncertainty level: LOW.",High weather-disruption signal is present. Consider weather-related supply uncertainty when interpreting the market forecast.,The forecast indicates a relatively stable market signal. Use the uncertainty range for planning.,"Onion is forecast to remain relatively stable, with an estimated change of +1.0%. The estimated price range is ₹3,306 to ₹3,441. Uncertainty level: LOW. High weather-disruption signal is present. Consider weather-related supply uncertainty when interpreting the market forecast.","This is decision-support information, not a guarantee of future price, yield, revenue, or profit.",INFORMATIONAL_DECISION_SUPPORT,SYNTHETIC_DEMO_DATA,MODEL_FORECAST_DEMO,RULE_BASED_EXPLANATION
West Bengal,Malda,Onion,3,2026-11-01,3338.2883870967744,3285.905494776629,3225.32917983871,3371.912779301076,-1.569154196582204,STABLE,LOW,HIGH,3,SYNTHETIC_DEMO_DATA,"Onion is forecast to remain relatively stable, with an estimated change of -1.6%.","The estimated price range is ₹3,225 to ₹3,372. Uncertainty level: LOW.",High weather-disruption signal is present. Consider weather-related supply uncertainty when interpreting the market forecast.,The forecast indicates a relatively stable market signal. Use the uncertainty range for planning.,"Onion is forecast to remain relatively stable, with an estimated change of -1.6%. The estimated price range is ₹3,225 to ₹3,372. Uncertainty level: LOW. High weather-disruption signal is present. Consider weather-related supply uncertainty when interpreting the market forecast.","This is decision-support information, not a guarantee of future price, yield, revenue, or profit.",INFORMATIONAL_DECISION_SUPPORT,SYNTHETIC_DEMO_DATA,MODEL_FORECAST_DEMO,RULE_BASED_EXPLANATION
West Bengal,Malda,Potato,1,2026-09-01,1580.2548387096774,1508.7009843407068,1462.4197097371566,1545.75218120474,-4.527994638345571,FALLING,LOW,HIGH,3,SYNTHETIC_DEMO_DATA,Potato is forecast to decrease by 4.5% over the selected horizon.,"The estimated price range is ₹1,462 to ₹1,546. Uncertainty level: LOW.",High weather-disruption signal is present. Consider weather-related supply uncertainty when interpreting the market forecast.,"The forecast indicates a downward market signal, so alternative market scenarios should be considered.","Potato is forecast to decrease by 4.5% over the selected horizon. The estimated price range is ₹1,462 to ₹1,546. Uncertainty level: LOW. High weather-disruption signal is present. Consider weather-related supply uncertainty when interpreting the market forecast.","This is decision-support information, not a guarantee of future price, yield, revenue, or profit.",INFORMATIONAL_DECISION_SUPPORT,SYNTHETIC_DEMO_DATA,MODEL_FORECAST_DEMO,RULE_BASED_EXPLANATION
West Bengal,Malda,Potato,2,2026-10-01,1580.2548387096774,1454.2399879064617,1423.9874413210446,1509.9558075268817,-7.974337285124873,FALLING,LOW,HIGH,3,SYNTHETIC_DEMO_DATA,Potato is forecast to decrease by 8.0% over the selected horizon.,"The estimated price range is ₹1,424 to ₹1,510. Uncertainty level: LOW.",High weather-disruption signal is present. Consider weather-related supply uncertainty when interpreting the market forecast.,"The forecast indicates a downward market signal, so alternative market scenarios should be considered.","Potato is forecast to decrease by 8.0% over the selected horizon. The estimated price range is ₹1,424 to ₹1,510. Uncertainty level: LOW. High weather-disruption signal is present. Consider weather-related supply uncertainty when interpreting the market forecast.","This is decision-support information, not a guarantee of future price, yield, revenue, or profit.",INFORMATIONAL_DECISION_SUPPORT,SYNTHETIC_DEMO_DATA,MODEL_FORECAST_DEMO,RULE_BASED_EXPLANATION
West Bengal,Malda,Potato,3,2026-11-01,1580.2548387096774,1446.4014858940347,1409.8092100806452,1488.3585204301078,-8.470365002959756,FALLING,LOW,HIGH,3,SYNTHETIC_DEMO_DATA,Potato is forecast to decrease by 8.5% over the selected horizon.,"The estimated price range is ₹1,410 to ₹1,488. Uncertainty level: LOW.",High weather-disruption signal is present. Consider weather-related supply uncertainty when interpreting the market forecast.,"The forecast indicates a downward market signal, so alternative market scenarios should be considered.","Potato is forecast to decrease by 8.5% over the selected horizon. The estimated price range is ₹1,410 to ₹1,488. Uncertainty level: LOW. High weather-disruption signal is present. Consider weather-related supply uncertainty when interpreting the market forecast.","This is decision-support information, not a guarantee of future price, yield, revenue, or profit.",INFORMATIONAL_DECISION_SUPPORT,SYNTHETIC_DEMO_DATA,MODEL_FORECAST_DEMO,RULE_BASED_EXPLANATION
West Bengal,Malda,Rice,1,2026-09-01,3357.635483870968,3226.0558775742184,3149.9918834408604,3273.829640399386,-3.918817481195235,FALLING,LOW,HIGH,3,SYNTHETIC_DEMO_DATA,Rice is forecast to decrease by 3.9% over the selected horizon.,"The estimated price range is ₹3,150 to ₹3,274. Uncertainty level: LOW.",High weather-disruption signal is present. Consider weather-related supply uncertainty when interpreting the market forecast.,"The forecast indicates a downward market signal, so alternative market scenarios should be considered.","Rice is forecast to decrease by 3.9% over the selected horizon. The estimated price range is ₹3,150 to ₹3,274. Uncertainty level: LOW. High weather-disruption signal is present. Consider weather-related supply uncertainty when interpreting the market forecast.","This is decision-support information, not a guarantee of future price, yield, revenue, or profit.",INFORMATIONAL_DECISION_SUPPORT,SYNTHETIC_DEMO_DATA,MODEL_FORECAST_DEMO,RULE_BASED_EXPLANATION
West Bengal,Malda,Rice,2,2026-10-01,3357.635483870968,3073.1756656463185,3000.369761290322,3144.5305114247312,-8.472027996818166,FALLING,LOW,HIGH,3,SYNTHETIC_DEMO_DATA,Rice is forecast to decrease by 8.5% over the selected horizon.,"The estimated price range is ₹3,000 to ₹3,145. Uncertainty level: LOW.",High weather-disruption signal is present. Consider weather-related supply uncertainty when interpreting the market forecast.,"The forecast indicates a downward market signal, so alternative market scenarios should be considered.","Rice is forecast to decrease by 8.5% over the selected horizon. The estimated price range is ₹3,000 to ₹3,145. Uncertainty level: LOW. High weather-disruption signal is present. Consider weather-related supply uncertainty when interpreting the market forecast.","This is decision-support information, not a guarantee of future price, yield, revenue, or profit.",INFORMATIONAL_DECISION_SUPPORT,SYNTHETIC_DEMO_DATA,MODEL_FORECAST_DEMO,RULE_BASED_EXPLANATION
West Bengal,Malda,Rice,3,2026-11-01,3357.635483870968,3040.165480419443,2968.2774721774194,3099.687672162485,-9.455165844432836,FALLING,LOW,HIGH,3,SYNTHETIC_DEMO_DATA,Rice is forecast to decrease by 9.5% over the selected horizon.,"The estimated price range is ₹2,968 to ₹3,100. Uncertainty level: LOW.",High weather-disruption signal is present. Consider weather-related supply uncertainty when interpreting the market forecast.,"The forecast indicates a downward market signal, so alternative market scenarios should be considered.","Rice is forecast to decrease by 9.5% over the selected horizon. The estimated price range is ₹2,968 to ₹3,100. Uncertainty level: LOW. High weather-disruption signal is present. Consider weather-related supply uncertainty when interpreting the market forecast.","This is decision-support information, not a guarantee of future price, yield, revenue, or profit.",INFORMATIONAL_DECISION_SUPPORT,SYNTHETIC_DEMO_DATA,MODEL_FORECAST_DEMO,RULE_BASED_EXPLANATION
West Bengal,Malda,Tomato,1,2026-09-01,2032.1416129032257,1930.492975773722,1902.361893609832,1956.09601344086,-5.002044960059796,FALLING,LOW,HIGH,3,SYNTHETIC_DEMO_DATA,Tomato is forecast to decrease by 5.0% over the selected horizon.,"The estimated price range is ₹1,902 to ₹1,956. Uncertainty level: LOW.",High weather-disruption signal is present. Consider weather-related supply uncertainty when interpreting the market forecast.,"The forecast indicates a downward market signal, so alternative market scenarios should be considered.","Tomato is forecast to decrease by 5.0% over the selected horizon. The estimated price range is ₹1,902 to ₹1,956. Uncertainty level: LOW. High weather-disruption signal is present. Consider weather-related supply uncertainty when interpreting the market forecast.","This is decision-support information, not a guarantee of future price, yield, revenue, or profit.",INFORMATIONAL_DECISION_SUPPORT,SYNTHETIC_DEMO_DATA,MODEL_FORECAST_DEMO,RULE_BASED_EXPLANATION
West Bengal,Malda,Tomato,2,2026-10-01,2032.1416129032257,1868.919816670936,1800.9668258064517,1932.2774435483875,-8.0320089503557,FALLING,LOW,HIGH,3,SYNTHETIC_DEMO_DATA,Tomato is forecast to decrease by 8.0% over the selected horizon.,"The estimated price range is ₹1,801 to ₹1,932. Uncertainty level: LOW.",High weather-disruption signal is present. Consider weather-related supply uncertainty when interpreting the market forecast.,"The forecast indicates a downward market signal, so alternative market scenarios should be considered.","Tomato is forecast to decrease by 8.0% over the selected horizon. The estimated price range is ₹1,801 to ₹1,932. Uncertainty level: LOW. High weather-disruption signal is present. Consider weather-related supply uncertainty when interpreting the market forecast.","This is decision-support information, not a guarantee of future price, yield, revenue, or profit.",INFORMATIONAL_DECISION_SUPPORT,SYNTHETIC_DEMO_DATA,MODEL_FORECAST_DEMO,RULE_BASED_EXPLANATION
West Bengal,Malda,Tomato,3,2026-11-01,2032.1416129032257,1828.834173310516,1762.1360131336407,1881.702455875576,-10.004590147743386,FALLING,LOW,HIGH,3,SYNTHETIC_DEMO_DATA,Tomato is forecast to decrease by 10.0% over the selected horizon.,"The estimated price range is ₹1,762 to ₹1,882. Uncertainty level: LOW.",High weather-disruption signal is present. Consider weather-related supply uncertainty when interpreting the market forecast.,"The forecast indicates a downward market signal, so alternative market scenarios should be considered.","Tomato is forecast to decrease by 10.0% over the selected horizon. The estimated price range is ₹1,762 to ₹1,882. Uncertainty level: LOW. High weather-disruption signal is present. Consider weather-related supply uncertainty when interpreting the market forecast.","This is decision-support information, not a guarantee of future price, yield, revenue, or profit.",INFORMATIONAL_DECISION_SUPPORT,SYNTHETIC_DEMO_DATA,MODEL_FORECAST_DEMO,RULE_BASED_EXPLANATION
West Bengal,Malda,Wheat,1,2026-09-01,3775.25741935484,3787.6311436915103,3763.594664731183,3818.609003110599,0.3277584271004489,STABLE,LOW,HIGH,3,SYNTHETIC_DEMO_DATA,"Wheat is forecast to remain relatively stable, with an estimated change of +0.3%.","The estimated price range is ₹3,764 to ₹3,819. Uncertainty level: LOW.",High weather-disruption signal is present. Consider weather-related supply uncertainty when interpreting the market forecast.,The forecast indicates a relatively stable market signal. Use the uncertainty range for planning.,"Wheat is forecast to remain relatively stable, with an estimated change of +0.3%. The estimated price range is ₹3,764 to ₹3,819. Uncertainty level: LOW. High weather-disruption signal is present. Consider weather-related supply uncertainty when interpreting the market forecast.","This is decision-support information, not a guarantee of future price, yield, revenue, or profit.",INFORMATIONAL_DECISION_SUPPORT,SYNTHETIC_DEMO_DATA,MODEL_FORECAST_DEMO,RULE_BASED_EXPLANATION
West Bengal,Malda,Wheat,2,2026-10-01,3775.25741935484,3747.573484634786,3679.16876344086,3790.9937212903214,-0.7332992600219793,STABLE,LOW,HIGH,3,SYNTHETIC_DEMO_DATA,"Wheat is forecast to remain relatively stable, with an estimated change of -0.7%.","The estimated price range is ₹3,679 to ₹3,791. Uncertainty level: LOW.",High weather-disruption signal is present. Consider weather-related supply uncertainty when interpreting the market forecast.,The forecast indicates a relatively stable market signal. Use the uncertainty range for planning.,"Wheat is forecast to remain relatively stable, with an estimated change of -0.7%. The estimated price range is ₹3,679 to ₹3,791. Uncertainty level: LOW. High weather-disruption signal is present. Consider weather-related supply uncertainty when interpreting the market forecast.","This is decision-support information, not a guarantee of future price, yield, revenue, or profit.",INFORMATIONAL_DECISION_SUPPORT,SYNTHETIC_DEMO_DATA,MODEL_FORECAST_DEMO,RULE_BASED_EXPLANATION
West Bengal,Malda,Wheat,3,2026-11-01,3775.25741935484,3645.8363760070006,3578.0119270353307,3684.841998479417,-3.4281382425560865,FALLING,LOW,HIGH,3,SYNTHETIC_DEMO_DATA,Wheat is forecast to decrease by 3.4% over the selected horizon.,"The estimated price range is ₹3,578 to ₹3,685. Uncertainty level: LOW.",High weather-disruption signal is present. Consider weather-related supply uncertainty when interpreting the market forecast.,"The forecast indicates a downward market signal, so alternative market scenarios should be considered.","Wheat is forecast to decrease by 3.4% over the selected horizon. The estimated price range is ₹3,578 to ₹3,685. Uncertainty level: LOW. High weather-disruption signal is present. Consider weather-related supply uncertainty when interpreting the market forecast.","This is decision-support information, not a guarantee of future price, yield, revenue, or profit.",INFORMATIONAL_DECISION_SUPPORT,SYNTHETIC_DEMO_DATA,MODEL_FORECAST_DEMO,RULE_BASED_EXPLANATION
West Bengal,Siliguri,Onion,1,2026-09-01,3465.6312903225808,3437.250354051726,3401.4898410394267,3473.341261290323,-0.818925439359509,STABLE,LOW,MODERATE,1,SYNTHETIC_DEMO_DATA,"Onion is forecast to remain relatively stable, with an estimated change of -0.8%.","The estimated price range is ₹3,401 to ₹3,473. Uncertainty level: LOW.",Moderate weather-disruption signal is present. Weather conditions should be monitored.,The forecast indicates a relatively stable market signal. Use the uncertainty range for planning.,"Onion is forecast to remain relatively stable, with an estimated change of -0.8%. The estimated price range is ₹3,401 to ₹3,473. Uncertainty level: LOW. Moderate weather-disruption signal is present. Weather conditions should be monitored.","This is decision-support information, not a guarantee of future price, yield, revenue, or profit.",INFORMATIONAL_DECISION_SUPPORT,SYNTHETIC_DEMO_DATA,MODEL_FORECAST_DEMO,RULE_BASED_EXPLANATION
West Bengal,Siliguri,Onion,2,2026-10-01,3465.6312903225808,3359.825321125741,3323.221038440861,3403.126107741936,-3.053007095483353,FALLING,LOW,MODERATE,1,SYNTHETIC_DEMO_DATA,Onion is forecast to decrease by 3.1% over the selected horizon.,"The estimated price range is ₹3,323 to ₹3,403. Uncertainty level: LOW.",Moderate weather-disruption signal is present. Weather conditions should be monitored.,"The forecast indicates a downward market signal, so alternative market scenarios should be considered.","Onion is forecast to decrease by 3.1% over the selected horizon. The estimated price range is ₹3,323 to ₹3,403. Uncertainty level: LOW. Moderate weather-disruption signal is present. Weather conditions should be monitored.","This is decision-support information, not a guarantee of future price, yield, revenue, or profit.",INFORMATIONAL_DECISION_SUPPORT,SYNTHETIC_DEMO_DATA,MODEL_FORECAST_DEMO,RULE_BASED_EXPLANATION
West Bengal,Siliguri,Onion,3,2026-11-01,3465.6312903225808,3247.208918118433,3188.012759139785,3340.787212544803,-6.3025277043772645,FALLING,LOW,MODERATE,1,SYNTHETIC_DEMO_DATA,Onion is forecast to decrease by 6.3% over the selected horizon.,"The estimated price range is ₹3,188 to ₹3,341. Uncertainty level: LOW.",Moderate weather-disruption signal is present. Weather conditions should be monitored.,"The forecast indicates a downward market signal, so alternative market scenarios should be considered.","Onion is forecast to decrease by 6.3% over the selected horizon. The estimated price range is ₹3,188 to ₹3,341. Uncertainty level: LOW. Moderate weather-disruption signal is present. Weather conditions should be monitored.","This is decision-support information, not a guarantee of future price, yield, revenue, or profit.",INFORMATIONAL_DECISION_SUPPORT,SYNTHETIC_DEMO_DATA,MODEL_FORECAST_DEMO,RULE_BASED_EXPLANATION
West Bengal,Siliguri,Potato,1,2026-09-01,1754.2367741935482,1643.8093174207756,1617.8301991039427,1680.03506827957,-6.294900346251028,FALLING,LOW,MODERATE,1,SYNTHETIC_DEMO_DATA,Potato is forecast to decrease by 6.3% over the selected horizon.,"The estimated price range is ₹1,618 to ₹1,680. Uncertainty level: LOW.",Moderate weather-disruption signal is present. Weather conditions should be monitored.,"The forecast indicates a downward market signal, so alternative market scenarios should be considered.","Potato is forecast to decrease by 6.3% over the selected horizon. The estimated price range is ₹1,618 to ₹1,680. Uncertainty level: LOW. Moderate weather-disruption signal is present. Weather conditions should be monitored.","This is decision-support information, not a guarantee of future price, yield, revenue, or profit.",INFORMATIONAL_DECISION_SUPPORT,SYNTHETIC_DEMO_DATA,MODEL_FORECAST_DEMO,RULE_BASED_EXPLANATION
West Bengal,Siliguri,Potato,2,2026-10-01,1754.2367741935482,1615.9407863366923,1559.4001733333337,1687.3012660714285,-7.883541714055836,FALLING,LOW,MODERATE,1,SYNTHETIC_DEMO_DATA,Potato is forecast to decrease by 7.9% over the selected horizon.,"The estimated price range is ₹1,559 to ₹1,687. Uncertainty level: LOW.",Moderate weather-disruption signal is present. Weather conditions should be monitored.,"The forecast indicates a downward market signal, so alternative market scenarios should be considered.","Potato is forecast to decrease by 7.9% over the selected horizon. The estimated price range is ₹1,559 to ₹1,687. Uncertainty level: LOW. Moderate weather-disruption signal is present. Weather conditions should be monitored.","This is decision-support information, not a guarantee of future price, yield, revenue, or profit.",INFORMATIONAL_DECISION_SUPPORT,SYNTHETIC_DEMO_DATA,MODEL_FORECAST_DEMO,RULE_BASED_EXPLANATION
West Bengal,Siliguri,Potato,3,2026-11-01,1754.2367741935482,1597.4965917804632,1555.5706019354836,1681.4513952263612,-8.934950214183091,FALLING,LOW,MODERATE,1,SYNTHETIC_DEMO_DATA,Potato is forecast to decrease by 8.9% over the selected horizon.,"The estimated price range is ₹1,556 to ₹1,681. Uncertainty level: LOW.",Moderate weather-disruption signal is present. Weather conditions should be monitored.,"The forecast indicates a downward market signal, so alternative market scenarios should be considered.","Potato is forecast to decrease by 8.9% over the selected horizon. The estimated price range is ₹1,556 to ₹1,681. Uncertainty level: LOW. Moderate weather-disruption signal is present. Weather conditions should be monitored.","This is decision-support information, not a guarantee of future price, yield, revenue, or profit.",INFORMATIONAL_DECISION_SUPPORT,SYNTHETIC_DEMO_DATA,MODEL_FORECAST_DEMO,RULE_BASED_EXPLANATION
West Bengal,Siliguri,Rice,1,2026-09-01,3312.9729032258065,3176.153829227646,3132.8136384024574,3232.609243032697,-4.129797556295775,FALLING,LOW,MODERATE,1,SYNTHETIC_DEMO_DATA,Rice is forecast to decrease by 4.1% over the selected horizon.,"The estimated price range is ₹3,133 to ₹3,233. Uncertainty level: LOW.",Moderate weather-disruption signal is present. Weather conditions should be monitored.,"The forecast indicates a downward market signal, so alternative market scenarios should be considered.","Rice is forecast to decrease by 4.1% over the selected horizon. The estimated price range is ₹3,133 to ₹3,233. Uncertainty level: LOW. Moderate weather-disruption signal is present. Weather conditions should be monitored.","This is decision-support information, not a guarantee of future price, yield, revenue, or profit.",INFORMATIONAL_DECISION_SUPPORT,SYNTHETIC_DEMO_DATA,MODEL_FORECAST_DEMO,RULE_BASED_EXPLANATION
West Bengal,Siliguri,Rice,2,2026-10-01,3312.9729032258065,3130.194339335118,3044.201270967742,3197.8980492473124,-5.517055805458564,FALLING,LOW,MODERATE,1,SYNTHETIC_DEMO_DATA,Rice is forecast to decrease by 5.5% over the selected horizon.,"The estimated price range is ₹3,044 to ₹3,198. Uncertainty level: LOW.",Moderate weather-disruption signal is present. Weather conditions should be monitored.,"The forecast indicates a downward market signal, so alternative market scenarios should be considered.","Rice is forecast to decrease by 5.5% over the selected horizon. The estimated price range is ₹3,044 to ₹3,198. Uncertainty level: LOW. Moderate weather-disruption signal is present. Weather conditions should be monitored.","This is decision-support information, not a guarantee of future price, yield, revenue, or profit.",INFORMATIONAL_DECISION_SUPPORT,SYNTHETIC_DEMO_DATA,MODEL_FORECAST_DEMO,RULE_BASED_EXPLANATION
West Bengal,Siliguri,Rice,3,2026-11-01,3312.9729032258065,3086.251973394332,3018.8153274193546,3168.56257764977,-6.843428438871895,FALLING,LOW,MODERATE,1,SYNTHETIC_DEMO_DATA,Rice is forecast to decrease by 6.8% over the selected horizon.,"The estimated price range is ₹3,019 to ₹3,169. Uncertainty level: LOW.",Moderate weather-disruption signal is present. Weather conditions should be monitored.,"The forecast indicates a downward market signal, so alternative market scenarios should be considered.","Rice is forecast to decrease by 6.8% over the selected horizon. The estimated price range is ₹3,019 to ₹3,169. Uncertainty level: LOW. Moderate weather-disruption signal is present. Weather conditions should be monitored.","This is decision-support information, not a guarantee of future price, yield, revenue, or profit.",INFORMATIONAL_DECISION_SUPPORT,SYNTHETIC_DEMO_DATA,MODEL_FORECAST_DEMO,RULE_BASED_EXPLANATION
West Bengal,Siliguri,Tomato,1,2026-09-01,2033.830967741936,2063.744346209824,1940.397677141268,2123.534896221198,1.4707898022174033,STABLE,LOW,MODERATE,1,SYNTHETIC_DEMO_DATA,"Tomato is forecast to remain relatively stable, with an estimated change of +1.5%.","The estimated price range is ₹1,940 to ₹2,124. Uncertainty level: LOW.",Moderate weather-disruption signal is present. Weather conditions should be monitored.,The forecast indicates a relatively stable market signal. Use the uncertainty range for planning.,"Tomato is forecast to remain relatively stable, with an estimated change of +1.5%. The estimated price range is ₹1,940 to ₹2,124. Uncertainty level: LOW. Moderate weather-disruption signal is present. Weather conditions should be monitored.","This is decision-support information, not a guarantee of future price, yield, revenue, or profit.",INFORMATIONAL_DECISION_SUPPORT,SYNTHETIC_DEMO_DATA,MODEL_FORECAST_DEMO,RULE_BASED_EXPLANATION
West Bengal,Siliguri,Tomato,2,2026-10-01,2033.830967741936,2117.2114920752133,2082.5090335445466,2161.3778139784945,4.099678176591566,RISING,LOW,MODERATE,1,SYNTHETIC_DEMO_DATA,Tomato is forecast to increase by 4.1% over the selected horizon.,"The estimated price range is ₹2,083 to ₹2,161. Uncertainty level: LOW.",Moderate weather-disruption signal is present. Weather conditions should be monitored.,"The forecast indicates an upward market signal, but the uncertainty range should still be considered.","Tomato is forecast to increase by 4.1% over the selected horizon. The estimated price range is ₹2,083 to ₹2,161. Uncertainty level: LOW. Moderate weather-disruption signal is present. Weather conditions should be monitored.","This is decision-support information, not a guarantee of future price, yield, revenue, or profit.",INFORMATIONAL_DECISION_SUPPORT,SYNTHETIC_DEMO_DATA,MODEL_FORECAST_DEMO,RULE_BASED_EXPLANATION
West Bengal,Siliguri,Tomato,3,2026-11-01,2033.830967741936,2106.94421668921,2069.353698924731,2151.345292319508,3.594853756625014,RISING,LOW,MODERATE,1,SYNTHETIC_DEMO_DATA,Tomato is forecast to increase by 3.6% over the selected horizon.,"The estimated price range is ₹2,069 to ₹2,151. Uncertainty level: LOW.",Moderate weather-disruption signal is present. Weather conditions should be monitored.,"The forecast indicates an upward market signal, but the uncertainty range should still be considered.","Tomato is forecast to increase by 3.6% over the selected horizon. The estimated price range is ₹2,069 to ₹2,151. Uncertainty level: LOW. Moderate weather-disruption signal is present. Weather conditions should be monitored.","This is decision-support information, not a guarantee of future price, yield, revenue, or profit.",INFORMATIONAL_DECISION_SUPPORT,SYNTHETIC_DEMO_DATA,MODEL_FORECAST_DEMO,RULE_BASED_EXPLANATION
West Bengal,Siliguri,Wheat,1,2026-09-01,3775.457096774194,3622.11451643996,3588.640626497696,3652.1062447311824,-4.0615633128304385,FALLING,LOW,MODERATE,1,SYNTHETIC_DEMO_DATA,Wheat is forecast to decrease by 4.1% over the selected horizon.,"The estimated price range is ₹3,589 to ₹3,652. Uncertainty level: LOW.",Moderate weather-disruption signal is present. Weather conditions should be monitored.,"The forecast indicates a downward market signal, so alternative market scenarios should be considered.","Wheat is forecast to decrease by 4.1% over the selected horizon. The estimated price range is ₹3,589 to ₹3,652. Uncertainty level: LOW. Moderate weather-disruption signal is present. Weather conditions should be monitored.","This is decision-support information, not a guarantee of future price, yield, revenue, or profit.",INFORMATIONAL_DECISION_SUPPORT,SYNTHETIC_DEMO_DATA,MODEL_FORECAST_DEMO,RULE_BASED_EXPLANATION
West Bengal,Siliguri,Wheat,2,2026-10-01,3775.457096774194,3441.509723484864,3370.448581468071,3494.9147439463763,-8.845217008946,FALLING,LOW,MODERATE,1,SYNTHETIC_DEMO_DATA,Wheat is forecast to decrease by 8.8% over the selected horizon.,"The estimated price range is ₹3,370 to ₹3,495. Uncertainty level: LOW.",Moderate weather-disruption signal is present. Weather conditions should be monitored.,"The forecast indicates a downward market signal, so alternative market scenarios should be considered.","Wheat is forecast to decrease by 8.8% over the selected horizon. The estimated price range is ₹3,370 to ₹3,495. Uncertainty level: LOW. Moderate weather-disruption signal is present. Weather conditions should be monitored.","This is decision-support information, not a guarantee of future price, yield, revenue, or profit.",INFORMATIONAL_DECISION_SUPPORT,SYNTHETIC_DEMO_DATA,MODEL_FORECAST_DEMO,RULE_BASED_EXPLANATION
West Bengal,Siliguri,Wheat,3,2026-11-01,3775.457096774194,3309.3018591556856,3246.2988405529964,3351.95188967742,-12.346988077729664,FALLING,LOW,MODERATE,1,SYNTHETIC_DEMO_DATA,Wheat is forecast to decrease by 12.3% over the selected horizon.,"The estimated price range is ₹3,246 to ₹3,352. Uncertainty level: LOW.",Moderate weather-disruption signal is present. Weather conditions should be monitored.,"The forecast indicates a downward market signal, so alternative market scenarios should be considered.","Wheat is forecast to decrease by 12.3% over the selected horizon. The estimated price range is ₹3,246 to ₹3,352. Uncertainty level: LOW. Moderate weather-disruption signal is present. Weather conditions should be monitored.","This is decision-support information, not a guarantee of future price, yield, revenue, or profit.",INFORMATIONAL_DECISION_SUPPORT,SYNTHETIC_DEMO_DATA,MODEL_FORECAST_DEMO,RULE_BASED_EXPLANATION
