state,district,market,commodity,month,avg_min_price,avg_max_price,avg_modal_price,min_modal_price,max_modal_price,median_modal_price,std_modal_price,observation_count
Bihar,Gaya,Gaya Market,Onion,2023-01-01,2912.5525806451615,3316.1335483870967,3098.6600000000003,2880.06,3297.9,3103.47,108.3671810097503,31
Bihar,Gaya,Gaya Market,Onion,2023-02-01,2836.7914285714287,3214.776785714286,3031.992142857143,2836.62,3182.51,3029.5,67.69331009985504,28
Bihar,Gaya,Gaya Market,Onion,2023-03-01,2837.31,3198.834516129032,3012.452258064516,2914.36,3192.03,3019.25,70.66827683903045,31
Bihar,Gaya,Gaya Market,Onion,2023-04-01,2803.5466666666666,3212.9086666666667,3028.4950000000003,2865.15,3159.96,3056.385,82.14332485945235,30
Bihar,Gaya,Gaya Market,Onion,2023-05-01,2914.4306451612906,3279.8219354838707,3091.243548387097,2917.85,3286.56,3110.63,93.02691569463097,31
Bihar,Gaya,Gaya Market,Onion,2023-06-01,3014.315,3430.6730000000002,3213.436,2991.96,3394.33,3214.29,115.22636182449884,30
Bihar,Gaya,Gaya Market,Onion,2023-07-01,3109.16064516129,3502.131935483871,3300.8793548387093,3132.95,3457.91,3302.75,80.41426009257655,31
Bihar,Gaya,Gaya Market,Onion,2023-08-01,3205.0370967741933,3642.3070967741937,3428.0787096774193,3278.86,3564.91,3430.18,77.86085549414128,31
Bihar,Gaya,Gaya Market,Onion,2023-09-01,3204.125666666667,3641.3643333333334,3422.1953333333336,3259.36,3607.92,3415.755,77.9443294141151,30
Bihar,Gaya,Gaya Market,Onion,2023-10-01,3181.6177419354835,3634.0154838709677,3403.452258064516,3248.27,3565.57,3402.07,85.88420781143557,31
Bihar,Gaya,Gaya Market,Onion,2023-11-01,3122.5623333333333,3562.4603333333334,3348.254,3173.91,3538.41,3343.59,95.7732597696066,30
Bihar,Gaya,Gaya Market,Onion,2023-12-01,3026.476129032258,3430.0641935483873,3223.0567741935483,3084.82,3383.38,3214.76,80.4527952440477,31
Bihar,Gaya,Gaya Market,Onion,2024-01-01,2937.2729032258067,3333.8632258064513,3120.6483870967745,2864.33,3288.48,3137.84,102.22644896166464,31
Bihar,Gaya,Gaya Market,Onion,2024-02-01,2868.051724137931,3251.7696551724134,3044.343793103448,2886.45,3162.83,3042.43,68.44618920905224,29
Bihar,Gaya,Gaya Market,Onion,2024-03-01,2820.7380645161293,3200.5587096774198,3014.836129032258,2841.75,3165.87,3015.55,90.31070813871489,31
Bihar,Gaya,Gaya Market,Onion,2024-04-01,2839.05,3247.6496666666667,3065.3456666666666,2905.79,3357.87,3046.1049999999996,95.65873447090296,30
Bihar,Gaya,Gaya Market,Onion,2024-05-01,2898.840322580645,3308.9583870967745,3110.609032258065,2888.78,3322.23,3123.6,102.86601399733006,31
Bihar,Gaya,Gaya Market,Onion,2024-06-01,3017.3803333333335,3446.779,3230.8866666666668,3024.87,3393.34,3237.395,97.48584379400882,30
Bihar,Gaya,Gaya Market,Onion,2024-07-01,3155.097741935484,3556.71935483871,3341.687096774194,3161.05,3476.88,3360.49,86.75734824568848,31
Bihar,Gaya,Gaya Market,Onion,2024-08-01,3208.837419354839,3642.374838709677,3432.397419354839,3245.93,3618.58,3425.93,76.39342711550259,31
Bihar,Gaya,Gaya Market,Onion,2024-09-01,3198.7823333333336,3691.6196666666665,3444.636,3223.64,3603.43,3444.165,88.78015154068055,30
Bihar,Gaya,Gaya Market,Onion,2024-10-01,3199.106451612903,3645.4025806451614,3426.686774193548,3215.9,3568.63,3426.79,78.71929485571277,31
Bihar,Gaya,Gaya Market,Onion,2024-11-01,3089.7046666666665,3535.2196666666664,3316.089,3074.29,3511.21,3322.9700000000003,101.09373026536086,30
Bihar,Gaya,Gaya Market,Onion,2024-12-01,3013.715483870968,3435.529677419355,3220.404516129032,3058.43,3356.9,3238.06,85.30130060902601,31
Bihar,Gaya,Gaya Market,Onion,2025-01-01,2916.1974193548385,3332.1306451612904,3119.14,2879.49,3231.53,3113.8,74.45685739630262,31
Bihar,Gaya,Gaya Market,Onion,2025-02-01,2848.98,3246.9614285714283,3049.16,2921.27,3227.31,3055.6,76.45038575103116,28
Bihar,Gaya,Gaya Market,Onion,2025-03-01,2811.1341935483874,3222.952903225806,3020.8167741935486,2887.44,3186.63,3023.38,81.36531949125484,31
Bihar,Gaya,Gaya Market,Onion,2025-04-01,2832.471,3251.2346666666663,3037.8559999999998,2852.86,3177.37,3034.24,86.1549044614327,30
Bihar,Gaya,Gaya Market,Onion,2025-05-01,2927.894516129032,3334.521935483871,3123.174193548387,3000.19,3281.24,3134.51,69.54575001508921,31
Bihar,Gaya,Gaya Market,Onion,2025-06-01,3017.5443333333333,3455.387,3237.726,3029.71,3499.16,3213.255,106.3134634676285,30
Bihar,Gaya,Gaya Market,Onion,2025-07-01,3120.7509677419353,3553.0677419354843,3345.392903225806,3099.67,3515.19,3364.87,95.77446810758268,31
Bihar,Gaya,Gaya Market,Onion,2025-08-01,3206.4280645161293,3663.35935483871,3441.6125806451614,3279.36,3575.47,3439.68,74.20421883638609,31
Bihar,Gaya,Gaya Market,Onion,2025-09-01,3220.483,3683.7816666666668,3434.21,3201.72,3624.88,3429.73,98.18202764113268,30
Bihar,Gaya,Gaya Market,Onion,2025-10-01,3216.341935483871,3656.9809677419357,3447.735483870968,3214.71,3611.38,3441.53,110.52747606632202,31
Bihar,Gaya,Gaya Market,Onion,2025-11-01,3154.4673333333335,3625.396,3373.8693333333335,3230.53,3517.33,3379.225,76.58226678381327,30
Bihar,Gaya,Gaya Market,Onion,2025-12-01,3028.3664516129033,3471.5532258064513,3248.556129032258,3037.85,3440.77,3254.78,91.68643104543571,31
Bihar,Gaya,Gaya Market,Onion,2026-01-01,2954.2674193548387,3359.9425806451613,3161.170967741936,3005.82,3278.98,3172.88,75.58972220061139,31
Bihar,Gaya,Gaya Market,Onion,2026-02-01,2850.2710714285713,3257.0814285714287,3068.8139285714283,2911.65,3226.72,3070.975,62.691727751268495,28
Bihar,Gaya,Gaya Market,Onion,2026-03-01,2858.5470967741935,3238.8987096774194,3042.29,2830.37,3291.52,3036.47,81.40005864043741,31
Bihar,Gaya,Gaya Market,Onion,2026-04-01,2865.3830000000003,3299.860333333333,3082.523,2891.45,3366.74,3073.17,96.9263527081792,30
Bihar,Gaya,Gaya Market,Onion,2026-05-01,2937.27935483871,3340.5841935483872,3144.526129032258,2934.52,3319.05,3135.85,95.3965589413451,31
Bihar,Gaya,Gaya Market,Onion,2026-06-01,3046.6216666666664,3479.349666666667,3269.71,3106.35,3372.7,3279.6850000000004,71.42784022088799,30
Bihar,Gaya,Gaya Market,Onion,2026-07-01,3131.0545161290324,3555.0722580645165,3332.4425806451613,3141.55,3444.37,3337.76,72.15924777729435,31
Bihar,Gaya,Gaya Market,Onion,2026-08-01,3224.358709677419,3672.902258064516,3446.4603225806454,3326.75,3609.58,3419.3,71.23138407021962,31
Bihar,Gaya,Gaya Market,Potato,2023-01-01,1572.3845161290321,1784.7132258064516,1684.241935483871,1624.02,1796.78,1680.63,39.93401636194009,31
Bihar,Gaya,Gaya Market,Potato,2023-02-01,1652.0689285714286,1876.1921428571427,1766.5839285714285,1617.04,1840.38,1765.105,48.0563293198556,28
Bihar,Gaya,Gaya Market,Potato,2023-03-01,1705.2396774193548,1922.7567741935484,1808.224193548387,1705.84,1904.02,1813.45,48.52856731000094,31
Bihar,Gaya,Gaya Market,Potato,2023-04-01,1686.266,1913.202,1805.1656666666668,1690.2,1915.46,1801.055,51.35418585385855,30
Bihar,Gaya,Gaya Market,Potato,2023-05-01,1641.4287096774194,1871.3158064516128,1750.6838709677418,1654.32,1838.77,1751.56,51.21749562258453,31
Bihar,Gaya,Gaya Market,Potato,2023-06-01,1538.7196666666666,1762.2293333333332,1650.6543333333332,1566.3,1740.69,1649.77,35.55633545403042,30
Bihar,Gaya,Gaya Market,Potato,2023-07-01,1447.2529032258067,1645.6783870967743,1541.7729032258064,1469.96,1608.7,1538.68,34.430599297093046,31
Bihar,Gaya,Gaya Market,Potato,2023-08-01,1351.5109677419357,1545.6367741935483,1452.7196774193549,1387.06,1530.84,1456.5,41.226018441745516,31
Bihar,Gaya,Gaya Market,Potato,2023-09-01,1321.4416666666666,1503.3636666666669,1413.3213333333333,1286.73,1479.9,1421.65,46.288598486939065,30
Bihar,Gaya,Gaya Market,Potato,2023-10-01,1318.1054838709676,1499.496129032258,1412.1754838709678,1353.6,1464.19,1408.09,27.239427898875967,31
Bihar,Gaya,Gaya Market,Potato,2023-11-01,1382.776,1568.0720000000001,1475.8716666666667,1385.67,1566.02,1480.405,48.48482344015479,30
Bihar,Gaya,Gaya Market,Potato,2023-12-01,1498.927741935484,1709.2035483870966,1595.6280645161291,1494.57,1704.72,1603.17,52.37746941954812,31
Bihar,Gaya,Gaya Market,Potato,2024-01-01,1581.008064516129,1805.312258064516,1693.84,1604.71,1836.46,1691.43,51.74464062425526,31
Bihar,Gaya,Gaya Market,Potato,2024-02-01,1668.8089655172414,1901.5231034482758,1781.992068965517,1685.62,1872.09,1788.74,44.424197024603494,29
Bihar,Gaya,Gaya Market,Potato,2024-03-01,1692.6180645161292,1941.3783870967743,1818.6748387096773,1742.09,1872.7,1821.02,31.672559718781585,31
Bihar,Gaya,Gaya Market,Potato,2024-04-01,1693.287,1932.5606666666667,1814.3143333333333,1709.48,1898.93,1815.5900000000001,42.731830636426444,30
Bihar,Gaya,Gaya Market,Potato,2024-05-01,1637.3448387096776,1870.7512903225806,1748.664516129032,1669.77,1848.92,1753.38,42.032916136341726,31
Bihar,Gaya,Gaya Market,Potato,2024-06-01,1566.62,1769.005,1662.1086666666667,1561.62,1764.14,1654.615,48.69877742098719,30
Bihar,Gaya,Gaya Market,Potato,2024-07-01,1451.5458064516129,1652.9745161290323,1550.7616129032258,1452.13,1650.0,1548.67,37.95220916686097,31
Bihar,Gaya,Gaya Market,Potato,2024-08-01,1372.52,1555.5364516129032,1459.3225806451612,1388.13,1552.29,1467.52,45.79479431607504,31
Bihar,Gaya,Gaya Market,Potato,2024-09-01,1324.8836666666668,1510.7836666666667,1420.1316666666667,1315.07,1498.05,1417.615,48.99834586112506,30
Bihar,Gaya,Gaya Market,Potato,2024-10-01,1339.4274193548388,1530.6187096774195,1434.7503225806452,1358.14,1515.27,1439.09,36.66764500063339,31
Bihar,Gaya,Gaya Market,Potato,2024-11-01,1397.5053333333335,1590.7333333333333,1494.6423333333332,1388.28,1594.61,1493.475,47.62399820166966,30
Bihar,Gaya,Gaya Market,Potato,2024-12-01,1501.1048387096773,1706.1612903225807,1600.273870967742,1540.68,1673.2,1599.79,34.52572120196951,31
Bihar,Gaya,Gaya Market,Potato,2025-01-01,1596.448064516129,1823.6929032258063,1703.5658064516128,1594.33,1799.74,1701.61,57.04141353871439,31
Bihar,Gaya,Gaya Market,Potato,2025-02-01,1691.0475000000001,1908.3232142857144,1797.6932142857145,1715.66,1921.63,1797.885,45.83430641824171,28
Bihar,Gaya,Gaya Market,Potato,2025-03-01,1698.9487096774192,1948.117741935484,1828.7887096774193,1748.54,1903.65,1826.68,40.96891892983715,31
Bihar,Gaya,Gaya Market,Potato,2025-04-01,1708.3536666666666,1950.669666666667,1831.6033333333332,1771.76,1936.95,1825.46,35.65016064512177,30
Bihar,Gaya,Gaya Market,Potato,2025-05-01,1649.145806451613,1870.7232258064516,1752.971935483871,1641.76,1834.81,1756.31,40.38951212211368,31
Bihar,Gaya,Gaya Market,Potato,2025-06-01,1564.165,1775.5076666666669,1668.3193333333334,1553.93,1773.02,1665.31,47.18090356923235,30
Bihar,Gaya,Gaya Market,Potato,2025-07-01,1457.6770967741934,1655.0006451612903,1559.7967741935483,1448.65,1685.76,1563.96,49.83991495358564,31
Bihar,Gaya,Gaya Market,Potato,2025-08-01,1384.4251612903226,1588.7712903225809,1482.3690322580646,1425.98,1550.1,1475.11,33.47011725453403,31
Bihar,Gaya,Gaya Market,Potato,2025-09-01,1337.033,1520.2046666666668,1425.4893333333334,1357.42,1507.46,1422.01,32.85040186951303,30
Bihar,Gaya,Gaya Market,Potato,2025-10-01,1352.34,1540.196129032258,1449.034193548387,1361.97,1538.82,1449.34,38.96202029106408,31
Bihar,Gaya,Gaya Market,Potato,2025-11-01,1407.8203333333333,1596.1566666666665,1500.5866666666666,1442.29,1577.12,1504.165,33.70230231911753,30
Bihar,Gaya,Gaya Market,Potato,2025-12-01,1498.5170967741935,1707.5190322580645,1606.2367741935482,1471.66,1680.14,1621.47,56.7789910904316,31
Bihar,Gaya,Gaya Market,Potato,2026-01-01,1610.6387096774195,1825.6790322580646,1715.4722580645162,1638.97,1798.73,1715.65,42.78884720030664,31
Bihar,Gaya,Gaya Market,Potato,2026-02-01,1674.517142857143,1909.7782142857143,1796.4978571428571,1729.25,1867.66,1790.0,34.20713672094616,28
Bihar,Gaya,Gaya Market,Potato,2026-03-01,1734.831935483871,1967.8987096774194,1857.096129032258,1740.33,1916.62,1870.74,43.65385868224547,31
Bihar,Gaya,Gaya Market,Potato,2026-04-01,1716.2886666666668,1948.764,1837.849,1759.73,1912.94,1842.7350000000001,38.991620085558814,30
Bihar,Gaya,Gaya Market,Potato,2026-05-01,1663.2129032258065,1888.7693548387097,1775.2187096774194,1692.78,1874.2,1769.57,39.48854270476739,31
Bihar,Gaya,Gaya Market,Potato,2026-06-01,1561.089,1783.7279999999998,1677.5506666666665,1593.1,1785.17,1678.165,43.684260475980714,30
Bihar,Gaya,Gaya Market,Potato,2026-07-01,1473.7490322580645,1670.8958064516128,1570.711935483871,1482.76,1669.17,1571.62,53.39405968328661,31
Bihar,Gaya,Gaya Market,Potato,2026-08-01,1398.1822580645162,1592.168064516129,1494.281935483871,1412.11,1574.34,1497.41,37.63177570611977,31
Bihar,Gaya,Gaya Market,Rice,2023-01-01,2879.7361290322583,3285.1306451612904,3094.6125806451614,2951.76,3320.04,3104.12,90.8754758618533,31
Bihar,Gaya,Gaya Market,Rice,2023-02-01,3014.0685714285714,3442.5617857142856,3223.2753571428575,3094.88,3362.28,3222.76,80.64343432585025,28
Bihar,Gaya,Gaya Market,Rice,2023-03-01,3129.923870967742,3572.0345161290325,3340.500322580645,3186.14,3514.25,3327.96,91.7932866638904,31
Bihar,Gaya,Gaya Market,Rice,2023-04-01,3302.4423333333334,3773.2529999999997,3531.3269999999998,3326.36,3720.09,3527.785,104.91026783678616,30
Bihar,Gaya,Gaya Market,Rice,2023-05-01,3428.174193548387,3882.6277419354838,3644.550322580645,3431.0,3863.42,3661.79,103.97939428828737,31
Bihar,Gaya,Gaya Market,Rice,2023-06-01,3469.764666666667,3952.8593333333333,3710.8806666666665,3555.38,3865.02,3707.73,83.42421689807745,30
Bihar,Gaya,Gaya Market,Rice,2023-07-01,3421.001612903226,3869.9861290322583,3669.302258064516,3420.48,3874.78,3679.16,113.03958668565858,31
Bihar,Gaya,Gaya Market,Rice,2023-08-01,3383.3238709677416,3795.1348387096773,3582.828387096774,3442.03,3733.97,3590.48,75.17191253372825,31
Bihar,Gaya,Gaya Market,Rice,2023-09-01,3177.899,3598.8486666666668,3402.059,3168.42,3687.97,3399.48,116.85801049225027,30
Bihar,Gaya,Gaya Market,Rice,2023-10-01,3027.9309677419355,3453.4470967741936,3239.9548387096775,3037.47,3490.61,3271.28,131.389846737891,31
Bihar,Gaya,Gaya Market,Rice,2023-11-01,2918.9990000000003,3321.2850000000003,3116.8296666666665,2918.68,3312.63,3136.225,111.86496957102554,30
Bihar,Gaya,Gaya Market,Rice,2023-12-01,2877.668387096774,3275.9009677419353,3069.585806451613,2801.32,3197.81,3080.64,84.45226568005512,31
Bihar,Gaya,Gaya Market,Rice,2024-01-01,2922.892903225806,3327.77935483871,3138.628387096774,2999.17,3330.11,3134.98,79.5634577385361,31
Bihar,Gaya,Gaya Market,Rice,2024-02-01,3015.885172413793,3449.5493103448275,3224.085517241379,3067.5,3398.98,3228.35,86.59337530691559,29
Bihar,Gaya,Gaya Market,Rice,2024-03-01,3153.734838709677,3589.470322580645,3369.964193548387,3244.84,3545.56,3379.88,71.96516897194988,31
Bihar,Gaya,Gaya Market,Rice,2024-04-01,3303.2470000000003,3792.074,3547.598,3334.58,3743.04,3530.295,109.45709461418765,30
Bihar,Gaya,Gaya Market,Rice,2024-05-01,3453.574516129032,3877.7667741935484,3655.719677419355,3457.38,3942.88,3672.89,103.70552998703826,31
Bihar,Gaya,Gaya Market,Rice,2024-06-01,3461.0826666666667,3930.5566666666664,3696.6323333333335,3553.01,3920.84,3683.51,70.53787819239432,30
Bihar,Gaya,Gaya Market,Rice,2024-07-01,3491.673548387097,3968.343870967742,3723.306129032258,3580.34,3851.99,3728.25,69.88023138090955,31
Bihar,Gaya,Gaya Market,Rice,2024-08-01,3339.6964516129033,3815.213870967742,3577.6829032258065,3376.23,3752.42,3579.56,98.27602427834073,31
Bihar,Gaya,Gaya Market,Rice,2024-09-01,3213.213666666667,3641.4570000000003,3425.9486666666667,3292.8,3633.3,3403.65,91.69216609012362,30
Bihar,Gaya,Gaya Market,Rice,2024-10-01,3073.95064516129,3479.818064516129,3261.3109677419357,3071.15,3433.98,3267.19,92.42102305409539,31
Bihar,Gaya,Gaya Market,Rice,2024-11-01,2946.3083333333334,3367.656,3152.7903333333334,2955.38,3281.09,3171.5950000000003,85.51422359944614,30
Bihar,Gaya,Gaya Market,Rice,2024-12-01,2867.522903225806,3299.618064516129,3097.683548387097,2943.24,3315.48,3096.46,86.57409826456512,31
Bihar,Gaya,Gaya Market,Rice,2025-01-01,2918.1774193548385,3336.389677419355,3126.614193548387,2982.97,3301.75,3102.57,87.98062816227197,31
Bihar,Gaya,Gaya Market,Rice,2025-02-01,3090.8382142857145,3474.1964285714284,3270.9757142857147,3163.28,3451.57,3261.86,71.0349357152062,28
Bihar,Gaya,Gaya Market,Rice,2025-03-01,3178.079677419355,3624.091290322581,3400.6206451612907,3224.95,3616.83,3390.51,91.38300753551809,31
Bihar,Gaya,Gaya Market,Rice,2025-04-01,3301.2696666666666,3771.687,3550.6456666666663,3347.41,3778.55,3565.61,111.27379347832748,30
Bihar,Gaya,Gaya Market,Rice,2025-05-01,3414.7106451612904,3921.1661290322577,3669.8106451612903,3462.06,3847.97,3683.99,79.51237769200839,31
Bihar,Gaya,Gaya Market,Rice,2025-06-01,3504.04,3990.9906666666666,3748.2783333333336,3537.04,3944.81,3750.81,99.39203697665033,30
Bihar,Gaya,Gaya Market,Rice,2025-07-01,3509.2258064516127,3967.29935483871,3738.4490322580646,3557.12,3884.16,3732.43,81.49241348554429,31
Bihar,Gaya,Gaya Market,Rice,2025-08-01,3383.6470967741934,3863.4790322580648,3617.124838709677,3410.27,3771.92,3623.47,86.53441064574521,31
Bihar,Gaya,Gaya Market,Rice,2025-09-01,3226.5653333333335,3696.0389999999998,3484.088,3308.14,3610.14,3482.8050000000003,74.88232061501331,30
Bihar,Gaya,Gaya Market,Rice,2025-10-01,3114.433548387097,3564.2851612903223,3340.3235483870967,3157.23,3546.35,3327.22,93.31842506702117,31
Bihar,Gaya,Gaya Market,Rice,2025-11-01,3004.2816666666668,3424.6043333333337,3207.4443333333334,3094.18,3338.23,3204.3050000000003,72.32534823847102,30
Bihar,Gaya,Gaya Market,Rice,2025-12-01,2933.4754838709678,3343.949677419355,3147.8048387096774,2954.21,3408.54,3146.23,95.6759274799039,31
Bihar,Gaya,Gaya Market,Rice,2026-01-01,2966.0880645161287,3357.0851612903225,3162.1825806451616,2991.75,3310.97,3167.99,75.89954281670573,31
Bihar,Gaya,Gaya Market,Rice,2026-02-01,3045.6864285714287,3487.4117857142855,3264.5185714285717,3125.1,3449.98,3248.885,79.01662514772099,28
Bihar,Gaya,Gaya Market,Rice,2026-03-01,3212.990322580645,3643.751935483871,3428.7854838709677,3233.87,3550.29,3433.42,88.48430123808072,31
Bihar,Gaya,Gaya Market,Rice,2026-04-01,3356.7336666666665,3836.425,3595.6136666666666,3404.67,3800.68,3601.23,92.65183275941253,30
Bihar,Gaya,Gaya Market,Rice,2026-05-01,3453.7229032258065,3948.387741935484,3712.702903225806,3565.38,3911.88,3715.69,83.72419443998068,31
Bihar,Gaya,Gaya Market,Rice,2026-06-01,3513.61,4048.896,3794.3713333333335,3636.38,3940.18,3807.59,75.82677785281545,30
Bihar,Gaya,Gaya Market,Rice,2026-07-01,3514.8996774193547,4004.433548387097,3764.4670967741936,3597.29,3992.15,3752.7,98.0663500627186,31
Bihar,Gaya,Gaya Market,Rice,2026-08-01,3435.71935483871,3878.699677419355,3651.7425806451615,3513.63,3854.73,3636.7,86.62123084508946,31
Bihar,Gaya,Gaya Market,Tomato,2023-01-01,1747.6751612903226,1994.0254838709677,1880.6296774193547,1746.08,1989.21,1886.67,57.71869001076809,31
Bihar,Gaya,Gaya Market,Tomato,2023-02-01,1855.715,2119.6767857142854,1984.2410714285713,1935.95,2099.59,1970.4250000000002,40.03812935831581,28
Bihar,Gaya,Gaya Market,Tomato,2023-03-01,1906.46,2165.3187096774195,2037.4490322580646,1919.96,2119.0,2037.84,48.01983738378951,31
Bihar,Gaya,Gaya Market,Tomato,2023-04-01,1904.144,2183.337666666667,2041.4033333333332,1946.31,2184.77,2031.705,52.01681998084402,30
Bihar,Gaya,Gaya Market,Tomato,2023-05-01,1848.2296774193549,2111.993225806452,1985.4903225806452,1872.24,2076.08,1992.02,53.08770664249063,31
Bihar,Gaya,Gaya Market,Tomato,2023-06-01,1733.6786666666667,1986.255,1857.6953333333333,1746.15,1977.56,1854.955,59.92151969283531,30
Bihar,Gaya,Gaya Market,Tomato,2023-07-01,1637.0267741935484,1854.124193548387,1745.5509677419354,1662.79,1860.37,1740.56,43.88476830327653,31
Bihar,Gaya,Gaya Market,Tomato,2023-08-01,1535.4419354838708,1731.5193548387097,1635.4487096774194,1571.35,1718.55,1633.91,39.989518188473255,31
Bihar,Gaya,Gaya Market,Tomato,2023-09-01,1487.2643333333333,1697.7733333333333,1587.245,1499.68,1668.47,1591.2350000000001,40.94340818908371,30
Bihar,Gaya,Gaya Market,Tomato,2023-10-01,1492.165806451613,1692.8064516129032,1592.233870967742,1463.21,1691.2,1586.85,51.52690874209446,31
Bihar,Gaya,Gaya Market,Tomato,2023-11-01,1558.732,1769.5013333333334,1664.7153333333333,1595.98,1741.31,1665.03,44.42941521213116,30
Bihar,Gaya,Gaya Market,Tomato,2023-12-01,1669.8987096774194,1911.7387096774194,1788.210322580645,1651.48,1902.05,1790.99,57.0265914864209,31
Bihar,Gaya,Gaya Market,Tomato,2024-01-01,1787.8477419354838,2029.8029032258064,1915.9161290322581,1827.51,2118.01,1907.85,58.75582312573612,31
Bihar,Gaya,Gaya Market,Tomato,2024-02-01,1882.1910344827586,2140.4068965517245,2010.0189655172414,1927.06,2070.48,2013.24,41.73454259148169,29
Bihar,Gaya,Gaya Market,Tomato,2024-03-01,1940.0206451612903,2201.9700000000003,2068.6445161290326,1968.88,2171.69,2065.95,42.70954895872896,31
Bihar,Gaya,Gaya Market,Tomato,2024-04-01,1947.8276666666668,2232.6276666666668,2085.1943333333334,1937.62,2149.66,2088.16,47.8976436453988,30
Bihar,Gaya,Gaya Market,Tomato,2024-05-01,1895.8967741935485,2138.347741935484,2010.100322580645,1834.82,2134.64,2008.62,58.952876915033926,31
Bihar,Gaya,Gaya Market,Tomato,2024-06-01,1756.1306666666667,2016.0279999999998,1883.4579999999999,1784.35,2009.94,1884.685,55.08984970654441,30
Bihar,Gaya,Gaya Market,Tomato,2024-07-01,1653.351612903226,1880.8206451612905,1768.4787096774191,1650.25,1843.03,1778.55,51.9812929005512,31
Bihar,Gaya,Gaya Market,Tomato,2024-08-01,1559.7535483870968,1781.9267741935485,1668.352258064516,1601.91,1772.95,1653.58,45.913324769589934,31
Bihar,Gaya,Gaya Market,Tomato,2024-09-01,1502.5146666666667,1711.6726666666666,1611.7276666666667,1464.63,1716.09,1613.85,51.01242118403582,30
Bihar,Gaya,Gaya Market,Tomato,2024-10-01,1524.3716129032257,1740.7145161290323,1627.935806451613,1525.17,1746.65,1625.18,53.010578992888625,31
Bihar,Gaya,Gaya Market,Tomato,2024-11-01,1584.3546666666666,1821.85,1704.4693333333335,1607.92,1813.92,1706.8400000000001,45.520398075143724,30
Bihar,Gaya,Gaya Market,Tomato,2024-12-01,1709.5393548387096,1924.164516129032,1814.6109677419356,1723.52,1924.12,1816.94,54.73946074237109,31
Bihar,Gaya,Gaya Market,Tomato,2025-01-01,1800.3912903225805,2066.068709677419,1938.9809677419353,1855.58,2038.3,1946.85,51.83751115134281,31
Bihar,Gaya,Gaya Market,Tomato,2025-02-01,1918.314285714286,2181.039642857143,2041.9035714285715,1925.45,2114.77,2047.15,44.10595779141879,28
Bihar,Gaya,Gaya Market,Tomato,2025-03-01,1957.3148387096776,2242.841935483871,2112.503870967742,2018.36,2202.99,2113.65,45.19788303873083,31
Bihar,Gaya,Gaya Market,Tomato,2025-04-01,1956.5006666666668,2229.7613333333334,2102.7163333333333,2020.58,2177.01,2103.8,40.08435454382923,30
Bihar,Gaya,Gaya Market,Tomato,2025-05-01,1882.9348387096775,2154.146451612903,2018.1587096774192,1950.86,2123.11,2014.95,45.80720756547218,31
Bihar,Gaya,Gaya Market,Tomato,2025-06-01,1811.9413333333332,2057.5826666666667,1929.9663333333333,1827.77,2034.71,1935.715,57.54054513443381,30
Bihar,Gaya,Gaya Market,Tomato,2025-07-01,1687.3096774193548,1907.6206451612902,1786.320322580645,1688.45,1870.9,1790.11,48.624591411059434,31
Bihar,Gaya,Gaya Market,Tomato,2025-08-01,1583.116129032258,1811.9545161290323,1694.1312903225805,1565.85,1829.82,1701.43,61.67117401952267,31
Bihar,Gaya,Gaya Market,Tomato,2025-09-01,1504.9406666666666,1735.135,1621.8766666666668,1555.67,1717.05,1624.775,43.30172166150641,30
Bihar,Gaya,Gaya Market,Tomato,2025-10-01,1526.3193548387096,1752.3912903225805,1641.9187096774192,1539.35,1733.51,1646.35,53.78119849550503,31
Bihar,Gaya,Gaya Market,Tomato,2025-11-01,1605.0459999999998,1833.3746666666666,1725.426,1627.67,1820.35,1727.7849999999999,50.516193415986734,30
Bihar,Gaya,Gaya Market,Tomato,2025-12-01,1718.860322580645,1966.0564516129032,1840.3238709677419,1746.54,1933.02,1843.2,49.14792736744995,31
Bihar,Gaya,Gaya Market,Tomato,2026-01-01,1850.1174193548386,2104.33,1976.9051612903224,1861.58,2138.02,1970.04,59.455958090616264,31
Bihar,Gaya,Gaya Market,Tomato,2026-02-01,1944.3078571428573,2210.7825000000003,2074.1532142857145,1944.29,2176.02,2088.6549999999997,60.8947597364485,28
Bihar,Gaya,Gaya Market,Tomato,2026-03-01,1986.9183870967743,2259.8161290322582,2116.85935483871,2033.33,2198.73,2113.57,42.55306388776906,31
Bihar,Gaya,Gaya Market,Tomato,2026-04-01,1989.9093333333333,2274.8883333333333,2118.3383333333336,1985.28,2198.81,2131.73,45.89404980464534,30
Bihar,Gaya,Gaya Market,Tomato,2026-05-01,1936.8135483870967,2205.594516129032,2061.442258064516,1969.84,2144.42,2062.48,50.02688955016622,31
Bihar,Gaya,Gaya Market,Tomato,2026-06-01,1828.703,2073.7433333333333,1949.0163333333333,1844.31,2036.43,1950.955,54.74206958677836,30
Bihar,Gaya,Gaya Market,Tomato,2026-07-01,1715.8690322580646,1957.0667741935483,1837.3177419354838,1738.49,1896.26,1834.85,41.48854875823586,31
Bihar,Gaya,Gaya Market,Tomato,2026-08-01,1613.8967741935485,1845.361935483871,1733.0338709677421,1627.45,1839.74,1732.63,48.12289037297583,31
Bihar,Gaya,Gaya Market,Wheat,2023-01-01,3173.342903225807,3590.484193548387,3398.8035483870967,3257.97,3570.88,3401.64,77.94719274604623,31
Bihar,Gaya,Gaya Market,Wheat,2023-02-01,3390.8139285714283,3854.226785714286,3621.3539285714287,3429.68,3808.33,3594.84,89.76803878718965,28
Bihar,Gaya,Gaya Market,Wheat,2023-03-01,3530.1670967741934,4006.4464516129033,3765.4748387096774,3603.67,3965.69,3764.23,88.5301497370988,31
Bihar,Gaya,Gaya Market,Wheat,2023-04-01,3616.279666666667,4118.758,3854.687,3721.39,4013.34,3838.17,68.65894316763523,30
Bihar,Gaya,Gaya Market,Wheat,2023-05-01,3501.735483870968,4005.972580645161,3765.547419354839,3604.85,3890.15,3773.35,66.5822474822301,31
Bihar,Gaya,Gaya Market,Wheat,2023-06-01,3364.550333333333,3826.364,3609.7946666666667,3452.6,3727.5,3615.065,78.61760304477447,30
Bihar,Gaya,Gaya Market,Wheat,2023-07-01,3221.5374193548387,3628.2096774193546,3412.642258064516,3269.14,3634.62,3397.81,97.54300168676642,31
Bihar,Gaya,Gaya Market,Wheat,2023-08-01,3001.1474193548383,3404.8729032258066,3207.701935483871,3005.86,3481.29,3201.66,114.32987003751762,31
Bihar,Gaya,Gaya Market,Wheat,2023-09-01,2872.7450000000003,3292.316,3073.9446666666668,2920.18,3309.16,3075.96,90.36530718693122,30
Bihar,Gaya,Gaya Market,Wheat,2023-10-01,2807.7832258064514,3192.092580645161,3002.45,2843.62,3141.9,2996.27,77.37988653390478,31
Bihar,Gaya,Gaya Market,Wheat,2023-11-01,2847.6240000000003,3249.115,3042.4663333333333,2891.46,3273.12,3059.39,89.40237790879567,30
Bihar,Gaya,Gaya Market,Wheat,2023-12-01,2984.0990322580647,3407.923870967742,3207.8954838709674,3054.55,3356.05,3213.21,90.38311810800032,31
Bihar,Gaya,Gaya Market,Wheat,2024-01-01,3204.6454838709674,3651.4151612903224,3424.5109677419355,3213.49,3637.32,3410.82,98.02116976636009,31
Bihar,Gaya,Gaya Market,Wheat,2024-02-01,3399.7637931034483,3869.611724137931,3638.8020689655173,3397.71,3811.66,3657.81,105.0727975663712,29
Bihar,Gaya,Gaya Market,Wheat,2024-03-01,3537.698064516129,4048.718064516129,3785.158709677419,3549.7,3976.76,3783.11,99.98718910413578,31
Bihar,Gaya,Gaya Market,Wheat,2024-04-01,3591.8779999999997,4070.349,3834.8543333333337,3610.77,3994.76,3845.79,115.52841017012558,30
Bihar,Gaya,Gaya Market,Wheat,2024-05-01,3540.618064516129,4057.0774193548386,3789.5367741935484,3492.86,3980.72,3778.25,89.55140889965934,31
Bihar,Gaya,Gaya Market,Wheat,2024-06-01,3390.135333333333,3857.535666666666,3621.025333333333,3360.64,3860.12,3630.715,102.0207712364407,30
Bihar,Gaya,Gaya Market,Wheat,2024-07-01,3178.7200000000003,3657.1716129032257,3440.186129032258,3273.97,3629.72,3454.99,97.84252257845831,31
Bihar,Gaya,Gaya Market,Wheat,2024-08-01,3023.6009677419356,3420.6567741935482,3220.4161290322577,3025.6,3380.26,3206.84,86.13005676213994,31
Bihar,Gaya,Gaya Market,Wheat,2024-09-01,2882.6313333333333,3294.5293333333334,3081.0873333333334,2849.87,3350.58,3076.415,117.73206137413187,30
Bihar,Gaya,Gaya Market,Wheat,2024-10-01,2817.4012903225807,3198.4751612903224,3008.1825806451616,2860.11,3213.3,3010.25,78.39637113063081,31
Bihar,Gaya,Gaya Market,Wheat,2024-11-01,2898.4076666666665,3289.7326666666663,3092.2773333333334,2922.15,3323.98,3069.5950000000003,89.70750366236555,30
Bihar,Gaya,Gaya Market,Wheat,2024-12-01,3039.3306451612902,3441.835806451613,3237.6548387096777,3090.58,3446.95,3225.86,88.19302273502004,31
Bihar,Gaya,Gaya Market,Wheat,2025-01-01,3231.0787096774193,3648.407419354839,3439.7212903225804,3295.22,3622.15,3448.29,82.79486488673624,31
Bihar,Gaya,Gaya Market,Wheat,2025-02-01,3407.71,3849.993571428571,3619.176071428571,3427.66,3831.75,3634.205,106.22187695222662,28
Bihar,Gaya,Gaya Market,Wheat,2025-03-01,3565.2316129032256,4037.0148387096774,3804.03064516129,3645.42,4021.22,3785.99,101.76054991778445,31
Bihar,Gaya,Gaya Market,Wheat,2025-04-01,3614.1976666666665,4111.435,3856.016,3726.96,4082.35,3852.44,84.52528928241449,30
Bihar,Gaya,Gaya Market,Wheat,2025-05-01,3592.1145161290324,4067.4367741935484,3831.128064516129,3606.69,3985.69,3845.63,90.05120378315722,31
Bihar,Gaya,Gaya Market,Wheat,2025-06-01,3385.6233333333334,3851.9296666666664,3618.7023333333336,3469.53,3831.02,3609.7700000000004,75.29169870820972,30
Bihar,Gaya,Gaya Market,Wheat,2025-07-01,3195.2690322580643,3693.9587096774194,3447.4390322580643,3191.14,3673.53,3467.73,112.5489603196418,31
Bihar,Gaya,Gaya Market,Wheat,2025-08-01,3001.093870967742,3416.104193548387,3221.2467741935484,2991.57,3507.74,3211.67,107.39543628997444,31
Bihar,Gaya,Gaya Market,Wheat,2025-09-01,2896.7403333333336,3283.8173333333334,3089.721,2887.26,3266.89,3110.13,103.87700934941917,30
Bihar,Gaya,Gaya Market,Wheat,2025-10-01,2845.592903225807,3254.5032258064516,3054.4277419354835,2870.32,3244.45,3072.17,96.27042892150835,31
Bihar,Gaya,Gaya Market,Wheat,2025-11-01,2888.9210000000003,3317.5163333333335,3092.5809999999997,2955.81,3221.23,3103.12,69.21186605209977,30
Bihar,Gaya,Gaya Market,Wheat,2025-12-01,3031.7487096774194,3453.0370967741933,3262.6787096774196,3096.77,3422.69,3270.25,76.80078748476186,31
Bihar,Gaya,Gaya Market,Wheat,2026-01-01,3264.781612903226,3690.195806451613,3478.3770967741934,3293.96,3640.18,3471.67,94.53559023611335,31
Bihar,Gaya,Gaya Market,Wheat,2026-02-01,3454.8775,3893.127857142857,3662.1825,3501.39,3817.29,3666.45,84.16955280530144,28
Bihar,Gaya,Gaya Market,Wheat,2026-03-01,3584.881935483871,4084.1306451612904,3829.145806451613,3592.9,3989.0,3853.35,94.05033828662177,31
Bihar,Gaya,Gaya Market,Wheat,2026-04-01,3577.6710000000003,4126.936333333333,3864.371,3646.85,4010.63,3864.9700000000003,89.49673380092962,30
Bihar,Gaya,Gaya Market,Wheat,2026-05-01,3598.0838709677423,4098.377741935484,3856.1632258064515,3726.24,4002.76,3844.53,71.91229048348171,31
Bihar,Gaya,Gaya Market,Wheat,2026-06-01,3465.3723333333332,3924.572,3687.962,3495.72,3903.24,3675.855,113.00913278321266,30
Bihar,Gaya,Gaya Market,Wheat,2026-07-01,3239.6161290322584,3720.261612903226,3482.181612903226,3218.3,3650.74,3486.82,100.2061419640125,31
Bihar,Gaya,Gaya Market,Wheat,2026-08-01,3040.841290322581,3464.2135483870966,3259.0254838709675,3043.96,3493.48,3258.45,115.01116055521766,31
Bihar,Muzaffarpur,Muzaffarpur Market,Onion,2023-01-01,3145.4570967741934,3594.908709677419,3372.676774193548,3230.99,3528.0,3349.12,85.7761212843099,31
Bihar,Muzaffarpur,Muzaffarpur Market,Onion,2023-02-01,3064.8232142857146,3509.6617857142855,3298.057142857143,3160.06,3476.91,3280.3599999999997,78.82764315180137,28
Bihar,Muzaffarpur,Muzaffarpur Market,Onion,2023-03-01,2959.7906451612903,3328.8770967741934,3130.0735483870967,2971.07,3282.3,3125.61,79.14967536460647,31
Bihar,Muzaffarpur,Muzaffarpur Market,Onion,2023-04-01,2793.399,3170.7033333333334,2991.2533333333336,2743.63,3126.54,2985.77,82.71918371226224,30
Bihar,Muzaffarpur,Muzaffarpur Market,Onion,2023-05-01,2716.643548387097,3102.1477419354837,2910.4667741935486,2771.93,3065.35,2909.4,74.32150228958413,31
Bihar,Muzaffarpur,Muzaffarpur Market,Onion,2023-06-01,2727.4526666666666,3087.8663333333334,2923.139,2774.89,3053.62,2931.965,62.930093856267455,30
Bihar,Muzaffarpur,Muzaffarpur Market,Onion,2023-07-01,2747.469677419355,3146.030322580645,2950.7654838709677,2749.16,3163.62,2959.62,90.92304800722835,31
Bihar,Muzaffarpur,Muzaffarpur Market,Onion,2023-08-01,2898.8948387096775,3317.403870967742,3098.4770967741933,2880.7,3264.39,3115.67,95.16816331083088,31
Bihar,Muzaffarpur,Muzaffarpur Market,Onion,2023-09-01,3021.5570000000002,3441.9696666666664,3226.2363333333333,3069.47,3383.6,3217.775,77.00090570373467,30
Bihar,Muzaffarpur,Muzaffarpur Market,Onion,2023-10-01,3150.2932258064516,3584.472580645161,3366.7390322580645,3205.02,3514.45,3353.18,72.1075873656783,31
Bihar,Muzaffarpur,Muzaffarpur Market,Onion,2023-11-01,3245.338,3677.063,3444.337666666667,3203.4,3603.06,3441.96,87.65969673857443,30
Bihar,Muzaffarpur,Muzaffarpur Market,Onion,2023-12-01,3253.1309677419354,3693.5641935483873,3465.955806451613,3249.57,3647.66,3443.61,104.70449371999905,31
Bihar,Muzaffarpur,Muzaffarpur Market,Onion,2024-01-01,3128.3287096774193,3555.5193548387097,3369.1661290322577,3168.55,3534.05,3368.72,91.86392569728426,31
Bihar,Muzaffarpur,Muzaffarpur Market,Onion,2024-02-01,3026.8344827586207,3486.2868965517246,3255.2420689655173,3100.39,3410.99,3270.8,93.30750966482928,29
Bihar,Muzaffarpur,Muzaffarpur Market,Onion,2024-03-01,2961.6648387096775,3332.265161290323,3161.7396774193544,2846.78,3389.51,3174.93,115.91951076742484,31
Bihar,Muzaffarpur,Muzaffarpur Market,Onion,2024-04-01,2795.5516666666667,3190.6806666666666,3002.701,2796.0,3140.83,3006.57,84.92867467306968,30
Bihar,Muzaffarpur,Muzaffarpur Market,Onion,2024-05-01,2748.041935483871,3107.0109677419355,2917.1154838709676,2785.37,3095.06,2913.93,77.22337801636282,31
Bihar,Muzaffarpur,Muzaffarpur Market,Onion,2024-06-01,2737.6403333333333,3112.2093333333332,2913.5093333333334,2669.67,3139.44,2904.5150000000003,96.69919091532344,30
Bihar,Muzaffarpur,Muzaffarpur Market,Onion,2024-07-01,2785.03064516129,3174.551612903226,2993.158709677419,2695.31,3203.26,3000.2,116.24206317685893,31
Bihar,Muzaffarpur,Muzaffarpur Market,Onion,2024-08-01,2942.426774193548,3349.226129032258,3133.286129032258,2937.25,3316.83,3138.15,95.21799503166145,31
Bihar,Muzaffarpur,Muzaffarpur Market,Onion,2024-09-01,3009.4570000000003,3453.6183333333333,3236.3076666666666,3097.98,3372.73,3231.0,78.6822210423735,30
Bihar,Muzaffarpur,Muzaffarpur Market,Onion,2024-10-01,3146.3532258064515,3610.180322580645,3373.1812903225805,3165.76,3602.92,3371.25,105.57355741352204,31
Bihar,Muzaffarpur,Muzaffarpur Market,Onion,2024-11-01,3216.222333333333,3689.096,3455.2560000000003,3296.6,3583.69,3466.075,76.17192892307554,30
Bihar,Muzaffarpur,Muzaffarpur Market,Onion,2024-12-01,3220.7735483870965,3704.066451612903,3469.9809677419357,3317.88,3664.41,3465.15,85.21287232004468,31
Bihar,Muzaffarpur,Muzaffarpur Market,Onion,2025-01-01,3158.44,3578.7870967741933,3386.42,3084.18,3544.74,3395.5,93.1221914833767,31
Bihar,Muzaffarpur,Muzaffarpur Market,Onion,2025-02-01,3079.272857142857,3500.8039285714285,3289.158214285714,2990.01,3407.15,3319.23,107.91154203374421,28
Bihar,Muzaffarpur,Muzaffarpur Market,Onion,2025-03-01,2941.898064516129,3370.324516129032,3149.9448387096777,3001.2,3329.88,3155.64,92.72322107113438,31
Bihar,Muzaffarpur,Muzaffarpur Market,Onion,2025-04-01,2851.4736666666668,3228.8676666666665,3040.072333333333,2915.43,3289.82,3029.285,84.72294379158835,30
Bihar,Muzaffarpur,Muzaffarpur Market,Onion,2025-05-01,2743.7280645161286,3134.792258064516,2941.5,2801.62,3075.98,2929.01,73.84417548685427,31
Bihar,Muzaffarpur,Muzaffarpur Market,Onion,2025-06-01,2767.631,3149.5456666666664,2939.9416666666666,2764.41,3121.32,2938.33,91.99291787146306,30
Bihar,Muzaffarpur,Muzaffarpur Market,Onion,2025-07-01,2796.4574193548383,3184.761290322581,2997.8229032258064,2851.52,3171.69,2972.67,92.26990315350395,31
Bihar,Muzaffarpur,Muzaffarpur Market,Onion,2025-08-01,2906.670322580645,3313.378387096774,3108.1548387096777,2958.71,3285.81,3096.67,75.62573238746035,31
Bihar,Muzaffarpur,Muzaffarpur Market,Onion,2025-09-01,3086.1536666666666,3497.8023333333335,3272.3526666666667,3118.51,3497.62,3259.385,83.11820083402313,30
Bihar,Muzaffarpur,Muzaffarpur Market,Onion,2025-10-01,3144.108387096774,3617.0593548387096,3381.7296774193546,3194.13,3496.98,3379.38,67.62541023825634,31
Bihar,Muzaffarpur,Muzaffarpur Market,Onion,2025-11-01,3252.1940000000004,3664.889666666667,3464.4456666666665,3198.67,3655.91,3463.145,117.01085737077422,30
Bihar,Muzaffarpur,Muzaffarpur Market,Onion,2025-12-01,3255.6838709677418,3705.3654838709676,3486.5129032258064,3334.7,3624.76,3511.62,84.61658277956114,31
Bihar,Muzaffarpur,Muzaffarpur Market,Onion,2026-01-01,3168.608709677419,3619.1470967741934,3405.295483870968,3253.44,3546.65,3381.92,88.62771356781161,31
Bihar,Muzaffarpur,Muzaffarpur Market,Onion,2026-02-01,3076.8675,3494.652857142857,3294.8535714285713,3120.03,3565.84,3291.805,95.90867956760789,28
Bihar,Muzaffarpur,Muzaffarpur Market,Onion,2026-03-01,2967.2467741935484,3359.085806451613,3158.5887096774195,3016.94,3306.52,3133.73,79.16944460004467,31
Bihar,Muzaffarpur,Muzaffarpur Market,Onion,2026-04-01,2831.597333333333,3237.8446666666664,3033.4453333333336,2873.05,3229.25,3047.265,93.31601923805349,30
Bihar,Muzaffarpur,Muzaffarpur Market,Onion,2026-05-01,2775.70064516129,3122.6696774193547,2954.3348387096776,2799.09,3117.1,2953.83,77.75638189760664,31
Bihar,Muzaffarpur,Muzaffarpur Market,Onion,2026-06-01,2760.1153333333336,3135.8946666666666,2940.4173333333333,2853.64,3032.98,2940.915,55.108515014709305,30
Bihar,Muzaffarpur,Muzaffarpur Market,Onion,2026-07-01,2797.503548387097,3196.8609677419354,3009.000322580645,2786.44,3157.95,3029.34,87.87363793098466,31
Bihar,Muzaffarpur,Muzaffarpur Market,Onion,2026-08-01,2879.5170967741933,3315.487419354839,3100.4812903225807,2961.46,3221.14,3107.51,66.18898059052509,31
Bihar,Muzaffarpur,Muzaffarpur Market,Potato,2023-01-01,1732.6067741935483,1953.5432258064516,1847.147741935484,1773.03,1908.06,1851.88,32.717177925332265,31
Bihar,Muzaffarpur,Muzaffarpur Market,Potato,2023-02-01,1700.2496428571428,1930.644642857143,1820.4317857142858,1758.4,1907.65,1817.57,36.276437618966284,28
Bihar,Muzaffarpur,Muzaffarpur Market,Potato,2023-03-01,1673.1287096774192,1893.6683870967743,1786.6116129032257,1703.64,1896.17,1789.94,43.25461540666487,31
Bihar,Muzaffarpur,Muzaffarpur Market,Potato,2023-04-01,1584.9916666666666,1813.987,1694.0316666666665,1579.12,1771.53,1695.05,48.389471288795974,30
Bihar,Muzaffarpur,Muzaffarpur Market,Potato,2023-05-01,1494.6245161290324,1714.423870967742,1597.5329032258064,1508.34,1693.26,1606.64,48.86767303603673,31
Bihar,Muzaffarpur,Muzaffarpur Market,Potato,2023-06-01,1434.7853333333333,1635.201,1530.106,1467.96,1590.45,1523.5949999999998,30.03804295934712,30
Bihar,Muzaffarpur,Muzaffarpur Market,Potato,2023-07-01,1387.8883870967743,1588.2364516129032,1494.671935483871,1423.18,1570.44,1492.87,37.13140713909224,31
Bihar,Muzaffarpur,Muzaffarpur Market,Potato,2023-08-01,1402.4525806451613,1601.1525806451614,1491.6187096774195,1430.58,1573.21,1497.3,35.02586356222441,31
Bihar,Muzaffarpur,Muzaffarpur Market,Potato,2023-09-01,1472.6633333333334,1667.1573333333333,1568.3383333333334,1483.42,1673.13,1559.295,48.63927589094439,30
Bihar,Muzaffarpur,Muzaffarpur Market,Potato,2023-10-01,1554.2054838709678,1767.0129032258064,1660.3477419354838,1575.42,1732.1,1654.57,44.09837114978873,31
Bihar,Muzaffarpur,Muzaffarpur Market,Potato,2023-11-01,1639.9083333333333,1871.923,1755.4763333333333,1677.89,1853.59,1748.145,40.64587984237663,30
Bihar,Muzaffarpur,Muzaffarpur Market,Potato,2023-12-01,1695.756129032258,1941.1764516129033,1819.1261290322582,1756.26,1900.71,1818.91,37.497454640497054,31
Bihar,Muzaffarpur,Muzaffarpur Market,Potato,2024-01-01,1726.8293548387096,1981.9532258064517,1850.7232258064516,1751.04,1913.47,1843.74,44.44502172250537,31
Bihar,Muzaffarpur,Muzaffarpur Market,Potato,2024-02-01,1723.7144827586208,1965.9003448275862,1844.1472413793103,1782.2,1900.44,1845.53,27.592846885761585,29
Bihar,Muzaffarpur,Muzaffarpur Market,Potato,2024-03-01,1667.9316129032256,1897.6229032258063,1779.0177419354839,1681.83,1879.63,1781.35,50.602528046839524,31
Bihar,Muzaffarpur,Muzaffarpur Market,Potato,2024-04-01,1590.972,1805.645,1704.4803333333334,1621.35,1820.77,1700.005,51.91434712886301,30
Bihar,Muzaffarpur,Muzaffarpur Market,Potato,2024-05-01,1510.8241935483873,1706.640322580645,1613.6319354838708,1547.61,1728.12,1601.89,43.90143744186934,31
Bihar,Muzaffarpur,Muzaffarpur Market,Potato,2024-06-01,1446.23,1642.2926666666667,1541.0283333333332,1481.97,1634.75,1544.4850000000001,36.85224693316523,30
Bihar,Muzaffarpur,Muzaffarpur Market,Potato,2024-07-01,1428.8525806451612,1610.632258064516,1519.956129032258,1429.6,1643.3,1516.19,41.38328983840534,31
Bihar,Muzaffarpur,Muzaffarpur Market,Potato,2024-08-01,1421.9232258064517,1629.818064516129,1529.1067741935483,1475.03,1638.35,1516.54,39.05638841359988,31
Bihar,Muzaffarpur,Muzaffarpur Market,Potato,2024-09-01,1477.3836666666668,1690.24,1582.5646666666667,1512.22,1697.45,1578.69,45.47193069267608,30
Bihar,Muzaffarpur,Muzaffarpur Market,Potato,2024-10-01,1574.015483870968,1797.451935483871,1683.5506451612903,1559.19,1787.06,1697.74,52.04571406853053,31
Bihar,Muzaffarpur,Muzaffarpur Market,Potato,2024-11-01,1638.904,1883.606,1769.1826666666668,1662.42,1868.32,1766.385,48.83009804825599,30
Bihar,Muzaffarpur,Muzaffarpur Market,Potato,2024-12-01,1735.6358064516128,1970.2861290322583,1846.3645161290324,1765.09,1953.23,1838.35,48.13234441542141,31
Bihar,Muzaffarpur,Muzaffarpur Market,Potato,2025-01-01,1756.6309677419354,1974.5874193548386,1865.3729032258063,1768.19,1959.29,1869.43,44.86397085959202,31
Bihar,Muzaffarpur,Muzaffarpur Market,Potato,2025-02-01,1715.7582142857143,1982.1346428571428,1853.2607142857144,1763.9,1959.08,1857.625,46.22737387919837,28
Bihar,Muzaffarpur,Muzaffarpur Market,Potato,2025-03-01,1680.525806451613,1924.7151612903226,1801.4667741935484,1728.42,1894.59,1793.2,45.28187962729287,31
Bihar,Muzaffarpur,Muzaffarpur Market,Potato,2025-04-01,1612.9886666666669,1829.5279999999998,1718.7443333333333,1616.57,1793.47,1719.795,40.56684315217701,30
Bihar,Muzaffarpur,Muzaffarpur Market,Potato,2025-05-01,1514.2206451612901,1744.9267741935485,1627.569677419355,1548.06,1680.19,1626.97,35.13237409985936,31
Bihar,Muzaffarpur,Muzaffarpur Market,Potato,2025-06-01,1442.0346666666667,1640.2466666666667,1544.051,1476.55,1626.28,1539.15,34.81475641854701,30
Bihar,Muzaffarpur,Muzaffarpur Market,Potato,2025-07-01,1423.6648387096775,1612.2087096774194,1519.2412903225807,1443.97,1594.98,1519.11,38.558641810618475,31
Bihar,Muzaffarpur,Muzaffarpur Market,Potato,2025-08-01,1425.5961290322582,1631.9225806451611,1530.8245161290322,1429.33,1628.92,1529.02,42.14788194272716,31
Bihar,Muzaffarpur,Muzaffarpur Market,Potato,2025-09-01,1473.9203333333332,1685.6606666666667,1588.5633333333333,1458.0,1677.02,1591.305,58.28524763569271,30
Bihar,Muzaffarpur,Muzaffarpur Market,Potato,2025-10-01,1566.0383870967742,1786.663870967742,1678.9258064516127,1569.0,1753.46,1683.54,48.407843288334526,31
Bihar,Muzaffarpur,Muzaffarpur Market,Potato,2025-11-01,1665.0733333333333,1901.356,1774.276,1651.62,1876.13,1769.71,52.05636266387716,30
Bihar,Muzaffarpur,Muzaffarpur Market,Potato,2025-12-01,1725.7570967741935,1964.2687096774193,1842.8425806451614,1776.92,1949.72,1839.54,43.51526996107164,31
Bihar,Muzaffarpur,Muzaffarpur Market,Potato,2026-01-01,1751.7835483870967,2001.4422580645162,1871.3590322580644,1815.49,1960.08,1869.29,30.442675019872937,31
Bihar,Muzaffarpur,Muzaffarpur Market,Potato,2026-02-01,1733.0010714285713,1969.3985714285714,1856.1557142857143,1754.52,1952.99,1855.3899999999999,47.59423225471064,28
Bihar,Muzaffarpur,Muzaffarpur Market,Potato,2026-03-01,1667.2293548387097,1921.4419354838708,1805.124193548387,1727.18,1887.17,1807.38,44.525501889306305,31
Bihar,Muzaffarpur,Muzaffarpur Market,Potato,2026-04-01,1616.8319999999999,1835.548,1721.3583333333333,1659.25,1804.89,1712.9099999999999,45.65828512520726,30
Bihar,Muzaffarpur,Muzaffarpur Market,Potato,2026-05-01,1532.7577419354839,1736.897741935484,1629.5503225806451,1525.98,1716.25,1629.27,44.89125887325737,31
Bihar,Muzaffarpur,Muzaffarpur Market,Potato,2026-06-01,1453.551,1660.9406666666666,1560.8480000000002,1465.28,1634.82,1557.315,43.504832502085144,30
Bihar,Muzaffarpur,Muzaffarpur Market,Potato,2026-07-01,1423.4696774193549,1625.4454838709676,1526.8109677419354,1438.72,1648.19,1524.31,54.14466568707939,31
Bihar,Muzaffarpur,Muzaffarpur Market,Potato,2026-08-01,1446.3693548387096,1629.6290322580646,1529.677741935484,1422.17,1618.81,1534.54,44.39820069249632,31
Bihar,Muzaffarpur,Muzaffarpur Market,Rice,2023-01-01,3493.918387096774,3957.1496774193547,3709.6887096774194,3543.65,3888.74,3710.57,89.71509173459184,31
Bihar,Muzaffarpur,Muzaffarpur Market,Rice,2023-02-01,3503.5271428571427,3980.6185714285716,3737.8767857142857,3548.57,3937.99,3720.695,96.15871186254267,28
Bihar,Muzaffarpur,Muzaffarpur Market,Rice,2023-03-01,3407.1332258064517,3875.258387096774,3637.8067741935483,3455.8,3924.13,3623.0,103.07595863850744,31
Bihar,Muzaffarpur,Muzaffarpur Market,Rice,2023-04-01,3228.300333333333,3654.9539999999997,3451.2556666666665,3291.59,3624.9,3433.155,81.786909950159,30
Bihar,Muzaffarpur,Muzaffarpur Market,Rice,2023-05-01,3059.786129032258,3467.796774193548,3250.1490322580644,3066.24,3478.92,3233.88,107.88299570537312,31
Bihar,Muzaffarpur,Muzaffarpur Market,Rice,2023-06-01,2864.536,3260.1659999999997,3058.104,2881.07,3280.39,3064.005,89.99968599945228,30
Bihar,Muzaffarpur,Muzaffarpur Market,Rice,2023-07-01,2767.415483870968,3147.19,2942.939677419355,2755.84,3083.24,2963.24,89.16955035152117,31
Bihar,Muzaffarpur,Muzaffarpur Market,Rice,2023-08-01,2739.374516129032,3128.6209677419356,2940.8225806451615,2662.5,3101.35,2950.08,96.49698782752205,31
Bihar,Muzaffarpur,Muzaffarpur Market,Rice,2023-09-01,2809.067666666667,3193.8413333333333,2998.5216666666665,2808.68,3187.81,2994.765,83.5606685272003,30
Bihar,Muzaffarpur,Muzaffarpur Market,Rice,2023-10-01,2971.8832258064517,3385.181935483871,3177.281935483871,2848.96,3349.52,3169.86,113.58264299382354,31
Bihar,Muzaffarpur,Muzaffarpur Market,Rice,2023-11-01,3192.5113333333334,3626.713333333333,3394.9610000000002,3219.26,3545.75,3405.325,87.66963817414894,30
Bihar,Muzaffarpur,Muzaffarpur Market,Rice,2023-12-01,3339.0099999999998,3823.7248387096774,3590.2545161290323,3364.62,3742.56,3575.91,77.09859548390907,31
Bihar,Muzaffarpur,Muzaffarpur Market,Rice,2024-01-01,3490.592258064516,3947.0867741935485,3713.0512903225804,3527.84,3932.92,3704.31,94.97280458959239,31
Bihar,Muzaffarpur,Muzaffarpur Market,Rice,2024-02-01,3468.8824137931033,3931.6617241379313,3711.226551724138,3501.78,3894.03,3710.96,103.32732829895006,29
Bihar,Muzaffarpur,Muzaffarpur Market,Rice,2024-03-01,3416.969677419355,3891.675161290322,3659.9264516129033,3486.51,3824.41,3675.92,79.76682967869066,31
Bihar,Muzaffarpur,Muzaffarpur Market,Rice,2024-04-01,3238.9936666666667,3700.9463333333333,3473.425333333333,3212.75,3634.84,3493.535,99.41896772240464,30
Bihar,Muzaffarpur,Muzaffarpur Market,Rice,2024-05-01,3071.7741935483873,3500.9012903225807,3286.486774193548,3081.2,3449.07,3288.95,98.63236768887779,31
Bihar,Muzaffarpur,Muzaffarpur Market,Rice,2024-06-01,2859.8723333333332,3269.381,3061.9796666666666,2909.62,3286.23,3054.41,89.25013510984974,30
Bihar,Muzaffarpur,Muzaffarpur Market,Rice,2024-07-01,2757.202903225806,3125.3841935483874,2932.9325806451616,2720.94,3111.39,2946.51,87.44973142584035,31
Bihar,Muzaffarpur,Muzaffarpur Market,Rice,2024-08-01,2750.0138709677417,3126.8567741935485,2938.658709677419,2807.0,3085.73,2944.6,78.77099740140969,31
Bihar,Muzaffarpur,Muzaffarpur Market,Rice,2024-09-01,2807.69,3220.9483333333333,3017.85,2863.7,3282.22,2997.6850000000004,104.28919297997182,30
Bihar,Muzaffarpur,Muzaffarpur Market,Rice,2024-10-01,2990.3267741935483,3407.6132258064513,3205.1322580645165,2956.28,3489.64,3219.04,108.0804147755942,31
Bihar,Muzaffarpur,Muzaffarpur Market,Rice,2024-11-01,3179.898,3636.7253333333333,3424.203666666667,3213.04,3569.53,3449.145,100.2408815866279,30
Bihar,Muzaffarpur,Muzaffarpur Market,Rice,2024-12-01,3391.2235483870963,3870.751612903226,3615.912580645161,3431.22,3815.03,3614.41,89.24776773931993,31
Bihar,Muzaffarpur,Muzaffarpur Market,Rice,2025-01-01,3469.073225806452,3939.552258064516,3704.8496774193545,3561.63,3964.77,3691.96,96.08023887993727,31
Bihar,Muzaffarpur,Muzaffarpur Market,Rice,2025-02-01,3546.1007142857147,4013.1832142857143,3767.183571428571,3601.58,3917.13,3774.235,74.97923377765079,28
Bihar,Muzaffarpur,Muzaffarpur Market,Rice,2025-03-01,3431.098064516129,3927.918387096774,3673.6287096774195,3484.32,3828.55,3669.95,84.21162080306698,31
Bihar,Muzaffarpur,Muzaffarpur Market,Rice,2025-04-01,3266.2336666666665,3753.1093333333333,3511.689,3189.63,3736.86,3509.795,117.70317217621991,30
Bihar,Muzaffarpur,Muzaffarpur Market,Rice,2025-05-01,3078.6600000000003,3505.702903225806,3294.086451612903,3052.47,3501.13,3307.58,91.60818739058884,31
Bihar,Muzaffarpur,Muzaffarpur Market,Rice,2025-06-01,2889.9886666666666,3293.4796666666666,3086.873,2915.4,3250.81,3092.005,91.27163487124011,30
Bihar,Muzaffarpur,Muzaffarpur Market,Rice,2025-07-01,2795.3670967741937,3178.7283870967744,2997.4374193548388,2832.42,3211.37,2987.51,85.14744172973298,31
Bihar,Muzaffarpur,Muzaffarpur Market,Rice,2025-08-01,2760.1309677419354,3157.6432258064515,2966.2151612903226,2828.14,3152.36,2962.62,74.28968469762886,31
Bihar,Muzaffarpur,Muzaffarpur Market,Rice,2025-09-01,2852.9756666666667,3247.8103333333333,3038.1299999999997,2853.45,3285.11,3038.1549999999997,101.38070978860527,30
Bihar,Muzaffarpur,Muzaffarpur Market,Rice,2025-10-01,3005.0551612903228,3439.841935483871,3214.988709677419,3029.94,3375.54,3197.22,88.78418011267308,31
Bihar,Muzaffarpur,Muzaffarpur Market,Rice,2025-11-01,3181.2073333333333,3645.7446666666665,3420.858,3244.1,3575.93,3434.04,94.90912311803562,30
Bihar,Muzaffarpur,Muzaffarpur Market,Rice,2025-12-01,3354.7848387096774,3864.47064516129,3604.842580645161,3332.38,3847.2,3591.26,118.60683808189528,31
Bihar,Muzaffarpur,Muzaffarpur Market,Rice,2026-01-01,3481.4774193548387,3972.714193548387,3732.5709677419354,3505.45,3853.32,3760.21,97.61787016575876,31
Bihar,Muzaffarpur,Muzaffarpur Market,Rice,2026-02-01,3515.2999999999997,4017.0564285714286,3767.6925,3659.06,3932.36,3754.06,73.85960243120927,28
Bihar,Muzaffarpur,Muzaffarpur Market,Rice,2026-03-01,3442.251935483871,3905.1051612903225,3678.8822580645165,3424.4,3884.38,3692.07,92.71122897505205,31
Bihar,Muzaffarpur,Muzaffarpur Market,Rice,2026-04-01,3264.226,3721.417,3493.4230000000002,3217.08,3764.91,3490.21,106.42956191449035,30
Bihar,Muzaffarpur,Muzaffarpur Market,Rice,2026-05-01,3107.6374193548386,3514.9929032258065,3304.5719354838707,3116.79,3547.12,3285.65,114.06456357167073,31
Bihar,Muzaffarpur,Muzaffarpur Market,Rice,2026-06-01,2907.8940000000002,3330.974,3118.5533333333337,2960.67,3364.84,3137.715,90.61159057828321,30
Bihar,Muzaffarpur,Muzaffarpur Market,Rice,2026-07-01,2796.463870967742,3189.919032258065,2990.3474193548386,2857.14,3151.47,2981.77,73.27037909768356,31
Bihar,Muzaffarpur,Muzaffarpur Market,Rice,2026-08-01,2792.421935483871,3145.746129032258,2972.7683870967744,2768.64,3141.96,2965.02,95.84274206903638,31
Bihar,Muzaffarpur,Muzaffarpur Market,Tomato,2023-01-01,1889.8748387096775,2150.3161290322582,2023.701290322581,1921.96,2122.65,2027.7,47.01876871647004,31
Bihar,Muzaffarpur,Muzaffarpur Market,Tomato,2023-02-01,1856.1771428571428,2147.352142857143,1997.472857142857,1902.98,2093.86,2001.05,44.88887298050949,28
Bihar,Muzaffarpur,Muzaffarpur Market,Tomato,2023-03-01,1803.296129032258,2044.0696774193548,1923.775806451613,1843.65,2044.66,1913.09,51.013195794434345,31
Bihar,Muzaffarpur,Muzaffarpur Market,Tomato,2023-04-01,1704.7040000000002,1939.9333333333334,1829.0436666666667,1708.42,1920.72,1825.5,55.04642470041869,30
Bihar,Muzaffarpur,Muzaffarpur Market,Tomato,2023-05-01,1609.4332258064517,1829.51,1714.4229032258065,1623.33,1826.2,1716.16,41.0968901656843,31
Bihar,Muzaffarpur,Muzaffarpur Market,Tomato,2023-06-01,1526.1063333333334,1730.403,1628.1856666666667,1558.28,1710.2,1623.76,37.95876353163489,30
Bihar,Muzaffarpur,Muzaffarpur Market,Tomato,2023-07-01,1498.3777419354838,1712.398064516129,1608.830322580645,1525.29,1696.51,1603.78,41.80145719022006,31
Bihar,Muzaffarpur,Muzaffarpur Market,Tomato,2023-08-01,1522.7174193548387,1735.873548387097,1631.7354838709678,1537.74,1757.04,1626.5,59.14441223754562,31
Bihar,Muzaffarpur,Muzaffarpur Market,Tomato,2023-09-01,1615.2326666666668,1841.1233333333332,1732.6193333333333,1638.37,1840.5,1728.55,45.85260733633624,30
Bihar,Muzaffarpur,Muzaffarpur Market,Tomato,2023-10-01,1687.8664516129033,1945.0932258064515,1820.345806451613,1729.04,1910.89,1826.15,52.98223820452746,31
Bihar,Muzaffarpur,Muzaffarpur Market,Tomato,2023-11-01,1811.717,2062.2653333333333,1942.4146666666668,1833.04,2051.44,1945.73,52.50119510845538,30
Bihar,Muzaffarpur,Muzaffarpur Market,Tomato,2023-12-01,1865.1245161290324,2128.221935483871,1995.014193548387,1887.08,2131.67,2004.01,45.826493194380795,31
Bihar,Muzaffarpur,Muzaffarpur Market,Tomato,2024-01-01,1892.0596774193548,2155.375806451613,2012.4393548387097,1908.0,2100.92,2009.42,46.97134622550827,31
Bihar,Muzaffarpur,Muzaffarpur Market,Tomato,2024-02-01,1896.2444827586205,2132.7993103448275,2011.626551724138,1934.37,2123.98,1996.4,50.28030438564674,29
Bihar,Muzaffarpur,Muzaffarpur Market,Tomato,2024-03-01,1800.6319354838708,2035.186129032258,1924.4983870967742,1806.18,1995.78,1929.73,53.05820785368793,31
Bihar,Muzaffarpur,Muzaffarpur Market,Tomato,2024-04-01,1672.7043333333334,1916.1026666666667,1797.7396666666668,1651.88,1901.98,1799.01,59.71468406504813,30
Bihar,Muzaffarpur,Muzaffarpur Market,Tomato,2024-05-01,1597.8712903225808,1827.911935483871,1707.6767741935485,1632.6,1827.2,1701.8,53.17318963457032,31
Bihar,Muzaffarpur,Muzaffarpur Market,Tomato,2024-06-01,1527.6523333333332,1749.5156666666667,1639.8506666666665,1556.31,1711.71,1636.955,42.01294988644477,30
Bihar,Muzaffarpur,Muzaffarpur Market,Tomato,2024-07-01,1508.5303225806451,1702.0164516129032,1607.406451612903,1546.5,1672.83,1600.93,36.90108133450712,31
Bihar,Muzaffarpur,Muzaffarpur Market,Tomato,2024-08-01,1543.3116129032258,1765.6009677419354,1654.3761290322582,1525.47,1757.83,1653.48,51.51210981749305,31
Bihar,Muzaffarpur,Muzaffarpur Market,Tomato,2024-09-01,1623.3423333333335,1860.2706666666668,1737.8083333333334,1610.47,1855.19,1731.27,59.35949716787518,30
Bihar,Muzaffarpur,Muzaffarpur Market,Tomato,2024-10-01,1736.6135483870967,1971.6051612903227,1852.3964516129033,1731.49,1966.49,1837.28,62.883270406279415,31
Bihar,Muzaffarpur,Muzaffarpur Market,Tomato,2024-11-01,1819.6676666666667,2066.4303333333332,1939.657,1867.21,2016.28,1940.5500000000002,42.1937136312982,30
Bihar,Muzaffarpur,Muzaffarpur Market,Tomato,2024-12-01,1887.154193548387,2165.458064516129,2022.1435483870966,1928.87,2121.51,2013.97,46.82148307122753,31
Bihar,Muzaffarpur,Muzaffarpur Market,Tomato,2025-01-01,1916.117741935484,2174.1945161290323,2053.6961290322583,1963.23,2170.78,2047.07,49.35378571615492,31
Bihar,Muzaffarpur,Muzaffarpur Market,Tomato,2025-02-01,1894.0260714285712,2135.3928571428573,2008.3546428571428,1905.5,2099.73,2016.1799999999998,54.74464854496892,28
Bihar,Muzaffarpur,Muzaffarpur Market,Tomato,2025-03-01,1827.218064516129,2065.5967741935483,1942.3525806451612,1813.73,2048.41,1942.23,65.15493334955497,31
Bihar,Muzaffarpur,Muzaffarpur Market,Tomato,2025-04-01,1730.3266666666668,1965.5163333333333,1847.3936666666666,1736.06,1970.57,1863.025,61.36984660481762,30
Bihar,Muzaffarpur,Muzaffarpur Market,Tomato,2025-05-01,1598.282258064516,1827.9983870967742,1721.6129032258063,1631.93,1820.24,1725.4,48.40281157078566,31
Bihar,Muzaffarpur,Muzaffarpur Market,Tomato,2025-06-01,1544.7796666666666,1763.6886666666667,1661.0763333333334,1545.1,1748.46,1661.23,48.761614247510174,30
Bihar,Muzaffarpur,Muzaffarpur Market,Tomato,2025-07-01,1536.911612903226,1747.6803225806452,1645.3929032258065,1551.79,1749.75,1634.94,50.99313190313301,31
Bihar,Muzaffarpur,Muzaffarpur Market,Tomato,2025-08-01,1554.1374193548388,1779.429677419355,1666.476451612903,1511.97,1762.37,1668.13,57.98004567943379,31
Bihar,Muzaffarpur,Muzaffarpur Market,Tomato,2025-09-01,1631.5316666666665,1865.9463333333333,1746.2833333333333,1623.21,1815.51,1744.915,50.51446418555803,30
Bihar,Muzaffarpur,Muzaffarpur Market,Tomato,2025-10-01,1724.4267741935485,1958.5406451612903,1838.1929032258065,1675.85,1916.11,1850.95,60.08028346546246,31
Bihar,Muzaffarpur,Muzaffarpur Market,Tomato,2025-11-01,1834.3916666666667,2094.229333333333,1971.222,1885.84,2056.46,1975.49,46.75170787217849,30
Bihar,Muzaffarpur,Muzaffarpur Market,Tomato,2025-12-01,1894.6441935483872,2165.7096774193546,2024.696129032258,1932.04,2088.28,2029.74,42.45610734844633,31
Bihar,Muzaffarpur,Muzaffarpur Market,Tomato,2026-01-01,1922.4635483870968,2199.724193548387,2072.1874193548388,2003.38,2153.02,2065.89,39.47745086060664,31
Bihar,Muzaffarpur,Muzaffarpur Market,Tomato,2026-02-01,1890.2114285714285,2157.85,2020.1828571428573,1919.71,2115.08,2015.44,53.84765511983565,28
Bihar,Muzaffarpur,Muzaffarpur Market,Tomato,2026-03-01,1843.4825806451613,2087.835806451613,1957.8851612903227,1828.3,2068.72,1966.61,67.69489645317768,31
Bihar,Muzaffarpur,Muzaffarpur Market,Tomato,2026-04-01,1729.4236666666666,1972.1103333333333,1854.2503333333334,1745.44,1956.79,1849.005,56.662885589540366,30
Bihar,Muzaffarpur,Muzaffarpur Market,Tomato,2026-05-01,1636.706129032258,1858.7167741935484,1735.3545161290322,1632.0,1833.13,1729.94,45.2906704034219,31
Bihar,Muzaffarpur,Muzaffarpur Market,Tomato,2026-06-01,1559.9373333333335,1771.8773333333334,1670.807,1575.25,1765.42,1665.54,46.36347865247627,30
Bihar,Muzaffarpur,Muzaffarpur Market,Tomato,2026-07-01,1533.5648387096776,1749.03,1642.6670967741936,1559.83,1705.89,1639.03,35.641362412562906,31
Bihar,Muzaffarpur,Muzaffarpur Market,Tomato,2026-08-01,1569.2554838709677,1790.9345161290323,1680.8848387096775,1535.97,1789.54,1670.77,62.32871204995693,31
Bihar,Muzaffarpur,Muzaffarpur Market,Wheat,2023-01-01,2864.5203225806454,3249.0264516129037,3056.528387096774,2870.6,3262.04,3045.7,101.40735322111422,31
Bihar,Muzaffarpur,Muzaffarpur Market,Wheat,2023-02-01,3010.9249999999997,3440.1703571428575,3230.5575,3057.83,3466.77,3219.7200000000003,116.79570148815874,28
Bihar,Muzaffarpur,Muzaffarpur Market,Wheat,2023-03-01,3201.4329032258065,3654.0887096774195,3422.4264516129033,3125.88,3627.77,3406.03,108.39097421059819,31
Bihar,Muzaffarpur,Muzaffarpur Market,Wheat,2023-04-01,3345.2156666666665,3843.963,3589.1953333333336,3420.62,3703.88,3599.07,77.4992331767771,30
Bihar,Muzaffarpur,Muzaffarpur Market,Wheat,2023-05-01,3412.404193548387,3918.441935483871,3657.443870967742,3478.15,3972.32,3665.34,101.44510856213233,31
Bihar,Muzaffarpur,Muzaffarpur Market,Wheat,2023-06-01,3435.603666666667,3903.7103333333334,3660.4153333333334,3504.54,3831.26,3663.085,71.87810772811648,30
Bihar,Muzaffarpur,Muzaffarpur Market,Wheat,2023-07-01,3341.7209677419355,3829.46,3601.585806451613,3396.71,3721.44,3634.44,81.31080148722332,31
Bihar,Muzaffarpur,Muzaffarpur Market,Wheat,2023-08-01,3207.448064516129,3640.035806451613,3427.198387096774,3211.62,3609.02,3421.23,110.21889260608552,31
Bihar,Muzaffarpur,Muzaffarpur Market,Wheat,2023-09-01,3034.9086666666667,3438.547,3231.529,2991.73,3417.84,3234.455,100.42801087311763,30
Bihar,Muzaffarpur,Muzaffarpur Market,Wheat,2023-10-01,2892.7732258064516,3281.668387096774,3079.0329032258064,2864.51,3226.29,3081.19,88.65286880838643,31
Bihar,Muzaffarpur,Muzaffarpur Market,Wheat,2023-11-01,2789.82,3169.6466666666665,2984.7023333333336,2821.98,3102.56,3001.2250000000004,75.54955152578414,30
Bihar,Muzaffarpur,Muzaffarpur Market,Wheat,2023-12-01,2835.1696774193547,3213.1696774193547,3024.8151612903225,2815.83,3232.11,3024.87,98.24896976121326,31
Bihar,Muzaffarpur,Muzaffarpur Market,Wheat,2024-01-01,2914.834516129032,3294.56,3097.643548387097,2914.62,3237.34,3082.47,79.09402301684533,31
Bihar,Muzaffarpur,Muzaffarpur Market,Wheat,2024-02-01,3051.6155172413796,3477.616551724138,3265.6779310344828,3070.33,3423.55,3292.53,95.98574668665682,29
Bihar,Muzaffarpur,Muzaffarpur Market,Wheat,2024-03-01,3172.5841935483872,3640.8058064516126,3415.0206451612903,3210.62,3663.5,3393.47,91.3131372415997,31
Bihar,Muzaffarpur,Muzaffarpur Market,Wheat,2024-04-01,3358.1316666666667,3839.2446666666665,3611.9396666666667,3364.55,3850.4,3620.905,111.06823042720139,30
Bihar,Muzaffarpur,Muzaffarpur Market,Wheat,2024-05-01,3464.987419354839,3908.016451612903,3694.1032258064515,3475.14,3873.87,3707.68,87.70793720779956,31
Bihar,Muzaffarpur,Muzaffarpur Market,Wheat,2024-06-01,3426.525,3925.9813333333336,3667.3693333333335,3551.52,3844.06,3665.385,67.47957866992995,30
Bihar,Muzaffarpur,Muzaffarpur Market,Wheat,2024-07-01,3368.535806451613,3819.396129032258,3596.423870967742,3371.39,3815.48,3593.98,107.9080616289446,31
Bihar,Muzaffarpur,Muzaffarpur Market,Wheat,2024-08-01,3205.0374193548387,3640.828064516129,3427.6761290322584,3226.8,3657.63,3418.92,85.71260291141222,31
Bihar,Muzaffarpur,Muzaffarpur Market,Wheat,2024-09-01,3021.436333333333,3481.7956666666664,3262.3036666666667,3067.48,3506.46,3240.4449999999997,124.78863883640886,30
Bihar,Muzaffarpur,Muzaffarpur Market,Wheat,2024-10-01,2882.3829032258063,3281.013870967742,3091.3303225806453,2902.59,3333.76,3063.74,98.67314121157325,31
Bihar,Muzaffarpur,Muzaffarpur Market,Wheat,2024-11-01,2826.201333333333,3206.115,3026.938333333333,2843.16,3169.16,3024.1800000000003,87.1253753005654,30
Bihar,Muzaffarpur,Muzaffarpur Market,Wheat,2024-12-01,2845.6212903225805,3245.5535483870967,3045.851935483871,2854.28,3271.93,3036.83,93.33453185251982,31
Bihar,Muzaffarpur,Muzaffarpur Market,Wheat,2025-01-01,2916.232580645161,3357.2745161290322,3134.811935483871,2981.1,3456.19,3131.72,100.14735880755431,31
Bihar,Muzaffarpur,Muzaffarpur Market,Wheat,2025-02-01,3035.3621428571428,3463.3539285714287,3239.6660714285713,3089.66,3413.86,3245.065,93.89331263763535,28
Bihar,Muzaffarpur,Muzaffarpur Market,Wheat,2025-03-01,3253.4167741935485,3701.421612903226,3481.061935483871,3223.57,3674.33,3482.48,109.48794263660128,31
Bihar,Muzaffarpur,Muzaffarpur Market,Wheat,2025-04-01,3402.2686666666664,3863.889333333333,3646.6923333333334,3358.05,3844.64,3653.87,116.34173244438539,30
Bihar,Muzaffarpur,Muzaffarpur Market,Wheat,2025-05-01,3462.2254838709678,3942.1600000000003,3702.578064516129,3546.79,3920.7,3687.59,98.42939318514398,31
Bihar,Muzaffarpur,Muzaffarpur Market,Wheat,2025-06-01,3478.105,3937.8636666666666,3703.7320000000004,3510.95,3921.14,3708.625,76.10685878738366,30
Bihar,Muzaffarpur,Muzaffarpur Market,Wheat,2025-07-01,3381.013225806452,3812.811935483871,3610.3612903225808,3451.41,3699.3,3626.8,63.83578180205497,31
Bihar,Muzaffarpur,Muzaffarpur Market,Wheat,2025-08-01,3254.124193548387,3674.0383870967744,3460.92,3242.72,3689.23,3445.41,106.39026277499876,31
Bihar,Muzaffarpur,Muzaffarpur Market,Wheat,2025-09-01,3062.860666666667,3460.3766666666666,3271.6603333333333,3060.3,3404.08,3295.365,92.5739821005557,30
Bihar,Muzaffarpur,Muzaffarpur Market,Wheat,2025-10-01,2949.107741935484,3351.2764516129037,3136.1745161290323,3012.52,3333.38,3131.39,92.94766261499744,31
Bihar,Muzaffarpur,Muzaffarpur Market,Wheat,2025-11-01,2882.135333333333,3251.522,3068.7033333333334,2880.33,3275.58,3075.5150000000003,98.51003664368541,30
Bihar,Muzaffarpur,Muzaffarpur Market,Wheat,2025-12-01,2886.6209677419356,3291.5267741935486,3080.542258064516,2930.68,3259.81,3089.75,91.6494640358824,31
Bihar,Muzaffarpur,Muzaffarpur Market,Wheat,2026-01-01,2900.879677419355,3322.9112903225805,3121.408064516129,2981.6,3363.16,3118.08,93.9857911040938,31
Bihar,Muzaffarpur,Muzaffarpur Market,Wheat,2026-02-01,3118.7214285714285,3512.3385714285714,3316.850357142857,3117.02,3511.08,3322.315,90.39395204622055,28
Bihar,Muzaffarpur,Muzaffarpur Market,Wheat,2026-03-01,3247.3170967741935,3705.4100000000003,3485.1341935483874,3316.56,3664.54,3487.77,95.96318411329041,31
Bihar,Muzaffarpur,Muzaffarpur Market,Wheat,2026-04-01,3373.241666666667,3874.4263333333333,3622.347333333333,3392.02,3756.55,3624.05,86.69499329032323,30
Bihar,Muzaffarpur,Muzaffarpur Market,Wheat,2026-05-01,3497.1403225806453,3993.2112903225807,3735.8790322580644,3587.72,3931.66,3722.29,75.8120115529124,31
Bihar,Muzaffarpur,Muzaffarpur Market,Wheat,2026-06-01,3513.3830000000003,3975.8456666666666,3748.3179999999998,3594.68,3961.66,3728.23,85.43202885617754,30
Bihar,Muzaffarpur,Muzaffarpur Market,Wheat,2026-07-01,3450.0935483870967,3903.1351612903227,3653.8629032258063,3518.07,3825.39,3638.14,86.02292520770433,31
Bihar,Muzaffarpur,Muzaffarpur Market,Wheat,2026-08-01,3291.820322580645,3730.9093548387095,3507.947741935484,3370.58,3710.17,3495.94,97.97560045608877,31
Bihar,Patna City,Patna City Market,Onion,2023-01-01,2949.657741935484,3366.344193548387,3149.895806451613,2953.25,3305.15,3157.46,85.67374956870565,31
Bihar,Patna City,Patna City Market,Onion,2023-02-01,2838.537857142857,3214.0753571428572,3030.344642857143,2811.98,3212.04,3037.335,89.1466552199507,28
Bihar,Patna City,Patna City Market,Onion,2023-03-01,2714.496451612903,3103.9816129032256,2915.780967741936,2807.61,3075.46,2899.45,80.9613598928459,31
Bihar,Patna City,Patna City Market,Onion,2023-04-01,2659.7803333333336,3021.36,2837.2366666666667,2642.64,2986.55,2840.925,77.00875168954242,30
Bihar,Patna City,Patna City Market,Onion,2023-05-01,2638.804193548387,3012.2712903225806,2808.6490322580644,2687.37,2965.52,2801.92,62.74814495822903,31
Bihar,Patna City,Patna City Market,Onion,2023-06-01,2692.0543333333335,3066.0183333333334,2875.021333333333,2679.5,3058.87,2889.3599999999997,86.27821624350454,30
Bihar,Patna City,Patna City Market,Onion,2023-07-01,2770.594516129032,3159.9493548387095,2982.1661290322577,2794.76,3228.76,2974.31,91.29141871601512,31
Bihar,Patna City,Patna City Market,Onion,2023-08-01,2891.108064516129,3317.108064516129,3097.1170967741937,2935.8,3278.59,3109.48,88.72315617295361,31
Bihar,Patna City,Patna City Market,Onion,2023-09-01,3031.398333333333,3427.0056666666665,3229.2090000000003,3018.49,3388.81,3258.5950000000003,102.27187122465836,30
Bihar,Patna City,Patna City Market,Onion,2023-10-01,3076.4622580645164,3496.6193548387096,3288.124516129032,3170.51,3429.81,3295.8,63.499797471525355,31
Bihar,Patna City,Patna City Market,Onion,2023-11-01,3109.165,3557.9429999999998,3330.113,3161.66,3442.37,3337.56,68.60588323771938,30
Bihar,Patna City,Patna City Market,Onion,2023-12-01,3097.201612903226,3530.332903225806,3320.3225806451615,3124.92,3446.29,3337.13,78.63849256641593,31
Bihar,Patna City,Patna City Market,Onion,2024-01-01,3024.691935483871,3440.929677419355,3226.1429032258065,3039.5,3443.55,3201.64,92.59751145660984,31
Bihar,Patna City,Patna City Market,Onion,2024-02-01,2906.4544827586205,3288.5255172413795,3092.3751724137933,2924.63,3237.02,3096.46,77.19531872467992,29
Bihar,Patna City,Patna City Market,Onion,2024-03-01,2774.284193548387,3159.9932258064514,2965.494193548387,2832.11,3125.51,2961.47,65.0666192336335,31
Bihar,Patna City,Patna City Market,Onion,2024-04-01,2733.96,3094.0606666666667,2907.053,2748.06,3051.74,2916.46,79.75253420035834,30
Bihar,Patna City,Patna City Market,Onion,2024-05-01,2667.7274193548387,3023.2277419354837,2851.248387096774,2713.37,3044.88,2849.59,74.92922162933843,31
Bihar,Patna City,Patna City Market,Onion,2024-06-01,2700.6706666666664,3096.9603333333334,2902.2316666666666,2767.53,3060.5,2900.38,66.02331657535238,30
Bihar,Patna City,Patna City Market,Onion,2024-07-01,2843.1696774193547,3229.6109677419354,3030.835806451613,2884.44,3152.66,3040.66,79.18712053417904,31
Bihar,Patna City,Patna City Market,Onion,2024-08-01,2898.198064516129,3304.6948387096777,3102.3506451612902,2961.64,3278.73,3076.36,83.56640756250822,31
Bihar,Patna City,Patna City Market,Onion,2024-09-01,3063.3766666666666,3455.739,3248.1573333333336,3006.51,3442.38,3241.56,93.4707350820652,30
Bihar,Patna City,Patna City Market,Onion,2024-10-01,3089.654516129032,3544.876129032258,3309.936451612903,3131.13,3480.94,3305.0,81.83789821137833,31
Bihar,Patna City,Patna City Market,Onion,2024-11-01,3116.269,3552.690666666667,3331.529,3110.41,3460.81,3333.4049999999997,82.45812853221013,30
Bihar,Patna City,Patna City Market,Onion,2024-12-01,3119.392580645161,3522.4306451612906,3309.2667741935484,3087.13,3504.64,3305.89,80.96455575896974,31
Bihar,Patna City,Patna City Market,Onion,2025-01-01,2993.8045161290324,3410.187741935484,3212.473870967742,3061.6,3446.07,3226.49,81.6126969973593,31
Bihar,Patna City,Patna City Market,Onion,2025-02-01,2889.632857142857,3285.5675,3085.942142857143,2919.37,3373.6,3080.255,117.69081198151254,28
Bihar,Patna City,Patna City Market,Onion,2025-03-01,2801.6348387096778,3172.0612903225806,2985.3658064516126,2794.67,3244.36,2990.59,100.31453283794258,31
Bihar,Patna City,Patna City Market,Onion,2025-04-01,2698.161333333333,3103.489666666667,2905.402,2756.27,3057.47,2897.8999999999996,69.08398863352666,30
Bihar,Patna City,Patna City Market,Onion,2025-05-01,2694.606451612903,3071.4432258064517,2893.3522580645163,2707.78,3060.11,2900.85,97.12773955671909,31
Bihar,Patna City,Patna City Market,Onion,2025-06-01,2731.1426666666666,3114.6716666666666,2921.4429999999998,2794.46,3019.32,2913.935,61.470873458843094,30
Bihar,Patna City,Patna City Market,Onion,2025-07-01,2832.404193548387,3224.7051612903224,3025.008387096774,2847.63,3170.51,3032.09,80.67078310833384,31
Bihar,Patna City,Patna City Market,Onion,2025-08-01,2932.9929032258065,3326.527419354839,3136.8370967741935,2970.69,3285.69,3137.45,74.50342453845329,31
Bihar,Patna City,Patna City Market,Onion,2025-09-01,3064.7543333333333,3495.5243333333333,3271.222333333333,3111.98,3492.21,3265.48,98.00811348128701,30
Bihar,Patna City,Patna City Market,Onion,2025-10-01,3165.441612903226,3588.8177419354843,3365.9967741935484,3186.94,3511.71,3363.52,76.0008234335697,31
Bihar,Patna City,Patna City Market,Onion,2025-11-01,3167.9683333333332,3599.363,3388.2783333333336,3231.17,3581.8,3387.3599999999997,85.03793916321378,30
Bihar,Patna City,Patna City Market,Onion,2025-12-01,3118.5612903225806,3557.7674193548387,3330.0564516129034,3158.9,3542.47,3327.32,93.18498300149685,31
Bihar,Patna City,Patna City Market,Onion,2026-01-01,3035.70064516129,3442.3806451612904,3235.4832258064516,3078.63,3443.36,3228.14,103.3500960614645,31
Bihar,Patna City,Patna City Market,Onion,2026-02-01,2890.2214285714285,3323.3375,3108.4175,2934.76,3273.42,3091.31,85.40609149170157,28
Bihar,Patna City,Patna City Market,Onion,2026-03-01,2812.658709677419,3194.97064516129,3016.58,2853.31,3186.04,2990.09,94.6131781518832,31
Bihar,Patna City,Patna City Market,Onion,2026-04-01,2746.1053333333334,3137.4196666666667,2930.9016666666666,2761.56,3100.24,2938.035,67.9348494227517,30
Bihar,Patna City,Patna City Market,Onion,2026-05-01,2671.2716129032256,3075.141290322581,2880.7845161290325,2721.23,3032.65,2882.66,78.11501310412773,31
Bihar,Patna City,Patna City Market,Onion,2026-06-01,2731.0343333333335,3130.250666666667,2936.807333333333,2717.47,3166.46,2909.75,94.86634238117136,30
Bihar,Patna City,Patna City Market,Onion,2026-07-01,2861.253870967742,3239.390967741935,3044.5754838709677,2899.46,3185.37,3050.15,67.13729370172302,31
Bihar,Patna City,Patna City Market,Onion,2026-08-01,2962.04,3392.1499999999996,3182.2125806451613,2959.93,3350.59,3180.03,111.95424577233163,31
Bihar,Patna City,Patna City Market,Potato,2023-01-01,1375.4896774193548,1571.7174193548387,1473.8029032258064,1380.37,1552.71,1471.48,43.913228773233314,31
Bihar,Patna City,Patna City Market,Potato,2023-02-01,1374.5114285714285,1561.0914285714284,1472.4885714285715,1382.48,1553.11,1479.1599999999999,39.19222595951107,28
Bihar,Patna City,Patna City Market,Potato,2023-03-01,1393.2925806451613,1586.334193548387,1490.0974193548386,1414.91,1593.2,1478.38,50.061250348464235,31
Bihar,Patna City,Patna City Market,Potato,2023-04-01,1443.8453333333334,1648.078,1548.71,1479.83,1639.16,1542.57,41.19364229486441,30
Bihar,Patna City,Patna City Market,Potato,2023-05-01,1508.5532258064516,1728.905806451613,1622.9090322580646,1507.42,1754.98,1632.4,53.4443989803009,31
Bihar,Patna City,Patna City Market,Potato,2023-06-01,1578.6143333333334,1784.9726666666668,1684.9959999999999,1598.49,1797.99,1690.73,45.05835577146127,30
Bihar,Patna City,Patna City Market,Potato,2023-07-01,1600.319677419355,1831.531935483871,1716.8245161290322,1646.01,1794.14,1722.8,37.8011717489207,31
Bihar,Patna City,Patna City Market,Potato,2023-08-01,1588.8674193548386,1822.231935483871,1708.9806451612903,1624.54,1805.81,1716.19,35.38407607342456,31
Bihar,Patna City,Patna City Market,Potato,2023-09-01,1582.4506666666666,1797.7910000000002,1688.7596666666666,1615.41,1781.61,1681.81,41.46190985531868,30
Bihar,Patna City,Patna City Market,Potato,2023-10-01,1527.7070967741936,1746.0874193548386,1635.9025806451614,1532.88,1737.22,1637.3,51.714518075536134,31
Bihar,Patna City,Patna City Market,Potato,2023-11-01,1482.5786666666668,1676.3783333333333,1575.052,1485.55,1675.99,1574.6799999999998,45.017726730700105,30
Bihar,Patna City,Patna City Market,Potato,2023-12-01,1430.005806451613,1624.688064516129,1533.5051612903228,1440.15,1609.76,1531.71,40.745490292053006,31
Bihar,Patna City,Patna City Market,Potato,2024-01-01,1406.8429032258064,1595.944193548387,1501.5245161290322,1439.82,1594.02,1499.53,40.2200001523877,31
Bihar,Patna City,Patna City Market,Potato,2024-02-01,1389.574482758621,1588.7834482758622,1486.1941379310344,1433.74,1551.53,1481.2,33.06210849265809,29
Bihar,Patna City,Patna City Market,Potato,2024-03-01,1428.2877419354838,1618.7693548387097,1526.9564516129033,1443.85,1609.35,1533.93,43.74953520121767,31
Bihar,Patna City,Patna City Market,Potato,2024-04-01,1482.7943333333335,1683.7983333333332,1579.5373333333334,1460.12,1673.83,1579.605,52.47354978583421,30
Bihar,Patna City,Patna City Market,Potato,2024-05-01,1554.4416129032259,1751.8767741935485,1644.078064516129,1555.07,1780.53,1645.35,50.03056688461261,31
Bihar,Patna City,Patna City Market,Potato,2024-06-01,1573.4576666666667,1804.8086666666668,1697.1616666666666,1617.76,1797.42,1694.93,45.713680294764615,30
Bihar,Patna City,Patna City Market,Potato,2024-07-01,1611.1132258064517,1831.0751612903227,1723.9032258064517,1658.82,1826.02,1716.45,39.18370336309863,31
Bihar,Patna City,Patna City Market,Potato,2024-08-01,1632.8322580645163,1849.857741935484,1736.3406451612902,1653.09,1830.06,1740.31,40.79032670748329,31
Bihar,Patna City,Patna City Market,Potato,2024-09-01,1610.946,1818.6326666666666,1718.699,1664.93,1813.08,1707.225,37.075247561198225,30
Bihar,Patna City,Patna City Market,Potato,2024-10-01,1557.1725806451611,1762.8329032258064,1663.0654838709677,1577.13,1747.96,1663.54,36.45356149392539,31
Bihar,Patna City,Patna City Market,Potato,2024-11-01,1505.0653333333332,1718.6736666666666,1619.664,1521.22,1724.86,1622.96,52.59876428337388,30
Bihar,Patna City,Patna City Market,Potato,2024-12-01,1460.6012903225806,1655.493870967742,1558.7496774193548,1483.96,1686.55,1557.86,47.189763966625364,31
Bihar,Patna City,Patna City Market,Potato,2025-01-01,1422.18,1625.2464516129032,1524.3545161290322,1465.67,1578.1,1521.5,33.85744150982759,31
Bihar,Patna City,Patna City Market,Potato,2025-02-01,1417.3085714285714,1602.9585714285713,1502.4960714285714,1432.29,1582.82,1504.31,39.69069471497914,28
Bihar,Patna City,Patna City Market,Potato,2025-03-01,1452.8512903225806,1647.0390322580645,1547.1838709677418,1471.47,1623.21,1552.92,45.582798266993855,31
Bihar,Patna City,Patna City Market,Potato,2025-04-01,1485.7293333333332,1701.1166666666666,1592.7256666666665,1461.91,1690.01,1603.315,49.59648101277536,30
Bihar,Patna City,Patna City Market,Potato,2025-05-01,1553.328064516129,1761.4106451612904,1653.703870967742,1595.04,1750.35,1647.28,41.002627125378226,31
Bihar,Patna City,Patna City Market,Potato,2025-06-01,1616.472,1845.194,1725.433,1633.52,1868.33,1718.805,56.82394748634625,30
Bihar,Patna City,Patna City Market,Potato,2025-07-01,1635.1335483870967,1862.2612903225806,1747.68,1667.64,1830.27,1742.19,38.164416847809136,31
Bihar,Patna City,Patna City Market,Potato,2025-08-01,1655.3174193548389,1863.9554838709678,1769.0367741935484,1687.65,1871.53,1770.63,38.16405886756947,31
Bihar,Patna City,Patna City Market,Potato,2025-09-01,1620.0986666666665,1842.6256666666666,1732.7886666666666,1646.4,1808.17,1736.53,47.13529066153224,30
Bihar,Patna City,Patna City Market,Potato,2025-10-01,1551.748064516129,1779.834193548387,1673.2093548387097,1590.13,1784.54,1670.07,40.55822702695329,31
Bihar,Patna City,Patna City Market,Potato,2025-11-01,1532.1503333333335,1735.2126666666666,1626.0003333333334,1539.75,1733.09,1628.635,48.48254420911201,30
Bihar,Patna City,Patna City Market,Potato,2025-12-01,1475.6100000000001,1674.5812903225808,1568.6977419354837,1436.59,1672.32,1579.27,57.56026515515005,31
Bihar,Patna City,Patna City Market,Potato,2026-01-01,1425.7067741935482,1637.9848387096774,1526.177741935484,1469.64,1627.4,1516.45,43.063162502667886,31
Bihar,Patna City,Patna City Market,Potato,2026-02-01,1440.7360714285714,1634.4032142857143,1534.7410714285713,1433.51,1620.16,1532.865,36.99485072670257,28
Bihar,Patna City,Patna City Market,Potato,2026-03-01,1464.838387096774,1662.4338709677418,1563.9019354838708,1489.68,1667.18,1559.14,42.208257203170994,31
Bihar,Patna City,Patna City Market,Potato,2026-04-01,1508.9579999999999,1733.3623333333335,1619.0946666666669,1487.42,1692.37,1619.0349999999999,47.368982775603314,30
Bihar,Patna City,Patna City Market,Potato,2026-05-01,1580.9929032258065,1799.7467741935484,1688.3170967741937,1566.12,1782.81,1685.9,49.65908793588191,31
Bihar,Patna City,Patna City Market,Potato,2026-06-01,1631.5286666666666,1843.489,1735.096,1589.9,1811.9,1739.155,50.75611997072628,30
Bihar,Patna City,Patna City Market,Potato,2026-07-01,1663.726451612903,1896.8725806451614,1777.5983870967743,1669.94,1864.47,1777.42,54.96534878732075,31
Bihar,Patna City,Patna City Market,Potato,2026-08-01,1683.102258064516,1909.4983870967742,1794.5729032258066,1709.87,1876.38,1797.31,41.81523886444176,31
Bihar,Patna City,Patna City Market,Rice,2023-01-01,3147.963870967742,3564.281290322581,3374.0964516129034,3222.13,3555.84,3381.08,82.12712915751953,31
Bihar,Patna City,Patna City Market,Rice,2023-02-01,3051.2442857142855,3495.6875,3284.3310714285717,3106.42,3425.98,3289.43,87.11086471078903,28
Bihar,Patna City,Patna City Market,Rice,2023-03-01,3075.986129032258,3509.5403225806454,3296.431935483871,3112.7,3514.58,3288.19,99.86497104989162,31
Bihar,Patna City,Patna City Market,Rice,2023-04-01,3082.6639999999998,3522.239,3310.098,3193.75,3476.64,3294.665,84.13466317509194,30
Bihar,Patna City,Patna City Market,Rice,2023-05-01,3182.503870967742,3641.8490322580647,3412.2112903225807,3228.08,3618.9,3411.49,93.5225889198945,31
Bihar,Patna City,Patna City Market,Rice,2023-06-01,3331.208,3790.2529999999997,3551.038333333333,3343.72,3764.04,3542.185,101.0724736251795,30
Bihar,Patna City,Patna City Market,Rice,2023-07-01,3402.684193548387,3898.895806451613,3666.473870967742,3453.51,3793.42,3664.54,84.1063894789379,31
Bihar,Patna City,Patna City Market,Rice,2023-08-01,3495.451290322581,3962.4232258064517,3739.5416129032255,3524.32,3890.66,3741.1,85.05717085571605,31
Bihar,Patna City,Patna City Market,Rice,2023-09-01,3515.77,4022.2929999999997,3780.235,3590.2,3887.14,3804.715,82.66458357474623,30
Bihar,Patna City,Patna City Market,Rice,2023-10-01,3473.6493548387098,3961.84,3719.0716129032257,3579.9,3842.41,3739.42,79.5580218497491,31
Bihar,Patna City,Patna City Market,Rice,2023-11-01,3369.0913333333333,3841.6663333333336,3596.902,3407.77,3789.67,3584.815,98.09912454880225,30
Bihar,Patna City,Patna City Market,Rice,2023-12-01,3272.990322580645,3735.453870967742,3511.0432258064516,3245.67,3710.89,3510.72,113.89829034090327,31
Bihar,Patna City,Patna City Market,Rice,2024-01-01,3164.1438709677423,3632.9116129032254,3406.050322580645,3210.79,3563.12,3400.81,87.88606243251802,31
Bihar,Patna City,Patna City Market,Rice,2024-02-01,3100.034137931035,3500.5462068965517,3301.5637931034485,3134.43,3453.78,3305.97,88.87129720692377,29
Bihar,Patna City,Patna City Market,Rice,2024-03-01,3124.643548387097,3514.783548387097,3316.3106451612903,3133.42,3457.16,3308.42,71.57689030851058,31
Bihar,Patna City,Patna City Market,Rice,2024-04-01,3141.3700000000003,3580.7613333333334,3351.1553333333336,3121.94,3510.63,3358.875,92.21909229854649,30
Bihar,Patna City,Patna City Market,Rice,2024-05-01,3267.277419354839,3724.6732258064517,3490.155483870968,3275.89,3719.03,3491.06,92.93807288866127,31
Bihar,Patna City,Patna City Market,Rice,2024-06-01,3329.9376666666667,3791.864,3571.287333333333,3394.72,3750.36,3555.215,95.38208416076151,30
Bihar,Patna City,Patna City Market,Rice,2024-07-01,3467.1332258064517,3944.087741935484,3707.561612903226,3519.32,3829.11,3704.4,77.39474267660883,31
Bihar,Patna City,Patna City Market,Rice,2024-08-01,3595.0232258064516,4070.8487096774193,3819.447741935484,3652.4,4040.48,3822.42,102.40734227289506,31
Bihar,Patna City,Patna City Market,Rice,2024-09-01,3523.612333333333,4017.6296666666667,3774.136,3614.52,3978.4,3775.81,84.89852029903413,30
Bihar,Patna City,Patna City Market,Rice,2024-10-01,3517.3190322580645,3984.1345161290324,3741.6877419354837,3514.8,3946.14,3735.64,103.70120081945943,31
Bihar,Patna City,Patna City Market,Rice,2024-11-01,3369.192,3851.447333333333,3616.6656666666668,3407.89,3769.76,3631.1949999999997,99.71386237399616,30
Bihar,Patna City,Patna City Market,Rice,2024-12-01,3278.138064516129,3725.5674193548384,3506.5393548387096,3273.61,3777.26,3515.65,114.46912445241834,31
Bihar,Patna City,Patna City Market,Rice,2025-01-01,3192.8054838709677,3636.7561290322583,3413.044193548387,3247.27,3579.96,3411.75,89.47952204365694,31
Bihar,Patna City,Patna City Market,Rice,2025-02-01,3121.6785714285716,3541.316428571429,3333.932142857143,3199.3,3441.73,3353.315,73.63851872276173,28
Bihar,Patna City,Patna City Market,Rice,2025-03-01,3107.9548387096775,3528.5225806451613,3314.902258064516,3171.35,3489.8,3325.61,71.97210662053628,31
Bihar,Patna City,Patna City Market,Rice,2025-04-01,3183.453,3596.365,3384.527,3221.4,3579.54,3371.89,92.01693851377733,30
Bihar,Patna City,Patna City Market,Rice,2025-05-01,3239.079677419355,3718.8645161290324,3474.253548387097,3305.1,3780.13,3472.79,92.77944174396914,31
Bihar,Patna City,Patna City Market,Rice,2025-06-01,3368.539333333333,3869.4069999999997,3618.048666666667,3432.58,3799.81,3602.4350000000004,96.68087896156928,30
Bihar,Patna City,Patna City Market,Rice,2025-07-01,3486.935483870968,3974.6490322580644,3734.715483870968,3553.39,3885.22,3734.84,68.40599704892873,31
Bihar,Patna City,Patna City Market,Rice,2025-08-01,3543.2164516129033,4057.352580645161,3787.0448387096776,3559.59,3963.53,3775.59,102.67713656152037,31
Bihar,Patna City,Patna City Market,Rice,2025-09-01,3553.181,4075.9466666666663,3819.882,3668.63,4004.73,3818.1549999999997,79.55589752083014,30
Bihar,Patna City,Patna City Market,Rice,2025-10-01,3522.2487096774194,3981.843870967742,3754.412258064516,3603.57,3976.99,3748.3,89.73715034141578,31
Bihar,Patna City,Patna City Market,Rice,2025-11-01,3456.2193333333335,3892.317,3668.6066666666666,3437.2,3802.51,3678.4300000000003,84.12666551441788,30
Bihar,Patna City,Patna City Market,Rice,2025-12-01,3336.4651612903226,3776.2648387096774,3547.4032258064517,3377.81,3767.97,3537.99,100.58730607079919,31
Bihar,Patna City,Patna City Market,Rice,2026-01-01,3223.4954838709677,3672.238387096774,3437.3532258064515,3218.33,3624.85,3436.11,87.91419367341842,31
Bihar,Patna City,Patna City Market,Rice,2026-02-01,3130.0099999999998,3584.1725,3363.1860714285713,3171.7,3500.82,3369.0550000000003,78.75806307172307,28
Bihar,Patna City,Patna City Market,Rice,2026-03-01,3143.2912903225806,3608.7445161290325,3370.5270967741935,3187.01,3550.28,3388.44,88.7092233533638,31
Bihar,Patna City,Patna City Market,Rice,2026-04-01,3170.9950000000003,3630.697333333333,3410.9193333333333,3299.18,3548.05,3413.54,69.10568772107172,30
Bihar,Patna City,Patna City Market,Rice,2026-05-01,3318.6945161290323,3771.2245161290325,3534.9325806451616,3333.1,3660.81,3562.78,99.5752135144666,31
Bihar,Patna City,Patna City Market,Rice,2026-06-01,3422.1176666666665,3884.675,3654.5916666666667,3493.79,3839.24,3653.02,89.70394075391339,30
Bihar,Patna City,Patna City Market,Rice,2026-07-01,3479.2903225806454,3957.137741935484,3731.458064516129,3540.76,3953.62,3712.65,105.18779797483955,31
Bihar,Patna City,Patna City Market,Rice,2026-08-01,3558.2874193548387,4081.2290322580648,3834.096129032258,3687.82,3965.24,3827.09,75.65814041583879,31
Bihar,Patna City,Patna City Market,Tomato,2023-01-01,1725.3387096774193,1981.0770967741935,1861.4587096774194,1748.95,1934.95,1867.09,49.37235243480143,31
Bihar,Patna City,Patna City Market,Tomato,2023-02-01,1804.8632142857143,2060.2360714285714,1938.9139285714284,1839.31,2047.45,1941.3200000000002,47.1988688925429,28
Bihar,Patna City,Patna City Market,Tomato,2023-03-01,1901.4229032258065,2174.6051612903225,2037.2367741935484,1890.73,2125.14,2043.31,56.31882955620296,31
Bihar,Patna City,Patna City Market,Tomato,2023-04-01,1984.183,2242.221,2127.695666666667,2014.68,2277.28,2124.63,57.830381031339286,30
Bihar,Patna City,Patna City Market,Tomato,2023-05-01,2038.8151612903225,2335.861935483871,2189.7909677419357,2095.63,2318.18,2188.99,48.33608764714253,31
Bihar,Patna City,Patna City Market,Tomato,2023-06-01,2073.2470000000003,2340.795,2197.9543333333336,2114.68,2292.22,2202.9750000000004,43.01827852751975,30
Bihar,Patna City,Patna City Market,Tomato,2023-07-01,2026.806129032258,2306.2429032258065,2163.42,2077.45,2254.02,2161.48,44.21208854299166,31
Bihar,Patna City,Patna City Market,Tomato,2023-08-01,1956.0945161290322,2226.8512903225806,2093.815483870968,2003.44,2175.72,2092.84,44.77187970431951,31
Bihar,Patna City,Patna City Market,Tomato,2023-09-01,1870.8106666666667,2138.1693333333333,2004.6446666666666,1876.54,2119.18,1995.6950000000002,65.33817402076538,30
Bihar,Patna City,Patna City Market,Tomato,2023-10-01,1787.6180645161292,2036.5970967741937,1903.69,1777.06,2042.51,1911.09,63.02743455564928,31
Bihar,Patna City,Patna City Market,Tomato,2023-11-01,1711.3586666666667,1956.1496666666667,1836.9470000000001,1709.99,1911.02,1837.04,55.12497013213666,30
Bihar,Patna City,Patna City Market,Tomato,2023-12-01,1723.4248387096773,1967.1596774193547,1848.9945161290323,1741.6,1919.16,1862.03,44.8609089548804,31
Bihar,Patna City,Patna City Market,Tomato,2024-01-01,1750.7474193548387,1993.411612903226,1873.6425806451612,1800.54,1964.43,1868.4,46.736297383492854,31
Bihar,Patna City,Patna City Market,Tomato,2024-02-01,1821.8503448275862,2066.0562068965514,1955.536896551724,1851.94,2093.4,1944.18,55.56321143548695,29
Bihar,Patna City,Patna City Market,Tomato,2024-03-01,1912.5864516129031,2172.8999999999996,2040.8419354838709,1883.34,2146.23,2045.9,56.4467979262689,31
Bihar,Patna City,Patna City Market,Tomato,2024-04-01,2021.4823333333334,2271.4843333333333,2139.126333333333,1968.26,2273.68,2142.1850000000004,61.86789699994162,30
Bihar,Patna City,Patna City Market,Tomato,2024-05-01,2027.4287096774194,2337.6467741935485,2189.308387096774,2083.75,2315.83,2180.06,53.227847667474165,31
Bihar,Patna City,Patna City Market,Tomato,2024-06-01,2063.4623333333334,2357.1686666666665,2207.7743333333333,2123.16,2286.85,2207.71,42.248344891746505,30
Bihar,Patna City,Patna City Market,Tomato,2024-07-01,2035.1970967741936,2306.613548387097,2164.854193548387,2051.85,2267.52,2160.8,62.791855033074256,31
Bihar,Patna City,Patna City Market,Tomato,2024-08-01,1988.897741935484,2256.6193548387096,2116.6335483870967,2027.45,2240.69,2121.37,43.89559830236473,31
Bihar,Patna City,Patna City Market,Tomato,2024-09-01,1878.745,2129.004,2004.0506666666665,1857.91,2158.26,2008.795,65.2156012608646,30
Bihar,Patna City,Patna City Market,Tomato,2024-10-01,1813.0064516129032,2054.487741935484,1930.6190322580646,1828.95,2048.91,1925.46,54.83915300554518,31
Bihar,Patna City,Patna City Market,Tomato,2024-11-01,1738.1160000000002,1983.1763333333333,1859.1343333333332,1785.98,1973.33,1859.8899999999999,41.156679324120795,30
Bihar,Patna City,Patna City Market,Tomato,2024-12-01,1753.327741935484,1997.477741935484,1869.1229032258063,1764.71,1954.75,1870.95,47.06211244681855,31
Bihar,Patna City,Patna City Market,Tomato,2025-01-01,1760.0719354838711,2017.2803225806451,1892.087741935484,1750.41,1990.5,1891.4,59.73358701823049,31
Bihar,Patna City,Patna City Market,Tomato,2025-02-01,1820.1642857142856,2079.8785714285714,1952.1939285714286,1833.74,2055.59,1956.705,55.807700738988366,28
Bihar,Patna City,Patna City Market,Tomato,2025-03-01,1899.4445161290323,2177.4990322580647,2039.0351612903225,1934.29,2193.89,2033.52,66.94797491938385,31
Bihar,Patna City,Patna City Market,Tomato,2025-04-01,2007.824,2277.101666666667,2132.024,2033.85,2238.73,2128.86,46.54419387472815,30
Bihar,Patna City,Patna City Market,Tomato,2025-05-01,2061.8825806451614,2360.2693548387097,2210.1006451612902,2109.17,2307.26,2207.07,54.39503432823527,31
Bihar,Patna City,Patna City Market,Tomato,2025-06-01,2083.559333333333,2360.3439999999996,2224.1953333333336,2155.51,2324.35,2219.135,43.870013380702126,30
Bihar,Patna City,Patna City Market,Tomato,2025-07-01,2030.5977419354838,2306.261290322581,2174.0287096774196,2043.96,2241.46,2179.24,39.189538803268654,31
Bihar,Patna City,Patna City Market,Tomato,2025-08-01,1974.3306451612902,2238.0722580645165,2112.671935483871,1990.83,2214.37,2113.75,61.00868262902459,31
Bihar,Patna City,Patna City Market,Tomato,2025-09-01,1867.8,2114.6986666666667,1998.6766666666667,1852.15,2087.93,1994.4250000000002,51.292575542149685,30
Bihar,Patna City,Patna City Market,Tomato,2025-10-01,1811.7267741935484,2068.431935483871,1933.046129032258,1826.18,2035.64,1943.73,52.08335375001746,31
Bihar,Patna City,Patna City Market,Tomato,2025-11-01,1749.076,1982.8796666666667,1870.2483333333332,1770.01,1965.83,1884.98,53.96312617687755,30
Bihar,Patna City,Patna City Market,Tomato,2025-12-01,1738.1912903225807,1978.7635483870968,1861.22,1777.58,1945.63,1859.33,48.39603020909877,31
Bihar,Patna City,Patna City Market,Tomato,2026-01-01,1778.7512903225806,2014.4322580645162,1897.9393548387097,1755.57,2016.64,1900.62,53.32401853670851,31
Bihar,Patna City,Patna City Market,Tomato,2026-02-01,1838.7085714285713,2088.050714285714,1958.9332142857143,1865.32,2072.85,1963.8200000000002,45.44385840862869,28
Bihar,Patna City,Patna City Market,Tomato,2026-03-01,1924.7912903225806,2196.2264516129035,2061.826129032258,1955.68,2197.74,2067.01,49.46964144317343,31
Bihar,Patna City,Patna City Market,Tomato,2026-04-01,2000.2783333333332,2284.466,2143.769,2057.6,2264.95,2131.3050000000003,55.457307179984475,30
Bihar,Patna City,Patna City Market,Tomato,2026-05-01,2085.0203225806454,2378.1551612903227,2228.1490322580644,2095.58,2310.33,2231.6,47.78432904588684,31
Bihar,Patna City,Patna City Market,Tomato,2026-06-01,2054.1116666666667,2349.4376666666667,2213.825,2111.17,2336.28,2211.46,54.51520298867608,30
Bihar,Patna City,Patna City Market,Tomato,2026-07-01,2069.7490322580647,2337.498387096774,2207.1661290322577,2117.36,2301.32,2197.47,45.55545058332166,31
Bihar,Patna City,Patna City Market,Tomato,2026-08-01,1994.1135483870967,2298.252903225806,2136.7748387096776,2028.85,2217.49,2138.32,46.416164703758646,31
Bihar,Patna City,Patna City Market,Wheat,2023-01-01,3561.818387096774,4000.284193548387,3803.469677419355,3608.21,3960.68,3805.11,96.63168043258798,31
Bihar,Patna City,Patna City Market,Wheat,2023-02-01,3558.729642857143,4085.7435714285716,3833.9907142857146,3709.38,3972.79,3828.8199999999997,77.18154835761143,28
Bihar,Patna City,Patna City Market,Wheat,2023-03-01,3496.5970967741932,3977.090322580645,3740.296451612903,3582.67,3929.8,3729.73,83.70623909635357,31
Bihar,Patna City,Patna City Market,Wheat,2023-04-01,3327.962,3777.5693333333334,3551.898333333333,3359.3,3683.53,3568.2,96.44667871449712,30
Bihar,Patna City,Patna City Market,Wheat,2023-05-01,3149.4929032258065,3585.13935483871,3359.2009677419355,3249.8,3629.32,3336.47,87.90557435319766,31
Bihar,Patna City,Patna City Market,Wheat,2023-06-01,2998.555,3372.887,3181.6706666666664,2961.89,3353.28,3197.045,91.6886575895551,30
Bihar,Patna City,Patna City Market,Wheat,2023-07-01,2894.762580645161,3276.5299999999997,3083.810322580645,2946.96,3277.92,3076.99,84.70163357275032,31
Bihar,Patna City,Patna City Market,Wheat,2023-08-01,2863.968709677419,3266.137741935484,3087.078387096774,2906.49,3312.68,3099.58,88.760554493415,31
Bihar,Patna City,Patna City Market,Wheat,2023-09-01,2974.2039999999997,3370.7896666666666,3164.3533333333335,2964.82,3308.45,3154.6800000000003,88.7608379913098,30
Bihar,Patna City,Patna City Market,Wheat,2023-10-01,3143.1812903225805,3554.816451612903,3339.956129032258,3125.38,3483.52,3324.8,85.9742923467017,31
Bihar,Patna City,Patna City Market,Wheat,2023-11-01,3311.7059999999997,3755.339333333334,3541.5443333333333,3371.91,3778.26,3540.34,106.857165628197,30
Bihar,Patna City,Patna City Market,Wheat,2023-12-01,3511.5364516129034,3972.2506451612903,3742.8467741935483,3517.14,3933.66,3730.22,90.30847805852616,31
Bihar,Patna City,Patna City Market,Wheat,2024-01-01,3601.857096774194,4107.406451612904,3850.641290322581,3663.16,4087.49,3870.75,97.48493287826362,31
Bihar,Patna City,Patna City Market,Wheat,2024-02-01,3676.0910344827585,4163.624137931035,3915.218965517241,3709.87,4122.48,3916.64,98.15155312594125,29
Bihar,Patna City,Patna City Market,Wheat,2024-03-01,3513.931935483871,3997.025806451613,3761.5241935483873,3552.92,3979.97,3760.62,104.52983295927837,31
Bihar,Patna City,Patna City Market,Wheat,2024-04-01,3372.9146666666666,3817.7580000000003,3608.9556666666667,3352.91,3867.67,3593.67,114.42771878090686,30
Bihar,Patna City,Patna City Market,Wheat,2024-05-01,3198.2251612903224,3642.7106451612904,3418.058387096774,3282.17,3652.64,3416.19,73.63146080749158,31
Bihar,Patna City,Patna City Market,Wheat,2024-06-01,2994.0923333333335,3430.737,3220.5789999999997,2916.67,3384.36,3240.355,107.16995835973611,30
Bihar,Patna City,Patna City Market,Wheat,2024-07-01,2896.2606451612905,3326.1532258064517,3111.611935483871,2899.21,3277.95,3112.59,106.88999274704047,31
Bihar,Patna City,Patna City Market,Wheat,2024-08-01,2906.048709677419,3304.9225806451614,3095.9570967741934,2918.14,3337.77,3109.48,100.38317512390707,31
Bihar,Patna City,Patna City Market,Wheat,2024-09-01,2969.773666666667,3358.001333333333,3162.563666666667,2919.78,3331.7,3170.5550000000003,105.33710452419052,30
Bihar,Patna City,Patna City Market,Wheat,2024-10-01,3168.2554838709675,3596.276129032258,3371.2448387096774,3168.62,3592.2,3369.58,95.3690808340932,31
Bihar,Patna City,Patna City Market,Wheat,2024-11-01,3323.773,3832.9763333333335,3589.1816666666664,3271.34,3870.3,3589.4300000000003,113.30518456297825,30
Bihar,Patna City,Patna City Market,Wheat,2024-12-01,3547.578387096774,4043.8032258064513,3806.3074193548387,3590.17,3982.09,3846.89,108.88535466161161,31
Bihar,Patna City,Patna City Market,Wheat,2025-01-01,3641.873548387097,4178.901612903226,3901.1983870967747,3790.01,4033.44,3896.55,70.43289331445324,31
Bihar,Patna City,Patna City Market,Wheat,2025-02-01,3696.3021428571433,4160.262857142857,3914.0210714285713,3751.15,4059.23,3914.975,73.39860803702264,28
Bihar,Patna City,Patna City Market,Wheat,2025-03-01,3587.591935483871,4105.455483870967,3824.288064516129,3672.97,3984.2,3823.64,83.18519088633326,31
Bihar,Patna City,Patna City Market,Wheat,2025-04-01,3396.1943333333334,3842.4073333333336,3634.438333333333,3421.11,3822.17,3628.07,98.49236883036197,30
Bihar,Patna City,Patna City Market,Wheat,2025-05-01,3228.505806451613,3658.1177419354835,3435.636451612903,3264.68,3653.08,3446.51,101.46368163201348,31
Bihar,Patna City,Patna City Market,Wheat,2025-06-01,3039.038,3459.816,3241.605666666667,3066.1,3373.75,3262.7650000000003,78.40132333873163,30
Bihar,Patna City,Patna City Market,Wheat,2025-07-01,2936.1161290322584,3338.7848387096774,3127.2525806451613,2928.08,3328.01,3131.79,107.2642784890896,31
Bihar,Patna City,Patna City Market,Wheat,2025-08-01,2898.9845161290323,3289.4064516129033,3094.512258064516,2839.67,3265.31,3103.81,99.13251614916508,31
Bihar,Patna City,Patna City Market,Wheat,2025-09-01,3001.4,3427.936,3217.561666666667,3046.65,3355.66,3222.075,76.7654435134462,30
Bihar,Patna City,Patna City Market,Wheat,2025-10-01,3192.550322580645,3642.0222580645163,3398.2896774193546,3131.72,3559.01,3393.74,104.25872118545203,31
Bihar,Patna City,Patna City Market,Wheat,2025-11-01,3371.764666666667,3863.263,3608.339333333333,3378.56,3739.73,3611.09,92.48515071614733,30
Bihar,Patna City,Patna City Market,Wheat,2025-12-01,3553.608387096774,4067.7961290322582,3811.4429032258063,3598.77,4009.99,3824.37,94.15079872890246,31
Bihar,Patna City,Patna City Market,Wheat,2026-01-01,3662.658709677419,4172.087096774193,3925.6312903225808,3732.53,4141.85,3937.69,97.57430343903515,31
Bihar,Patna City,Patna City Market,Wheat,2026-02-01,3647.7657142857142,4182.209285714286,3922.460357142857,3792.5,4050.43,3908.9750000000004,74.82139045913333,28
Bihar,Patna City,Patna City Market,Wheat,2026-03-01,3616.0225806451613,4095.880322580645,3844.197741935484,3572.53,4124.41,3855.89,109.65310695430017,31
Bihar,Patna City,Patna City Market,Wheat,2026-04-01,3437.362666666667,3915.8759999999997,3658.6873333333333,3471.49,3866.53,3648.49,112.10042950895385,30
Bihar,Patna City,Patna City Market,Wheat,2026-05-01,3208.8690322580646,3683.663870967742,3455.9880645161293,3275.6,3652.77,3468.94,88.52775656705455,31
Bihar,Patna City,Patna City Market,Wheat,2026-06-01,3069.038666666667,3487.876333333333,3272.9159999999997,3071.73,3471.69,3268.1,92.88286596754449,30
Bihar,Patna City,Patna City Market,Wheat,2026-07-01,2947.8219354838707,3359.360322580645,3144.793870967742,3036.44,3285.98,3137.18,64.76949223605301,31
Bihar,Patna City,Patna City Market,Wheat,2026-08-01,2952.587741935484,3352.2109677419357,3143.7419354838707,3002.33,3381.33,3120.55,87.86867915320589,31
Jharkhand,Dhanbad,Dhanbad Market,Onion,2023-01-01,2749.824193548387,3131.04,2946.985483870968,2795.91,3084.03,2964.13,89.13985617514042,31
Jharkhand,Dhanbad,Dhanbad Market,Onion,2023-02-01,2689.963928571429,3045.350357142857,2856.387142857143,2719.06,2985.18,2843.16,71.363485987409,28
Jharkhand,Dhanbad,Dhanbad Market,Onion,2023-03-01,2631.412580645161,2993.9283870967743,2817.2170967741936,2655.19,2989.96,2824.06,78.69125318583374,31
Jharkhand,Dhanbad,Dhanbad Market,Onion,2023-04-01,2579.904666666667,2935.663,2770.1163333333334,2658.81,2913.34,2772.575,64.11502322648997,30
Jharkhand,Dhanbad,Dhanbad Market,Onion,2023-05-01,2681.5535483870967,3045.0574193548387,2852.914193548387,2689.03,2992.58,2875.96,76.39735304202614,31
Jharkhand,Dhanbad,Dhanbad Market,Onion,2023-06-01,2734.3456666666666,3140.9893333333334,2944.5966666666664,2746.76,3141.35,2941.4849999999997,86.24102373414082,30
Jharkhand,Dhanbad,Dhanbad Market,Onion,2023-07-01,2872.8390322580644,3278.4348387096775,3078.125483870968,2844.02,3258.96,3085.25,101.35302339968989,31
Jharkhand,Dhanbad,Dhanbad Market,Onion,2023-08-01,2951.6432258064515,3373.4635483870966,3158.827741935484,2975.7,3368.6,3179.1,91.39433697663024,31
Jharkhand,Dhanbad,Dhanbad Market,Onion,2023-09-01,3015.0710000000004,3428.614,3219.2663333333335,3076.08,3363.28,3216.615,75.20116990484574,30
Jharkhand,Dhanbad,Dhanbad Market,Onion,2023-10-01,3025.0677419354843,3457.050322580645,3244.7864516129034,3038.69,3437.08,3220.97,90.44236284501444,31
Jharkhand,Dhanbad,Dhanbad Market,Onion,2023-11-01,2987.0833333333335,3395.116,3180.5299999999997,2989.65,3363.55,3174.955,99.86206265955393,30
Jharkhand,Dhanbad,Dhanbad Market,Onion,2023-12-01,2858.663870967742,3256.8690322580646,3058.6729032258063,2850.15,3254.64,3038.46,104.67185836997288,31
Jharkhand,Dhanbad,Dhanbad Market,Onion,2024-01-01,2740.656129032258,3153.404516129032,2939.141290322581,2819.36,3101.85,2925.35,70.29261055245823,31
Jharkhand,Dhanbad,Dhanbad Market,Onion,2024-02-01,2665.5641379310346,3048.1627586206896,2861.7041379310344,2693.14,3046.65,2847.46,89.26393510728404,29
Jharkhand,Dhanbad,Dhanbad Market,Onion,2024-03-01,2623.23,2979.8035483870967,2800.5525806451615,2667.58,2907.46,2816.9,69.18278114134775,31
Jharkhand,Dhanbad,Dhanbad Market,Onion,2024-04-01,2627.4783333333335,2970.902666666667,2802.6556666666665,2637.57,2997.58,2806.89,96.68478051908164,30
Jharkhand,Dhanbad,Dhanbad Market,Onion,2024-05-01,2698.1583870967743,3048.9880645161293,2873.6964516129033,2702.49,3030.32,2854.31,90.10872671568812,31
Jharkhand,Dhanbad,Dhanbad Market,Onion,2024-06-01,2827.4956666666667,3204.924,3012.972333333333,2830.05,3232.01,2995.08,108.91211055434704,30
Jharkhand,Dhanbad,Dhanbad Market,Onion,2024-07-01,2870.17064516129,3281.358064516129,3079.5558064516126,2936.0,3252.94,3084.72,79.5273749419739,31
Jharkhand,Dhanbad,Dhanbad Market,Onion,2024-08-01,2969.623548387097,3381.77,3185.266451612903,2999.11,3396.0,3189.29,84.61048885129964,31
Jharkhand,Dhanbad,Dhanbad Market,Onion,2024-09-01,2995.300333333333,3413.154,3213.7169999999996,3036.43,3385.02,3203.865,84.58854883574924,30
Jharkhand,Dhanbad,Dhanbad Market,Onion,2024-10-01,3056.963870967742,3465.3054838709677,3249.391612903226,3060.36,3401.45,3247.72,73.43159170714729,31
Jharkhand,Dhanbad,Dhanbad Market,Onion,2024-11-01,3004.039333333333,3434.6583333333333,3211.548666666667,3014.24,3362.5,3222.585,96.10264206541905,30
Jharkhand,Dhanbad,Dhanbad Market,Onion,2024-12-01,2873.046129032258,3273.264516129032,3074.63,2904.76,3350.08,3075.38,93.55340065082244,31
Jharkhand,Dhanbad,Dhanbad Market,Onion,2025-01-01,2780.228064516129,3172.0070967741935,2980.845806451613,2814.2,3156.07,2997.39,93.25312322827554,31
Jharkhand,Dhanbad,Dhanbad Market,Onion,2025-02-01,2714.349642857143,3093.887142857143,2897.5667857142857,2742.32,3092.82,2891.545,86.62161568627398,28
Jharkhand,Dhanbad,Dhanbad Market,Onion,2025-03-01,2646.4487096774196,3025.332580645161,2838.1000000000004,2610.52,3016.08,2849.1,86.32236766910411,31
Jharkhand,Dhanbad,Dhanbad Market,Onion,2025-04-01,2638.6743333333334,3020.1186666666667,2839.5546666666664,2693.29,2967.87,2845.375,75.73106676934492,30
Jharkhand,Dhanbad,Dhanbad Market,Onion,2025-05-01,2688.3693548387096,3060.5774193548386,2881.258387096774,2615.87,3035.45,2886.07,95.98053796115019,31
Jharkhand,Dhanbad,Dhanbad Market,Onion,2025-06-01,2829.214333333333,3214.1306666666665,3012.371,2808.13,3121.67,3030.28,86.54215605603775,30
Jharkhand,Dhanbad,Dhanbad Market,Onion,2025-07-01,2919.534193548387,3320.7790322580645,3104.7554838709675,2963.98,3239.1,3108.3,70.00795601638005,31
Jharkhand,Dhanbad,Dhanbad Market,Onion,2025-08-01,2997.3854838709676,3434.6006451612902,3219.6451612903224,3026.38,3430.95,3219.32,88.04335938884391,31
Jharkhand,Dhanbad,Dhanbad Market,Onion,2025-09-01,3064.8373333333334,3502.5903333333335,3286.625,3120.05,3428.92,3281.9,80.34672766548569,30
Jharkhand,Dhanbad,Dhanbad Market,Onion,2025-10-01,3067.4232258064517,3506.056129032258,3273.5987096774193,3119.92,3426.55,3272.56,65.87698306904755,31
Jharkhand,Dhanbad,Dhanbad Market,Onion,2025-11-01,3004.7346666666663,3432.388,3213.365,2982.06,3361.55,3221.4,106.20261974007623,30
Jharkhand,Dhanbad,Dhanbad Market,Onion,2025-12-01,2903.8216129032257,3308.6545161290323,3106.5299999999997,2908.35,3242.0,3097.34,82.0043824845152,31
Jharkhand,Dhanbad,Dhanbad Market,Onion,2026-01-01,2812.892580645161,3227.3841935483874,3028.485806451613,2835.75,3210.85,3035.84,102.36958463574334,31
Jharkhand,Dhanbad,Dhanbad Market,Onion,2026-02-01,2706.852142857143,3092.6035714285713,2908.602142857143,2698.94,3050.87,2925.44,86.17071184818695,28
Jharkhand,Dhanbad,Dhanbad Market,Onion,2026-03-01,2643.9712903225804,3037.1012903225806,2848.7848387096774,2628.38,3029.44,2824.0,86.29522605069056,31
Jharkhand,Dhanbad,Dhanbad Market,Onion,2026-04-01,2655.826666666667,3033.4933333333333,2853.047,2636.07,2944.41,2847.49,69.55083440586266,30
Jharkhand,Dhanbad,Dhanbad Market,Onion,2026-05-01,2730.98,3113.336451612903,2928.769677419355,2728.26,3042.0,2962.74,91.60634117366399,31
Jharkhand,Dhanbad,Dhanbad Market,Onion,2026-06-01,2800.563333333333,3215.6646666666666,3014.4803333333334,2836.4,3220.55,3014.99,82.86861069075606,30
Jharkhand,Dhanbad,Dhanbad Market,Onion,2026-07-01,2916.3983870967745,3331.4751612903224,3125.933548387097,2898.44,3448.72,3139.33,107.06630866114035,31
Jharkhand,Dhanbad,Dhanbad Market,Onion,2026-08-01,3005.3806451612904,3401.642580645161,3211.674193548387,3068.98,3402.62,3194.06,81.29220507011293,31
Jharkhand,Dhanbad,Dhanbad Market,Potato,2023-01-01,1459.273548387097,1677.9338709677418,1566.3641935483872,1461.61,1640.85,1567.06,35.42561208826121,31
Jharkhand,Dhanbad,Dhanbad Market,Potato,2023-02-01,1518.3664285714287,1740.9285714285713,1624.2532142857142,1548.33,1711.38,1617.7849999999999,41.95757160765671,28
Jharkhand,Dhanbad,Dhanbad Market,Potato,2023-03-01,1604.8209677419354,1836.8987096774194,1716.6570967741936,1619.19,1803.91,1724.7,46.08900195589319,31
Jharkhand,Dhanbad,Dhanbad Market,Potato,2023-04-01,1671.4423333333332,1897.1363333333331,1779.4656666666667,1697.5,1902.33,1776.795,44.564918449793865,30
Jharkhand,Dhanbad,Dhanbad Market,Potato,2023-05-01,1725.9151612903227,1970.1874193548385,1837.8570967741935,1743.46,1905.48,1842.76,39.8276311282798,31
Jharkhand,Dhanbad,Dhanbad Market,Potato,2023-06-01,1723.5610000000001,1958.0673333333332,1840.5246666666667,1750.04,1906.11,1839.085,40.474026131141976,30
Jharkhand,Dhanbad,Dhanbad Market,Potato,2023-07-01,1692.9112903225807,1913.8770967741937,1799.8625806451612,1721.21,1891.17,1798.2,45.62969150072806,31
Jharkhand,Dhanbad,Dhanbad Market,Potato,2023-08-01,1612.6209677419354,1848.6441935483872,1740.9229032258065,1653.93,1833.98,1747.0,43.91017901683308,31
Jharkhand,Dhanbad,Dhanbad Market,Potato,2023-09-01,1557.9566666666665,1769.1996666666666,1662.5756666666668,1568.42,1740.13,1657.9450000000002,44.45982756131202,30
Jharkhand,Dhanbad,Dhanbad Market,Potato,2023-10-01,1483.2603225806452,1691.1032258064515,1587.2532258064516,1489.33,1659.0,1595.85,41.991571169072785,31
Jharkhand,Dhanbad,Dhanbad Market,Potato,2023-11-01,1451.376,1657.5253333333335,1552.1336666666668,1501.87,1653.03,1547.385,37.33586502448324,30
Jharkhand,Dhanbad,Dhanbad Market,Potato,2023-12-01,1430.2609677419355,1634.6309677419354,1534.3274193548389,1472.87,1616.24,1532.59,34.55911080720895,31
Jharkhand,Dhanbad,Dhanbad Market,Potato,2024-01-01,1476.5383870967742,1666.797741935484,1576.7416129032258,1497.61,1671.56,1587.73,41.947961022897175,31
Jharkhand,Dhanbad,Dhanbad Market,Potato,2024-02-01,1532.5941379310345,1744.7951724137931,1643.7155172413793,1571.24,1704.31,1646.13,33.225571002962596,29
Jharkhand,Dhanbad,Dhanbad Market,Potato,2024-03-01,1601.6712903225805,1845.3883870967743,1724.1625806451614,1630.02,1829.09,1719.19,46.565304535153786,31
Jharkhand,Dhanbad,Dhanbad Market,Potato,2024-04-01,1691.2566666666667,1930.5486666666666,1813.593,1757.57,1913.45,1802.28,39.16489448032734,30
Jharkhand,Dhanbad,Dhanbad Market,Potato,2024-05-01,1728.2106451612904,1977.011935483871,1852.314193548387,1756.58,1977.78,1851.35,49.33499392075871,31
Jharkhand,Dhanbad,Dhanbad Market,Potato,2024-06-01,1741.8516666666667,1983.6866666666667,1861.5806666666665,1771.2,1963.27,1873.5549999999998,43.293502095327916,30
Jharkhand,Dhanbad,Dhanbad Market,Potato,2024-07-01,1684.1306451612902,1917.2132258064516,1809.6870967741936,1757.04,1876.03,1810.55,31.989905615526812,31
Jharkhand,Dhanbad,Dhanbad Market,Potato,2024-08-01,1649.6774193548388,1864.0090322580645,1757.638064516129,1664.79,1861.15,1755.08,44.73967980956473,31
Jharkhand,Dhanbad,Dhanbad Market,Potato,2024-09-01,1577.2723333333333,1781.576,1680.2533333333333,1619.84,1760.91,1673.245,36.80375761675221,30
Jharkhand,Dhanbad,Dhanbad Market,Potato,2024-10-01,1486.8974193548388,1709.8870967741937,1598.578064516129,1479.23,1655.82,1607.16,45.35263413293328,31
Jharkhand,Dhanbad,Dhanbad Market,Potato,2024-11-01,1458.4193333333335,1653.5976666666668,1552.6713333333332,1477.82,1627.5,1550.67,35.11273928690104,30
Jharkhand,Dhanbad,Dhanbad Market,Potato,2024-12-01,1466.585806451613,1671.2864516129032,1567.411612903226,1460.36,1643.16,1563.29,42.95102599447999,31
Jharkhand,Dhanbad,Dhanbad Market,Potato,2025-01-01,1481.878387096774,1696.0390322580645,1601.2906451612903,1492.08,1728.43,1596.75,42.29765714043616,31
Jharkhand,Dhanbad,Dhanbad Market,Potato,2025-02-01,1566.0835714285713,1776.3289285714286,1673.1328571428571,1587.9,1816.91,1676.62,50.0586214025075,28
Jharkhand,Dhanbad,Dhanbad Market,Potato,2025-03-01,1638.5809677419356,1868.7464516129032,1754.4809677419353,1657.83,1829.48,1758.89,41.81113124155962,31
Jharkhand,Dhanbad,Dhanbad Market,Potato,2025-04-01,1730.7866666666666,1953.9676666666667,1840.9186666666667,1714.9,1924.58,1845.6750000000002,44.595572358957206,30
Jharkhand,Dhanbad,Dhanbad Market,Potato,2025-05-01,1751.4638709677417,2009.3216129032257,1875.305806451613,1799.47,1964.84,1868.86,41.43993402296822,31
Jharkhand,Dhanbad,Dhanbad Market,Potato,2025-06-01,1757.5966666666668,1999.409,1875.0583333333334,1783.76,1944.82,1882.5,34.81895263565056,30
Jharkhand,Dhanbad,Dhanbad Market,Potato,2025-07-01,1743.1451612903227,1986.3964516129033,1861.8719354838709,1781.04,1967.32,1872.01,44.353109204756215,31
Jharkhand,Dhanbad,Dhanbad Market,Potato,2025-08-01,1680.3290322580644,1903.138064516129,1782.2374193548387,1690.89,1853.63,1786.59,41.54241077643766,31
Jharkhand,Dhanbad,Dhanbad Market,Potato,2025-09-01,1579.111,1805.7896666666668,1692.883,1631.44,1763.48,1688.075,38.44092576211299,30
Jharkhand,Dhanbad,Dhanbad Market,Potato,2025-10-01,1518.7451612903226,1721.27,1622.5116129032258,1549.29,1691.34,1617.15,39.67046131122207,31
Jharkhand,Dhanbad,Dhanbad Market,Potato,2025-11-01,1469.6073333333334,1686.6003333333333,1579.406,1488.76,1662.0,1584.165,37.9377874220777,30
Jharkhand,Dhanbad,Dhanbad Market,Potato,2025-12-01,1464.7790322580645,1676.438387096774,1572.9474193548388,1457.31,1676.87,1564.57,45.705985382496095,31
Jharkhand,Dhanbad,Dhanbad Market,Potato,2026-01-01,1510.5316129032258,1720.078064516129,1610.5551612903225,1539.52,1694.61,1603.73,38.47747183924357,31
Jharkhand,Dhanbad,Dhanbad Market,Potato,2026-02-01,1572.0521428571428,1775.909642857143,1679.5575000000001,1573.92,1781.12,1681.355,50.32845249513983,28
Jharkhand,Dhanbad,Dhanbad Market,Potato,2026-03-01,1668.3890322580644,1889.0206451612903,1776.215806451613,1685.72,1887.78,1778.36,49.11319149164119,31
Jharkhand,Dhanbad,Dhanbad Market,Potato,2026-04-01,1732.4583333333333,1971.948,1849.3196666666665,1759.0,1949.57,1853.41,46.562066437385916,30
Jharkhand,Dhanbad,Dhanbad Market,Potato,2026-05-01,1776.8809677419354,2030.4593548387097,1905.4596774193549,1808.83,2023.54,1906.72,51.02040790924568,31
Jharkhand,Dhanbad,Dhanbad Market,Potato,2026-06-01,1774.0970000000002,2041.817,1911.1543333333332,1766.07,2010.24,1910.49,52.57551361897335,30
Jharkhand,Dhanbad,Dhanbad Market,Potato,2026-07-01,1746.7777419354838,1992.8016129032258,1870.3651612903225,1795.7,1967.08,1868.81,41.43573183223776,31
Jharkhand,Dhanbad,Dhanbad Market,Potato,2026-08-01,1686.9706451612901,1922.4825806451613,1805.4212903225805,1720.78,1889.3,1810.09,43.29025685162391,31
Jharkhand,Dhanbad,Dhanbad Market,Rice,2023-01-01,2973.136129032258,3373.4083870967743,3172.6525806451614,2988.46,3364.62,3172.04,84.25239454431933,31
Jharkhand,Dhanbad,Dhanbad Market,Rice,2023-02-01,2893.887142857143,3289.565,3095.0617857142856,2865.14,3311.77,3105.395,111.76970029529714,28
Jharkhand,Dhanbad,Dhanbad Market,Rice,2023-03-01,2844.1609677419356,3247.8170967741935,3050.662580645161,2881.68,3284.19,3052.27,91.284746953977,31
Jharkhand,Dhanbad,Dhanbad Market,Rice,2023-04-01,2935.4023333333334,3348.7436666666667,3134.186333333333,2927.87,3315.96,3117.325,86.30608603158845,30
Jharkhand,Dhanbad,Dhanbad Market,Rice,2023-05-01,3020.180322580645,3451.7787096774196,3233.758387096774,3056.28,3468.39,3245.69,95.51419577203436,31
Jharkhand,Dhanbad,Dhanbad Market,Rice,2023-06-01,3089.0313333333334,3563.4593333333332,3336.062,3131.22,3571.34,3327.575,107.37158233170337,30
Jharkhand,Dhanbad,Dhanbad Market,Rice,2023-07-01,3218.096129032258,3727.6499999999996,3474.279677419355,3279.21,3669.15,3482.95,88.6748545900084,31
Jharkhand,Dhanbad,Dhanbad Market,Rice,2023-08-01,3295.125483870968,3757.359032258065,3529.7706451612903,3322.67,3705.22,3542.71,79.78010967383968,31
Jharkhand,Dhanbad,Dhanbad Market,Rice,2023-09-01,3330.925666666667,3807.978666666667,3569.9570000000003,3319.56,3754.48,3565.4049999999997,96.09160550906802,30
Jharkhand,Dhanbad,Dhanbad Market,Rice,2023-10-01,3285.354193548387,3748.7867741935484,3533.0106451612905,3372.06,3792.16,3529.1,83.18045807902566,31
Jharkhand,Dhanbad,Dhanbad Market,Rice,2023-11-01,3196.4966666666664,3618.4436666666666,3409.918,3263.61,3557.56,3399.635,77.95337007600705,30
Jharkhand,Dhanbad,Dhanbad Market,Rice,2023-12-01,3080.7716129032256,3515.33,3291.172258064516,3124.16,3690.0,3275.55,104.82766618629138,31
Jharkhand,Dhanbad,Dhanbad Market,Rice,2024-01-01,2984.665483870968,3364.1964516129033,3188.2951612903225,2935.65,3483.48,3180.83,120.65276037375368,31
Jharkhand,Dhanbad,Dhanbad Market,Rice,2024-02-01,2898.9096551724137,3297.268275862069,3111.132068965517,2969.7,3273.07,3108.67,69.26905887187347,29
Jharkhand,Dhanbad,Dhanbad Market,Rice,2024-03-01,2891.857419354839,3300.937096774194,3093.185483870968,2875.37,3341.65,3080.15,88.4827853629812,31
Jharkhand,Dhanbad,Dhanbad Market,Rice,2024-04-01,2934.597,3333.7226666666666,3131.6873333333333,2909.99,3363.79,3120.165,108.00772979788044,30
Jharkhand,Dhanbad,Dhanbad Market,Rice,2024-05-01,2998.454516129032,3420.1825806451616,3220.5009677419353,2918.3,3396.76,3236.44,113.85705717711252,31
Jharkhand,Dhanbad,Dhanbad Market,Rice,2024-06-01,3150.223,3601.8353333333334,3391.1683333333335,3136.4,3546.89,3395.0150000000003,98.29742063769022,30
Jharkhand,Dhanbad,Dhanbad Market,Rice,2024-07-01,3258.049677419355,3695.188064516129,3468.313548387097,3263.16,3579.78,3489.25,78.16504971526112,31
Jharkhand,Dhanbad,Dhanbad Market,Rice,2024-08-01,3319.864193548387,3772.7474193548387,3540.093870967742,3378.19,3746.57,3544.9,86.15863155356396,31
Jharkhand,Dhanbad,Dhanbad Market,Rice,2024-09-01,3359.05,3801.2166666666667,3577.072333333333,3405.82,3706.65,3590.1549999999997,82.16380949614947,30
Jharkhand,Dhanbad,Dhanbad Market,Rice,2024-10-01,3298.124838709677,3771.23,3537.61064516129,3386.48,3749.84,3526.56,80.33174125402248,31
Jharkhand,Dhanbad,Dhanbad Market,Rice,2024-11-01,3171.4526666666666,3640.6413333333335,3409.999666666667,3156.23,3672.07,3406.06,116.5760950086734,30
Jharkhand,Dhanbad,Dhanbad Market,Rice,2024-12-01,3115.82935483871,3554.218064516129,3334.3970967741934,3083.2,3514.26,3345.66,101.38840115100433,31
Jharkhand,Dhanbad,Dhanbad Market,Rice,2025-01-01,2952.8932258064515,3340.249677419355,3167.205483870968,2996.32,3437.48,3156.71,114.08308480631456,31
Jharkhand,Dhanbad,Dhanbad Market,Rice,2025-02-01,2900.883214285714,3309.7907142857143,3118.661071428571,2931.57,3251.07,3132.955,89.05273719832105,28
Jharkhand,Dhanbad,Dhanbad Market,Rice,2025-03-01,2908.5590322580647,3312.002258064516,3117.4467741935487,2910.47,3272.69,3121.84,86.74290562296139,31
Jharkhand,Dhanbad,Dhanbad Market,Rice,2025-04-01,2942.353,3343.8316666666665,3144.9226666666664,2874.74,3413.48,3148.77,109.08673666757838,30
Jharkhand,Dhanbad,Dhanbad Market,Rice,2025-05-01,3044.0980645161294,3470.363870967742,3258.993548387097,3110.78,3446.58,3248.92,96.27170236881263,31
Jharkhand,Dhanbad,Dhanbad Market,Rice,2025-06-01,3153.085,3608.2686666666664,3362.6966666666663,3183.69,3586.55,3363.5550000000003,106.67833889082522,30
Jharkhand,Dhanbad,Dhanbad Market,Rice,2025-07-01,3243.3529032258066,3711.2887096774193,3464.8567741935485,3289.99,3618.29,3468.9,73.93303322994815,31
Jharkhand,Dhanbad,Dhanbad Market,Rice,2025-08-01,3331.353870967742,3751.506451612903,3548.2264516129035,3368.73,3815.06,3541.37,104.44265075623703,31
Jharkhand,Dhanbad,Dhanbad Market,Rice,2025-09-01,3321.8143333333333,3761.9376666666667,3551.406,3343.78,3667.05,3559.76,71.73347276190353,30
Jharkhand,Dhanbad,Dhanbad Market,Rice,2025-10-01,3278.268064516129,3749.8051612903228,3532.8932258064515,3365.98,3699.01,3556.96,89.09972264779493,31
Jharkhand,Dhanbad,Dhanbad Market,Rice,2025-11-01,3198.675666666667,3631.7123333333334,3421.724,3244.82,3613.41,3418.37,92.10741269356905,30
Jharkhand,Dhanbad,Dhanbad Market,Rice,2025-12-01,3082.726129032258,3494.3567741935485,3281.4880645161293,2989.19,3639.12,3265.43,123.75998538621327,31
Jharkhand,Dhanbad,Dhanbad Market,Rice,2026-01-01,3018.9993548387097,3405.5409677419357,3202.869677419355,2980.89,3475.95,3170.03,106.30669328202784,31
Jharkhand,Dhanbad,Dhanbad Market,Rice,2026-02-01,2941.5924999999997,3328.2875,3127.0025,2954.6,3335.24,3133.26,81.50168067455901,28
Jharkhand,Dhanbad,Dhanbad Market,Rice,2026-03-01,2918.158709677419,3298.4177419354837,3116.5535483870967,2981.82,3300.84,3106.21,78.40077969630954,31
Jharkhand,Dhanbad,Dhanbad Market,Rice,2026-04-01,2967.112666666667,3395.787,3169.574666666667,2994.52,3380.1,3189.725,101.52695985535675,30
Jharkhand,Dhanbad,Dhanbad Market,Rice,2026-05-01,3073.896129032258,3480.0661290322582,3268.3396774193548,3012.98,3430.65,3274.84,91.5918211954129,31
Jharkhand,Dhanbad,Dhanbad Market,Rice,2026-06-01,3158.0,3603.787,3383.631,3241.71,3561.62,3376.635,81.44488956893824,30
Jharkhand,Dhanbad,Dhanbad Market,Rice,2026-07-01,3261.603548387097,3710.778064516129,3491.458387096774,3276.35,3681.97,3496.62,92.87498188772477,31
Jharkhand,Dhanbad,Dhanbad Market,Rice,2026-08-01,3298.1529032258068,3769.5890322580644,3546.389677419355,3352.89,3694.82,3560.12,81.86744401709672,31
Jharkhand,Dhanbad,Dhanbad Market,Tomato,2023-01-01,1790.0022580645161,2049.2767741935486,1917.1535483870969,1819.03,2028.93,1925.56,43.622021239154556,31
Jharkhand,Dhanbad,Dhanbad Market,Tomato,2023-02-01,1750.7460714285714,1987.304285714286,1866.2450000000001,1746.39,1963.69,1870.5900000000001,53.10552593831638,28
Jharkhand,Dhanbad,Dhanbad Market,Tomato,2023-03-01,1712.3096774193548,1947.929677419355,1835.9641935483871,1707.12,1921.18,1831.35,47.37327979457015,31
Jharkhand,Dhanbad,Dhanbad Market,Tomato,2023-04-01,1691.9023333333332,1933.7686666666666,1817.7943333333335,1718.92,1947.61,1819.885,52.508022945814304,30
Jharkhand,Dhanbad,Dhanbad Market,Tomato,2023-05-01,1721.6996774193549,1955.111935483871,1828.954516129032,1743.46,1968.46,1826.91,46.04024557121807,31
Jharkhand,Dhanbad,Dhanbad Market,Tomato,2023-06-01,1771.9063333333334,2013.2573333333335,1887.8226666666667,1776.37,1979.0,1882.8,53.098973425581185,30
Jharkhand,Dhanbad,Dhanbad Market,Tomato,2023-07-01,1833.3467741935483,2088.5287096774196,1961.304193548387,1891.08,2071.25,1957.74,43.365761054407365,31
Jharkhand,Dhanbad,Dhanbad Market,Tomato,2023-08-01,1913.7332258064514,2189.306129032258,2042.2861290322583,1946.97,2193.37,2035.74,53.07945526456351,31
Jharkhand,Dhanbad,Dhanbad Market,Tomato,2023-09-01,1947.7086666666667,2220.365,2081.9363333333336,1908.65,2185.16,2074.67,60.54469295250104,30
Jharkhand,Dhanbad,Dhanbad Market,Tomato,2023-10-01,1934.1219354838709,2221.238387096774,2084.605806451613,1996.13,2180.85,2088.32,56.060991475011356,31
Jharkhand,Dhanbad,Dhanbad Market,Tomato,2023-11-01,1919.2526666666668,2182.909666666667,2057.42,1911.62,2179.62,2055.45,57.35799911144889,30
Jharkhand,Dhanbad,Dhanbad Market,Tomato,2023-12-01,1872.4074193548386,2138.0848387096776,2006.639677419355,1917.09,2091.43,2001.42,45.338789903265805,31
Jharkhand,Dhanbad,Dhanbad Market,Tomato,2024-01-01,1802.1519354838708,2049.978064516129,1932.9832258064516,1789.78,2032.4,1933.19,57.58042893131287,31
Jharkhand,Dhanbad,Dhanbad Market,Tomato,2024-02-01,1725.7120689655173,1965.1689655172415,1850.641724137931,1743.58,1941.45,1855.38,49.309776708722154,29
Jharkhand,Dhanbad,Dhanbad Market,Tomato,2024-03-01,1714.6054838709676,1970.0503225806451,1843.6100000000001,1709.13,1947.43,1850.02,49.20047337170651,31
Jharkhand,Dhanbad,Dhanbad Market,Tomato,2024-04-01,1676.075,1900.044,1789.8023333333333,1707.43,1874.08,1786.54,41.15230698551277,30
Jharkhand,Dhanbad,Dhanbad Market,Tomato,2024-05-01,1714.2964516129034,1947.4648387096775,1836.301935483871,1723.18,1940.56,1841.09,44.63429312530559,31
Jharkhand,Dhanbad,Dhanbad Market,Tomato,2024-06-01,1793.2453333333333,2031.3486666666665,1903.7443333333333,1750.35,2023.32,1908.06,60.53243471882255,30
Jharkhand,Dhanbad,Dhanbad Market,Tomato,2024-07-01,1845.587741935484,2080.52935483871,1961.5767741935483,1856.0,2082.54,1963.09,57.62238242136449,31
Jharkhand,Dhanbad,Dhanbad Market,Tomato,2024-08-01,1875.0135483870968,2146.514193548387,2017.0574193548387,1912.13,2131.6,2024.67,51.22450682812806,31
Jharkhand,Dhanbad,Dhanbad Market,Tomato,2024-09-01,1960.3676666666665,2214.137333333333,2085.1656666666668,1995.1,2191.33,2094.455,49.8832767003915,30
Jharkhand,Dhanbad,Dhanbad Market,Tomato,2024-10-01,1946.8780645161291,2216.373225806452,2085.299677419355,1993.65,2153.28,2085.72,42.432316810333155,31
Jharkhand,Dhanbad,Dhanbad Market,Tomato,2024-11-01,1950.502,2219.52,2079.64,1911.26,2181.28,2070.81,56.53395049543836,30
Jharkhand,Dhanbad,Dhanbad Market,Tomato,2024-12-01,1869.8780645161291,2117.738387096774,1995.5606451612903,1853.46,2100.74,2006.33,60.19954407000568,31
Jharkhand,Dhanbad,Dhanbad Market,Tomato,2025-01-01,1807.5912903225808,2064.1403225806453,1933.991935483871,1854.93,2058.98,1934.35,52.059844308856285,31
Jharkhand,Dhanbad,Dhanbad Market,Tomato,2025-02-01,1761.6464285714285,2010.9071428571428,1888.7964285714286,1768.06,1977.06,1885.0,51.44689237379296,28
Jharkhand,Dhanbad,Dhanbad Market,Tomato,2025-03-01,1729.3700000000001,1972.7232258064516,1843.264193548387,1731.83,1962.71,1834.02,56.220149933050045,31
Jharkhand,Dhanbad,Dhanbad Market,Tomato,2025-04-01,1702.0833333333333,1943.1660000000002,1821.405,1734.13,1922.51,1817.49,49.336792017233215,30
Jharkhand,Dhanbad,Dhanbad Market,Tomato,2025-05-01,1744.0529032258064,1981.4951612903226,1861.8993548387095,1762.23,1962.11,1856.38,53.55489469914543,31
Jharkhand,Dhanbad,Dhanbad Market,Tomato,2025-06-01,1763.558,2022.0193333333334,1903.658,1727.23,2001.01,1914.49,63.49211069101428,30
Jharkhand,Dhanbad,Dhanbad Market,Tomato,2025-07-01,1858.851935483871,2100.6370967741937,1981.4651612903226,1900.45,2072.41,1970.26,50.78362300787965,31
Jharkhand,Dhanbad,Dhanbad Market,Tomato,2025-08-01,1917.8264516129034,2184.152258064516,2053.634193548387,1958.86,2183.96,2058.83,60.636254434355976,31
Jharkhand,Dhanbad,Dhanbad Market,Tomato,2025-09-01,1966.736,2232.7533333333336,2093.0086666666666,1976.48,2194.08,2085.545,59.459061357132605,30
Jharkhand,Dhanbad,Dhanbad Market,Tomato,2025-10-01,1951.0003225806452,2218.3954838709674,2088.0970967741937,1992.59,2169.09,2082.28,48.737017635027534,31
Jharkhand,Dhanbad,Dhanbad Market,Tomato,2025-11-01,1941.711,2221.274,2081.165,2015.12,2161.62,2071.15,42.146554058019035,30
Jharkhand,Dhanbad,Dhanbad Market,Tomato,2025-12-01,1904.2329032258065,2170.719677419355,2029.6703225806452,1916.07,2117.12,2020.26,53.49811438944203,31
Jharkhand,Dhanbad,Dhanbad Market,Tomato,2026-01-01,1821.421935483871,2095.0570967741933,1961.0441935483873,1852.29,2090.38,1961.63,59.458991906141705,31
Jharkhand,Dhanbad,Dhanbad Market,Tomato,2026-02-01,1764.8021428571428,2009.8203571428571,1882.6832142857143,1781.41,2003.96,1881.465,51.17159600241003,28
Jharkhand,Dhanbad,Dhanbad Market,Tomato,2026-03-01,1732.9083870967743,1978.3729032258063,1850.8799999999999,1772.29,1953.74,1851.15,48.23075678444203,31
Jharkhand,Dhanbad,Dhanbad Market,Tomato,2026-04-01,1706.7733333333333,1951.9193333333335,1837.6993333333335,1724.98,1907.77,1848.875,47.36591819480306,30
Jharkhand,Dhanbad,Dhanbad Market,Tomato,2026-05-01,1715.0325806451613,1955.8806451612904,1838.350322580645,1732.13,1967.91,1843.18,54.10125103198461,31
Jharkhand,Dhanbad,Dhanbad Market,Tomato,2026-06-01,1798.0983333333331,2050.235,1922.4483333333333,1792.53,2025.31,1925.035,48.9253890850798,30
Jharkhand,Dhanbad,Dhanbad Market,Tomato,2026-07-01,1858.4703225806452,2120.956129032258,1990.0364516129032,1825.67,2167.58,1985.76,68.00533506269379,31
Jharkhand,Dhanbad,Dhanbad Market,Tomato,2026-08-01,1929.3870967741937,2194.829677419355,2054.6167741935483,1931.56,2142.21,2066.05,55.71039342810263,31
Jharkhand,Dhanbad,Dhanbad Market,Wheat,2023-01-01,3543.2293548387097,4042.7103225806454,3795.122258064516,3642.87,3935.97,3805.09,83.46385004737799,31
Jharkhand,Dhanbad,Dhanbad Market,Wheat,2023-02-01,3475.4500000000003,3971.2510714285713,3723.9589285714287,3495.48,3910.74,3716.4700000000003,93.210661182446,28
Jharkhand,Dhanbad,Dhanbad Market,Wheat,2023-03-01,3351.9629032258067,3792.9412903225802,3574.513870967742,3343.86,3783.29,3595.36,105.24402575846986,31
Jharkhand,Dhanbad,Dhanbad Market,Wheat,2023-04-01,3161.938,3610.728666666667,3382.963666666667,3146.36,3499.16,3374.6400000000003,78.9791041541275,30
Jharkhand,Dhanbad,Dhanbad Market,Wheat,2023-05-01,3037.46935483871,3483.614193548387,3268.1341935483874,3119.48,3418.91,3276.52,78.24760915513409,31
Jharkhand,Dhanbad,Dhanbad Market,Wheat,2023-06-01,2949.328666666667,3360.546333333333,3145.3070000000002,2915.11,3361.43,3167.69,109.18333064479053,30
Jharkhand,Dhanbad,Dhanbad Market,Wheat,2023-07-01,2949.918064516129,3386.3996774193547,3180.732258064516,3026.29,3345.03,3186.91,93.15547422489199,31
Jharkhand,Dhanbad,Dhanbad Market,Wheat,2023-08-01,3084.2151612903226,3520.0287096774196,3307.1448387096775,3077.22,3468.08,3300.33,90.16385151012456,31
Jharkhand,Dhanbad,Dhanbad Market,Wheat,2023-09-01,3180.18,3624.739,3412.124333333333,3199.15,3609.95,3407.1,93.39161406211183,30
Jharkhand,Dhanbad,Dhanbad Market,Wheat,2023-10-01,3424.43,3875.2406451612906,3625.2754838709675,3394.83,3781.98,3643.72,104.0525424914006,31
Jharkhand,Dhanbad,Dhanbad Market,Wheat,2023-11-01,3490.0919999999996,4008.097,3757.359,3572.88,3934.18,3771.785,95.41183044371749,30
Jharkhand,Dhanbad,Dhanbad Market,Wheat,2023-12-01,3559.363870967742,4086.162580645161,3836.8216129032257,3672.06,3978.95,3821.84,79.18196642741212,31
Jharkhand,Dhanbad,Dhanbad Market,Wheat,2024-01-01,3585.8990322580644,4090.9780645161286,3838.8474193548386,3666.49,4020.13,3829.2,87.4430215232656,31
Jharkhand,Dhanbad,Dhanbad Market,Wheat,2024-02-01,3465.7644827586205,3956.5093103448276,3707.9844827586207,3544.24,3893.07,3698.23,91.04700934863288,29
Jharkhand,Dhanbad,Dhanbad Market,Wheat,2024-03-01,3360.0574193548387,3805.570322580645,3584.0806451612902,3460.47,3750.58,3565.04,78.58499826877431,31
Jharkhand,Dhanbad,Dhanbad Market,Wheat,2024-04-01,3178.2973333333334,3638.5153333333337,3419.5156666666667,3247.12,3601.99,3398.42,99.2794209562198,30
Jharkhand,Dhanbad,Dhanbad Market,Wheat,2024-05-01,3009.9445161290323,3482.3380645161287,3252.8464516129034,3046.27,3395.89,3270.71,84.01441021429554,31
Jharkhand,Dhanbad,Dhanbad Market,Wheat,2024-06-01,2944.466,3343.623666666667,3152.871,2946.3,3292.76,3155.8199999999997,67.91797326237706,30
Jharkhand,Dhanbad,Dhanbad Market,Wheat,2024-07-01,2974.5061290322583,3392.71935483871,3190.984838709677,3057.69,3369.62,3187.81,91.06592172234235,31
Jharkhand,Dhanbad,Dhanbad Market,Wheat,2024-08-01,3088.2458064516127,3522.3793548387093,3304.994193548387,3114.17,3485.22,3306.12,88.03698434083235,31
Jharkhand,Dhanbad,Dhanbad Market,Wheat,2024-09-01,3249.5376666666666,3693.494,3464.6406666666667,3231.46,3629.32,3495.7799999999997,123.98307962791925,30
Jharkhand,Dhanbad,Dhanbad Market,Wheat,2024-10-01,3378.445806451613,3853.533870967742,3633.312258064516,3462.07,3940.58,3611.62,101.05210974903584,31
Jharkhand,Dhanbad,Dhanbad Market,Wheat,2024-11-01,3557.1059999999998,4058.7943333333333,3808.4583333333335,3586.47,3976.36,3831.16,105.21123301387009,30
Jharkhand,Dhanbad,Dhanbad Market,Wheat,2024-12-01,3590.4896774193544,4120.637741935484,3856.9812903225807,3713.06,4024.21,3860.65,80.72017177640852,31
Jharkhand,Dhanbad,Dhanbad Market,Wheat,2025-01-01,3569.222580645161,4100.0274193548385,3848.085806451613,3699.14,3986.51,3853.63,83.29822818340503,31
Jharkhand,Dhanbad,Dhanbad Market,Wheat,2025-02-01,3484.292857142857,4002.1978571428567,3740.752857142857,3524.58,3929.83,3742.24,89.10646789747655,28
Jharkhand,Dhanbad,Dhanbad Market,Wheat,2025-03-01,3406.284193548387,3858.845806451613,3628.264516129032,3469.91,3807.84,3643.17,89.91660020406695,31
Jharkhand,Dhanbad,Dhanbad Market,Wheat,2025-04-01,3231.8486666666668,3633.2426666666665,3425.574666666667,3246.59,3644.25,3429.705,90.20381893182275,30
Jharkhand,Dhanbad,Dhanbad Market,Wheat,2025-05-01,3042.521935483871,3475.4645161290323,3269.3932258064515,3081.4,3507.03,3272.3,106.85259140164688,31
Jharkhand,Dhanbad,Dhanbad Market,Wheat,2025-06-01,2953.7070000000003,3396.436333333333,3186.2110000000002,2879.91,3357.23,3182.075,101.90685616507011,30
Jharkhand,Dhanbad,Dhanbad Market,Wheat,2025-07-01,3002.9119354838713,3458.087741935484,3227.8996774193547,3009.01,3361.99,3231.09,89.38532633058858,31
Jharkhand,Dhanbad,Dhanbad Market,Wheat,2025-08-01,3105.371612903226,3526.301935483871,3316.9880645161293,3048.89,3531.18,3324.38,109.783593474294,31
Jharkhand,Dhanbad,Dhanbad Market,Wheat,2025-09-01,3285.9440000000004,3720.1306666666665,3496.537,3293.49,3798.35,3488.82,104.3478240656764,30
Jharkhand,Dhanbad,Dhanbad Market,Wheat,2025-10-01,3386.011612903226,3861.4845161290323,3633.7325806451613,3456.97,3820.92,3639.3,82.43217628118042,31
Jharkhand,Dhanbad,Dhanbad Market,Wheat,2025-11-01,3530.5246666666667,4008.7636666666667,3788.528,3578.07,3965.91,3808.68,84.4016250619824,30
Jharkhand,Dhanbad,Dhanbad Market,Wheat,2025-12-01,3678.42,4188.767096774193,3907.065483870968,3776.83,4086.12,3902.24,89.04340540203634,31
Jharkhand,Dhanbad,Dhanbad Market,Wheat,2026-01-01,3619.6490322580644,4112.294516129033,3869.7735483870965,3605.55,4079.94,3885.03,105.93405242723378,31
Jharkhand,Dhanbad,Dhanbad Market,Wheat,2026-02-01,3558.322142857143,4027.4392857142857,3790.8760714285713,3619.07,3934.09,3778.715,85.79967691121468,28
Jharkhand,Dhanbad,Dhanbad Market,Wheat,2026-03-01,3387.0719354838707,3893.547096774194,3647.61,3493.87,3823.8,3630.28,84.6825755788443,31
Jharkhand,Dhanbad,Dhanbad Market,Wheat,2026-04-01,3240.098,3681.949333333333,3464.8503333333333,3315.94,3633.54,3453.5950000000003,89.74434530196419,30
Jharkhand,Dhanbad,Dhanbad Market,Wheat,2026-05-01,3089.579032258064,3518.7393548387095,3307.873225806452,3146.25,3569.92,3295.42,104.38705674514426,31
Jharkhand,Dhanbad,Dhanbad Market,Wheat,2026-06-01,3003.536,3433.0956666666666,3226.192,3032.64,3425.9,3220.13,107.88101269134599,30
Jharkhand,Dhanbad,Dhanbad Market,Wheat,2026-07-01,3061.5606451612903,3470.6345161290324,3263.2287096774194,3089.86,3473.61,3263.05,83.0641672340099,31
Jharkhand,Dhanbad,Dhanbad Market,Wheat,2026-08-01,3161.1925806451613,3570.8683870967743,3361.419032258065,3112.04,3573.2,3360.72,91.84235062884814,31
Jharkhand,Jamshedpur,Jamshedpur Market,Onion,2023-01-01,3100.408709677419,3533.783870967742,3300.4709677419355,3171.93,3438.97,3299.98,70.86689844842164,31
Jharkhand,Jamshedpur,Jamshedpur Market,Onion,2023-02-01,3250.4160714285713,3693.942142857143,3479.2725,3154.57,3677.96,3499.105,105.89857193542774,28
Jharkhand,Jamshedpur,Jamshedpur Market,Onion,2023-03-01,3333.3374193548384,3821.977096774194,3569.5990322580647,3457.19,3738.83,3559.37,74.66625678554932,31
Jharkhand,Jamshedpur,Jamshedpur Market,Onion,2023-04-01,3345.5946666666664,3840.479,3592.3426666666664,3496.88,3755.88,3580.4700000000003,68.4353643169626,30
Jharkhand,Jamshedpur,Jamshedpur Market,Onion,2023-05-01,3260.8670967741937,3726.7254838709678,3502.3387096774195,3329.37,3695.94,3508.97,94.59339884445556,31
Jharkhand,Jamshedpur,Jamshedpur Market,Onion,2023-06-01,3110.4809999999998,3532.2830000000004,3334.425666666667,3139.23,3500.65,3341.565,87.37221418511255,30
Jharkhand,Jamshedpur,Jamshedpur Market,Onion,2023-07-01,2901.880322580645,3287.095483870968,3108.110322580645,2969.47,3240.01,3113.42,78.50547379997882,31
Jharkhand,Jamshedpur,Jamshedpur Market,Onion,2023-08-01,2758.093870967742,3124.314516129032,2927.737741935484,2748.76,3152.91,2946.54,98.00707276211162,31
Jharkhand,Jamshedpur,Jamshedpur Market,Onion,2023-09-01,2639.1033333333335,3013.201666666667,2827.4596666666666,2673.59,2999.01,2822.66,91.17980404345194,30
Jharkhand,Jamshedpur,Jamshedpur Market,Onion,2023-10-01,2651.408709677419,3028.047419354839,2834.7412903225804,2641.56,2953.11,2833.08,66.91781629939499,31
Jharkhand,Jamshedpur,Jamshedpur Market,Onion,2023-11-01,2719.0833333333335,3106.351666666667,2915.0556666666666,2729.88,3088.16,2903.6450000000004,74.9853788361131,30
Jharkhand,Jamshedpur,Jamshedpur Market,Onion,2023-12-01,2901.217419354839,3292.48,3094.9906451612906,2920.91,3288.9,3104.63,73.16928198524667,31
Jharkhand,Jamshedpur,Jamshedpur Market,Onion,2024-01-01,3096.0870967741935,3555.5867741935485,3323.545483870968,3106.66,3548.6,3321.18,85.69650657363321,31
Jharkhand,Jamshedpur,Jamshedpur Market,Onion,2024-02-01,3300.6386206896555,3745.441724137931,3526.724827586207,3336.43,3655.82,3524.59,74.59005193248403,29
Jharkhand,Jamshedpur,Jamshedpur Market,Onion,2024-03-01,3391.681612903226,3872.261290322581,3616.7290322580648,3485.64,3801.01,3616.2,70.42249031641525,31
Jharkhand,Jamshedpur,Jamshedpur Market,Onion,2024-04-01,3359.250333333333,3835.552,3591.485666666667,3386.36,3720.94,3593.74,88.03138949117586,30
Jharkhand,Jamshedpur,Jamshedpur Market,Onion,2024-05-01,3264.968709677419,3705.9503225806448,3497.208064516129,3306.45,3683.1,3498.35,77.66498998559365,31
Jharkhand,Jamshedpur,Jamshedpur Market,Onion,2024-06-01,3131.400666666667,3566.6070000000004,3344.926,3179.45,3588.45,3339.42,87.93279352182395,30
Jharkhand,Jamshedpur,Jamshedpur Market,Onion,2024-07-01,2964.0412903225806,3345.0554838709677,3145.7122580645164,2915.35,3341.34,3162.93,97.18298804179247,31
Jharkhand,Jamshedpur,Jamshedpur Market,Onion,2024-08-01,2746.1629032258065,3113.8654838709676,2935.7083870967745,2741.97,3075.26,2947.32,86.99639418185772,31
Jharkhand,Jamshedpur,Jamshedpur Market,Onion,2024-09-01,2655.1283333333336,3013.9506666666666,2831.099,2696.45,3007.91,2836.55,65.27461857414414,30
Jharkhand,Jamshedpur,Jamshedpur Market,Onion,2024-10-01,2656.048387096774,3027.5148387096774,2851.2722580645163,2665.27,3036.36,2860.03,95.77932291504528,31
Jharkhand,Jamshedpur,Jamshedpur Market,Onion,2024-11-01,2756.760333333333,3148.028,2952.8996666666667,2744.98,3114.62,2959.085,81.58208375336002,30
Jharkhand,Jamshedpur,Jamshedpur Market,Onion,2024-12-01,2940.2619354838707,3347.2493548387097,3152.3809677419354,2949.75,3343.13,3166.4,81.12976586328978,31
Jharkhand,Jamshedpur,Jamshedpur Market,Onion,2025-01-01,3125.788064516129,3577.280322580645,3345.6906451612904,3168.39,3522.65,3337.61,87.21194917882487,31
Jharkhand,Jamshedpur,Jamshedpur Market,Onion,2025-02-01,3321.5225,3782.056071428571,3554.529285714286,3325.56,3746.27,3558.77,85.44519542778959,28
Jharkhand,Jamshedpur,Jamshedpur Market,Onion,2025-03-01,3370.4051612903227,3849.9435483870966,3616.6777419354835,3457.79,3795.49,3622.81,73.55142947668999,31
Jharkhand,Jamshedpur,Jamshedpur Market,Onion,2025-04-01,3393.3696666666665,3866.305,3632.9413333333337,3442.94,3816.12,3637.31,87.11190269569587,30
Jharkhand,Jamshedpur,Jamshedpur Market,Onion,2025-05-01,3298.1051612903225,3755.94,3527.355806451613,3298.31,3726.08,3526.31,97.72665845012776,31
Jharkhand,Jamshedpur,Jamshedpur Market,Onion,2025-06-01,3143.4953333333333,3587.9273333333335,3379.7893333333336,3236.43,3595.1,3369.19,80.23771131320729,30
Jharkhand,Jamshedpur,Jamshedpur Market,Onion,2025-07-01,2937.1887096774194,3340.6293548387093,3127.8970967741934,2931.45,3315.63,3127.27,95.34348550350457,31
Jharkhand,Jamshedpur,Jamshedpur Market,Onion,2025-08-01,2780.796774193548,3150.6922580645164,2964.3987096774194,2789.69,3108.25,2966.25,81.30924702401877,31
Jharkhand,Jamshedpur,Jamshedpur Market,Onion,2025-09-01,2662.5826666666667,3052.042,2865.822,2681.1,3043.47,2856.5649999999996,80.63156455606341,30
Jharkhand,Jamshedpur,Jamshedpur Market,Onion,2025-10-01,2673.594193548387,3049.374516129032,2861.2412903225804,2723.63,2990.26,2862.84,58.35920131632692,31
Jharkhand,Jamshedpur,Jamshedpur Market,Onion,2025-11-01,2800.1566666666668,3204.6676666666667,3003.144333333333,2791.56,3179.53,3002.035,82.44800416577445,30
Jharkhand,Jamshedpur,Jamshedpur Market,Onion,2025-12-01,2949.485806451613,3386.269677419355,3156.761612903226,2970.84,3296.22,3180.41,70.13039531695108,31
Jharkhand,Jamshedpur,Jamshedpur Market,Onion,2026-01-01,3136.8987096774194,3553.797096774194,3352.6061290322577,3214.94,3569.35,3356.01,78.00517370351851,31
Jharkhand,Jamshedpur,Jamshedpur Market,Onion,2026-02-01,3324.950714285714,3774.9660714285715,3546.1507142857145,3361.43,3775.44,3562.74,87.68693614125925,28
Jharkhand,Jamshedpur,Jamshedpur Market,Onion,2026-03-01,3420.9283870967743,3856.7799999999997,3644.986774193548,3434.83,3837.26,3634.43,84.26179297827687,31
Jharkhand,Jamshedpur,Jamshedpur Market,Onion,2026-04-01,3415.6513333333337,3898.608333333333,3656.547,3443.5,3927.85,3659.655,91.64260088837617,30
Jharkhand,Jamshedpur,Jamshedpur Market,Onion,2026-05-01,3319.3661290322584,3763.4429032258063,3544.2829032258064,3302.71,3761.14,3562.95,97.97968116548626,31
Jharkhand,Jamshedpur,Jamshedpur Market,Onion,2026-06-01,3139.8830000000003,3595.585666666667,3375.4793333333337,3230.96,3653.18,3369.6850000000004,85.36658944015312,30
Jharkhand,Jamshedpur,Jamshedpur Market,Onion,2026-07-01,2943.438387096774,3358.5954838709677,3149.068387096774,2897.46,3329.29,3177.72,110.72230215263093,31
Jharkhand,Jamshedpur,Jamshedpur Market,Onion,2026-08-01,2778.786129032258,3198.8274193548386,2985.169032258065,2794.5,3159.38,2995.13,94.89862659191782,31
Jharkhand,Jamshedpur,Jamshedpur Market,Potato,2023-01-01,1489.164193548387,1698.088387096774,1594.7783870967742,1525.74,1678.17,1589.15,43.28920751540537,31
Jharkhand,Jamshedpur,Jamshedpur Market,Potato,2023-02-01,1568.3360714285716,1778.3500000000001,1677.2003571428572,1572.64,1790.98,1662.12,52.09573427352148,28
Jharkhand,Jamshedpur,Jamshedpur Market,Potato,2023-03-01,1654.9641935483871,1879.1745161290323,1768.093548387097,1656.15,1862.4,1773.8,49.028718288256904,31
Jharkhand,Jamshedpur,Jamshedpur Market,Potato,2023-04-01,1678.4193333333335,1912.9213333333332,1795.908,1726.2,1883.63,1791.005,41.26673298232467,30
Jharkhand,Jamshedpur,Jamshedpur Market,Potato,2023-05-01,1647.4174193548388,1870.0122580645161,1756.444193548387,1666.34,1832.79,1755.02,42.49629260490007,31
Jharkhand,Jamshedpur,Jamshedpur Market,Potato,2023-06-01,1592.3566666666666,1808.6913333333332,1703.362,1613.64,1795.75,1703.3899999999999,42.78550055721022,30
Jharkhand,Jamshedpur,Jamshedpur Market,Potato,2023-07-01,1503.0090322580645,1705.5377419354838,1605.5822580645163,1516.79,1704.55,1601.75,48.78300289442879,31
Jharkhand,Jamshedpur,Jamshedpur Market,Potato,2023-08-01,1411.4232258064517,1613.7464516129032,1513.149677419355,1390.92,1574.91,1523.83,46.15210255115651,31
Jharkhand,Jamshedpur,Jamshedpur Market,Potato,2023-09-01,1341.493,1511.0393333333334,1429.0796666666668,1312.85,1506.86,1433.875,42.37857164143005,30
Jharkhand,Jamshedpur,Jamshedpur Market,Potato,2023-10-01,1322.1245161290324,1495.3187096774193,1406.111935483871,1333.85,1488.85,1407.66,38.75997423626214,31
Jharkhand,Jamshedpur,Jamshedpur Market,Potato,2023-11-01,1337.716,1537.868,1437.7730000000001,1308.08,1531.21,1451.04,55.8902902646075,30
Jharkhand,Jamshedpur,Jamshedpur Market,Potato,2023-12-01,1403.3129032258064,1596.2229032258065,1506.5064516129032,1442.25,1606.54,1511.19,39.96514185707229,31
Jharkhand,Jamshedpur,Jamshedpur Market,Potato,2024-01-01,1506.4945161290323,1712.7587096774196,1604.118387096774,1520.46,1679.6,1608.12,39.51554960575847,31
Jharkhand,Jamshedpur,Jamshedpur Market,Potato,2024-02-01,1594.066551724138,1826.1858620689654,1706.951724137931,1583.56,1829.32,1712.57,50.416734259070715,29
Jharkhand,Jamshedpur,Jamshedpur Market,Potato,2024-03-01,1668.5706451612905,1892.3370967741935,1788.9654838709678,1706.64,1881.41,1792.51,41.39835615405594,31
Jharkhand,Jamshedpur,Jamshedpur Market,Potato,2024-04-01,1694.867,1942.0953333333334,1821.5613333333336,1724.52,1879.67,1832.415,43.84163693562781,30
Jharkhand,Jamshedpur,Jamshedpur Market,Potato,2024-05-01,1674.338387096774,1909.246129032258,1797.0709677419354,1702.27,1891.49,1793.13,48.20803040675823,31
Jharkhand,Jamshedpur,Jamshedpur Market,Potato,2024-06-01,1618.6436666666666,1826.5596666666668,1731.7593333333332,1637.38,1834.51,1741.495,44.611246914476276,30
Jharkhand,Jamshedpur,Jamshedpur Market,Potato,2024-07-01,1507.5609677419354,1728.2535483870968,1619.9316129032259,1532.2,1689.82,1618.22,41.15599122823421,31
Jharkhand,Jamshedpur,Jamshedpur Market,Potato,2024-08-01,1434.5177419354839,1623.2909677419354,1530.1035483870967,1419.02,1620.08,1527.17,50.931303900344524,31
Jharkhand,Jamshedpur,Jamshedpur Market,Potato,2024-09-01,1344.287,1535.7973333333332,1442.5936666666666,1361.54,1527.09,1442.185,36.84887538482608,30
Jharkhand,Jamshedpur,Jamshedpur Market,Potato,2024-10-01,1342.888064516129,1533.9206451612904,1439.3567741935483,1346.39,1499.67,1444.6,36.50701972562688,31
Jharkhand,Jamshedpur,Jamshedpur Market,Potato,2024-11-01,1358.316,1547.8806666666667,1454.1053333333334,1379.82,1535.52,1442.005,39.98519818661638,30
Jharkhand,Jamshedpur,Jamshedpur Market,Potato,2024-12-01,1429.6519354838708,1637.3067741935486,1536.4916129032258,1445.03,1626.11,1535.46,44.03519123737092,31
Jharkhand,Jamshedpur,Jamshedpur Market,Potato,2025-01-01,1520.1951612903226,1725.092258064516,1621.6125806451612,1513.14,1702.02,1629.26,45.330140595983465,31
Jharkhand,Jamshedpur,Jamshedpur Market,Potato,2025-02-01,1622.24,1833.4171428571428,1729.8564285714288,1660.56,1815.33,1733.55,42.65335228146271,28
Jharkhand,Jamshedpur,Jamshedpur Market,Potato,2025-03-01,1679.798064516129,1925.7387096774194,1797.6725806451611,1728.69,1892.64,1810.69,45.85492732286186,31
Jharkhand,Jamshedpur,Jamshedpur Market,Potato,2025-04-01,1719.763,1947.0576666666668,1833.0529999999999,1762.5,1926.45,1827.6799999999998,38.96496792212733,30
Jharkhand,Jamshedpur,Jamshedpur Market,Potato,2025-05-01,1699.8670967741934,1927.4635483870968,1812.556129032258,1732.36,1878.56,1807.15,39.87168023191564,31
Jharkhand,Jamshedpur,Jamshedpur Market,Potato,2025-06-01,1629.6166666666666,1862.9866666666667,1751.1523333333332,1654.22,1840.75,1747.115,52.77851650731235,30
Jharkhand,Jamshedpur,Jamshedpur Market,Potato,2025-07-01,1547.6464516129033,1753.6554838709678,1650.8848387096775,1541.3,1783.55,1649.18,45.5222940159337,31
Jharkhand,Jamshedpur,Jamshedpur Market,Potato,2025-08-01,1460.2445161290323,1670.1151612903225,1569.1783870967743,1491.25,1657.49,1564.3,45.27420399423731,31
Jharkhand,Jamshedpur,Jamshedpur Market,Potato,2025-09-01,1385.3736666666666,1584.532,1486.4226666666666,1401.13,1551.94,1483.895,33.52179763648734,30
Jharkhand,Jamshedpur,Jamshedpur Market,Potato,2025-10-01,1357.6609677419353,1541.5067741935484,1450.9390322580646,1397.35,1521.66,1444.39,34.07748517274896,31
Jharkhand,Jamshedpur,Jamshedpur Market,Potato,2025-11-01,1373.9083333333333,1562.1193333333333,1472.6686666666667,1404.92,1548.1,1471.795,31.570474719633008,30
Jharkhand,Jamshedpur,Jamshedpur Market,Potato,2025-12-01,1446.9803225806452,1651.845806451613,1554.0529032258064,1468.97,1676.44,1543.04,50.96549173663478,31
Jharkhand,Jamshedpur,Jamshedpur Market,Potato,2026-01-01,1555.4025806451614,1767.8512903225806,1656.141935483871,1542.62,1749.42,1660.57,52.62688675441827,31
Jharkhand,Jamshedpur,Jamshedpur Market,Potato,2026-02-01,1639.5189285714284,1875.855,1762.5375000000001,1609.42,1885.51,1765.385,56.13681254888049,28
Jharkhand,Jamshedpur,Jamshedpur Market,Potato,2026-03-01,1709.9848387096774,1961.927741935484,1832.5429032258064,1741.8,1902.33,1834.37,43.32711962066781,31
Jharkhand,Jamshedpur,Jamshedpur Market,Potato,2026-04-01,1736.4743333333333,1968.9923333333331,1852.8413333333333,1783.25,1911.16,1854.0349999999999,31.492814476927304,30
Jharkhand,Jamshedpur,Jamshedpur Market,Potato,2026-05-01,1718.3722580645162,1947.0445161290322,1836.6048387096773,1745.19,1888.47,1841.02,37.4231938661011,31
Jharkhand,Jamshedpur,Jamshedpur Market,Potato,2026-06-01,1667.78,1894.2253333333333,1783.234,1695.17,1864.92,1778.105,43.72705968808695,30
Jharkhand,Jamshedpur,Jamshedpur Market,Potato,2026-07-01,1557.5425806451613,1782.349677419355,1672.3570967741935,1539.48,1795.18,1678.19,52.71683641200722,31
Jharkhand,Jamshedpur,Jamshedpur Market,Potato,2026-08-01,1464.6948387096775,1675.7848387096774,1573.6029032258066,1479.04,1694.71,1572.5,46.716452433345,31
Jharkhand,Jamshedpur,Jamshedpur Market,Rice,2023-01-01,3528.985161290323,4005.1477419354837,3783.4461290322583,3618.34,3941.62,3802.99,91.8812704047066,31
Jharkhand,Jamshedpur,Jamshedpur Market,Rice,2023-02-01,3454.259642857143,3920.3892857142855,3678.872142857143,3533.25,3863.81,3675.365,79.91350079963274,28
Jharkhand,Jamshedpur,Jamshedpur Market,Rice,2023-03-01,3301.5851612903225,3780.8777419354838,3536.7290322580648,3299.12,3823.08,3521.21,113.40299529715082,31
Jharkhand,Jamshedpur,Jamshedpur Market,Rice,2023-04-01,3148.776,3580.8903333333333,3365.9919999999997,3127.12,3567.18,3366.125,92.28268274055048,30
Jharkhand,Jamshedpur,Jamshedpur Market,Rice,2023-05-01,3007.7148387096777,3436.8809677419354,3222.562903225806,3093.12,3412.2,3218.16,85.48782916078552,31
Jharkhand,Jamshedpur,Jamshedpur Market,Rice,2023-06-01,2980.662333333333,3380.4263333333333,3162.0326666666665,2983.52,3312.68,3176.665,85.0769879309459,30
Jharkhand,Jamshedpur,Jamshedpur Market,Rice,2023-07-01,2939.8335483870965,3350.0693548387094,3143.414193548387,2949.78,3438.54,3134.07,118.24787870610878,31
Jharkhand,Jamshedpur,Jamshedpur Market,Rice,2023-08-01,3071.0574193548387,3501.4864516129032,3282.265161290323,3123.96,3494.74,3288.89,99.72183431495728,31
Jharkhand,Jamshedpur,Jamshedpur Market,Rice,2023-09-01,3204.5860000000002,3646.3686666666667,3423.0553333333332,3192.8,3608.89,3434.52,98.49702025016238,30
Jharkhand,Jamshedpur,Jamshedpur Market,Rice,2023-10-01,3366.0625806451612,3840.611935483871,3601.544193548387,3486.15,3806.92,3586.99,82.00166123415606,31
Jharkhand,Jamshedpur,Jamshedpur Market,Rice,2023-11-01,3537.066333333333,3997.927666666667,3755.2309999999998,3578.64,4074.63,3740.8450000000003,95.71007107855529,30
Jharkhand,Jamshedpur,Jamshedpur Market,Rice,2023-12-01,3561.9606451612904,4039.311935483871,3787.313870967742,3617.06,3913.51,3795.45,87.45392023526517,31
Jharkhand,Jamshedpur,Jamshedpur Market,Rice,2024-01-01,3569.153870967742,4083.2770967741935,3811.3954838709674,3577.9,4021.21,3811.33,105.93443358476361,31
Jharkhand,Jamshedpur,Jamshedpur Market,Rice,2024-02-01,3455.4558620689654,3949.3503448275865,3703.986896551724,3497.45,3902.59,3693.28,97.52923415583983,29
Jharkhand,Jamshedpur,Jamshedpur Market,Rice,2024-03-01,3323.0993548387096,3756.2245161290325,3537.7716129032256,3375.58,3712.06,3545.77,84.77729492015247,31
Jharkhand,Jamshedpur,Jamshedpur Market,Rice,2024-04-01,3149.8106666666667,3605.338666666667,3398.4413333333337,3155.9,3631.91,3389.71,110.20120143701205,30
Jharkhand,Jamshedpur,Jamshedpur Market,Rice,2024-05-01,3028.0538709677417,3423.782580645161,3226.056129032258,3056.18,3349.98,3252.57,88.49298584925317,31
Jharkhand,Jamshedpur,Jamshedpur Market,Rice,2024-06-01,2975.5493333333334,3390.191,3185.750666666667,3067.95,3334.31,3182.075,67.67078210915216,30
Jharkhand,Jamshedpur,Jamshedpur Market,Rice,2024-07-01,2970.3954838709674,3378.068064516129,3165.6551612903227,2951.34,3330.46,3152.58,90.88306805527516,31
Jharkhand,Jamshedpur,Jamshedpur Market,Rice,2024-08-01,3092.5551612903228,3513.4593548387097,3285.8503225806453,3102.28,3502.99,3271.9,100.69611020239279,31
Jharkhand,Jamshedpur,Jamshedpur Market,Rice,2024-09-01,3214.333,3669.6593333333335,3434.0266666666666,3212.22,3611.97,3448.21,110.15731410385196,30
Jharkhand,Jamshedpur,Jamshedpur Market,Rice,2024-10-01,3346.6806451612906,3837.505806451613,3606.230322580645,3438.99,3736.29,3602.84,72.7447618038063,31
Jharkhand,Jamshedpur,Jamshedpur Market,Rice,2024-11-01,3511.137,3972.5330000000004,3753.5330000000004,3536.52,3963.19,3767.56,110.3922975558313,30
Jharkhand,Jamshedpur,Jamshedpur Market,Rice,2024-12-01,3535.441612903226,4068.612258064516,3805.9603225806454,3607.27,4035.51,3828.75,104.94455337570314,31
Jharkhand,Jamshedpur,Jamshedpur Market,Rice,2025-01-01,3596.2248387096774,4097.5199999999995,3822.7690322580643,3589.35,4046.68,3831.03,108.79113877379413,31
Jharkhand,Jamshedpur,Jamshedpur Market,Rice,2025-02-01,3467.293214285714,3954.725357142857,3718.559642857143,3543.06,3999.8,3715.5150000000003,110.26992610667449,28
Jharkhand,Jamshedpur,Jamshedpur Market,Rice,2025-03-01,3318.984838709677,3779.8874193548386,3564.376774193548,3350.03,3793.26,3582.8,110.55228586170121,31
Jharkhand,Jamshedpur,Jamshedpur Market,Rice,2025-04-01,3174.237666666667,3610.9803333333334,3399.955,3209.24,3538.41,3400.59,87.11543719844283,30
Jharkhand,Jamshedpur,Jamshedpur Market,Rice,2025-05-01,3042.107096774194,3465.647419354839,3236.2767741935486,3032.11,3415.73,3220.72,89.75095284125932,31
Jharkhand,Jamshedpur,Jamshedpur Market,Rice,2025-06-01,2958.6683333333335,3389.0353333333333,3170.4443333333334,3000.87,3295.41,3175.2200000000003,76.95326336578361,30
Jharkhand,Jamshedpur,Jamshedpur Market,Rice,2025-07-01,2971.8993548387098,3383.6499999999996,3180.659032258064,2987.13,3405.69,3183.31,94.11741026876427,31
Jharkhand,Jamshedpur,Jamshedpur Market,Rice,2025-08-01,3039.306129032258,3490.930322580645,3270.1503225806455,3109.88,3501.94,3283.69,94.33510249756348,31
Jharkhand,Jamshedpur,Jamshedpur Market,Rice,2025-09-01,3219.851333333333,3662.682333333333,3444.469,3263.93,3635.29,3457.185,89.65035851419752,30
Jharkhand,Jamshedpur,Jamshedpur Market,Rice,2025-10-01,3411.901935483871,3883.4338709677418,3627.7948387096776,3399.09,3815.39,3632.15,98.1013901318753,31
Jharkhand,Jamshedpur,Jamshedpur Market,Rice,2025-11-01,3494.0443333333333,3982.8306666666667,3741.302,3566.85,3991.04,3737.51,90.16625794455558,30
Jharkhand,Jamshedpur,Jamshedpur Market,Rice,2025-12-01,3620.3996774193547,4114.322258064516,3855.202258064516,3673.33,4024.49,3845.5,77.23923418874975,31
Jharkhand,Jamshedpur,Jamshedpur Market,Rice,2026-01-01,3593.3551612903225,4102.673225806451,3845.4700000000003,3684.81,4175.69,3838.17,111.72942363883685,31
Jharkhand,Jamshedpur,Jamshedpur Market,Rice,2026-02-01,3493.2664285714286,3956.6060714285713,3727.7275,3511.99,3903.55,3721.27,94.41001718763951,28
Jharkhand,Jamshedpur,Jamshedpur Market,Rice,2026-03-01,3355.373870967742,3780.8493548387096,3569.3109677419357,3442.71,3687.57,3569.96,62.81502672422882,31
Jharkhand,Jamshedpur,Jamshedpur Market,Rice,2026-04-01,3198.1596666666665,3679.5543333333335,3431.2763333333332,3232.65,3588.57,3450.875,102.20758732492223,30
Jharkhand,Jamshedpur,Jamshedpur Market,Rice,2026-05-01,3089.5222580645163,3505.7754838709675,3300.004838709677,3144.07,3422.88,3322.67,83.32927140250962,31
Jharkhand,Jamshedpur,Jamshedpur Market,Rice,2026-06-01,2954.4396666666667,3383.8316666666665,3173.464333333333,3029.9,3364.23,3172.9849999999997,87.02221272848048,30
Jharkhand,Jamshedpur,Jamshedpur Market,Rice,2026-07-01,3002.394516129032,3449.146129032258,3222.1651612903224,3047.9,3337.07,3246.47,77.14577805993743,31
Jharkhand,Jamshedpur,Jamshedpur Market,Rice,2026-08-01,3072.284193548387,3491.764193548387,3284.445806451613,3068.09,3474.42,3257.86,94.7650595516508,31
Jharkhand,Jamshedpur,Jamshedpur Market,Tomato,2023-01-01,1878.2096774193549,2132.5774193548386,2013.6851612903224,1910.63,2126.18,2020.74,53.081226616759565,31
Jharkhand,Jamshedpur,Jamshedpur Market,Tomato,2023-02-01,1814.9775000000002,2053.6964285714284,1940.6353571428572,1856.04,2038.3,1939.455,42.533262145720876,28
Jharkhand,Jamshedpur,Jamshedpur Market,Tomato,2023-03-01,1767.5109677419355,2010.9032258064517,1901.725806451613,1785.17,1976.06,1911.11,48.57975495850056,31
Jharkhand,Jamshedpur,Jamshedpur Market,Tomato,2023-04-01,1728.1316666666667,1966.2163333333333,1839.2383333333335,1751.52,1955.82,1841.85,45.04430218346603,30
Jharkhand,Jamshedpur,Jamshedpur Market,Tomato,2023-05-01,1732.0625806451615,1963.3003225806451,1847.6354838709676,1743.01,1985.86,1847.27,56.97845264300704,31
Jharkhand,Jamshedpur,Jamshedpur Market,Tomato,2023-06-01,1752.7506666666666,2010.373,1887.4476666666667,1795.42,1991.25,1884.105,42.81788666557175,30
Jharkhand,Jamshedpur,Jamshedpur Market,Tomato,2023-07-01,1805.2212903225807,2058.4064516129033,1932.28,1785.04,2052.36,1937.01,65.57958310327987,31
Jharkhand,Jamshedpur,Jamshedpur Market,Tomato,2023-08-01,1900.9003225806453,2146.4067741935482,2021.5635483870967,1909.52,2117.02,2026.42,43.38787546065429,31
Jharkhand,Jamshedpur,Jamshedpur Market,Tomato,2023-09-01,1938.8506666666667,2219.8483333333334,2080.242333333333,2005.4,2185.19,2075.3599999999997,46.750759955713825,30
Jharkhand,Jamshedpur,Jamshedpur Market,Tomato,2023-10-01,1984.6141935483872,2257.3835483870967,2128.546451612903,2043.5,2232.9,2134.91,53.59548131129385,31
Jharkhand,Jamshedpur,Jamshedpur Market,Tomato,2023-11-01,1995.1943333333334,2253.7546666666667,2127.8446666666664,2032.59,2223.39,2136.865,50.91084483976712,30
Jharkhand,Jamshedpur,Jamshedpur Market,Tomato,2023-12-01,1962.486129032258,2242.27,2103.5225806451613,1997.79,2183.35,2118.57,48.163796844223164,31
Jharkhand,Jamshedpur,Jamshedpur Market,Tomato,2024-01-01,1903.4774193548387,2156.171935483871,2030.1729032258065,1941.99,2186.2,2026.77,60.46378465349039,31
Jharkhand,Jamshedpur,Jamshedpur Market,Tomato,2024-02-01,1820.3175862068965,2067.0958620689653,1941.7920689655173,1792.09,2058.06,1937.22,60.604605045403645,29
Jharkhand,Jamshedpur,Jamshedpur Market,Tomato,2024-03-01,1788.6354838709676,2015.5587096774193,1900.388064516129,1799.69,2008.37,1888.6,51.53296759805673,31
Jharkhand,Jamshedpur,Jamshedpur Market,Tomato,2024-04-01,1732.849,1977.0383333333334,1860.4540000000002,1767.49,1949.48,1864.4850000000001,53.11196946724579,30
Jharkhand,Jamshedpur,Jamshedpur Market,Tomato,2024-05-01,1721.7335483870968,1960.5783870967741,1844.031935483871,1713.0,1972.2,1847.66,61.333948153767416,31
Jharkhand,Jamshedpur,Jamshedpur Market,Tomato,2024-06-01,1787.4593333333332,2021.953,1904.8143333333333,1825.33,1985.36,1905.505,39.28288683149563,30
Jharkhand,Jamshedpur,Jamshedpur Market,Tomato,2024-07-01,1844.8445161290322,2102.731935483871,1972.0064516129032,1861.31,2028.5,1980.62,41.22521465870038,31
Jharkhand,Jamshedpur,Jamshedpur Market,Tomato,2024-08-01,1896.97,2162.420322580645,2031.0335483870967,1905.25,2133.78,2026.06,61.637593915206864,31
Jharkhand,Jamshedpur,Jamshedpur Market,Tomato,2024-09-01,1969.769,2249.19,2109.6106666666665,1979.97,2199.88,2105.8450000000003,49.37031684876148,30
Jharkhand,Jamshedpur,Jamshedpur Market,Tomato,2024-10-01,1993.7703225806451,2287.0577419354836,2140.0090322580645,2061.79,2240.65,2137.53,46.32640934030599,31
Jharkhand,Jamshedpur,Jamshedpur Market,Tomato,2024-11-01,2006.5733333333333,2278.8043333333335,2142.0673333333334,2046.13,2232.99,2143.005,43.91038938670388,30
Jharkhand,Jamshedpur,Jamshedpur Market,Tomato,2024-12-01,1967.8712903225808,2252.477096774194,2103.1287096774195,1971.85,2194.71,2102.64,51.61794602280197,31
Jharkhand,Jamshedpur,Jamshedpur Market,Tomato,2025-01-01,1903.288064516129,2165.046451612903,2038.6609677419353,1921.75,2136.46,2043.89,58.71878889275797,31
Jharkhand,Jamshedpur,Jamshedpur Market,Tomato,2025-02-01,1858.8546428571428,2109.630714285714,1990.8242857142857,1900.53,2088.88,1992.8899999999999,56.90690073552376,28
Jharkhand,Jamshedpur,Jamshedpur Market,Tomato,2025-03-01,1770.2987096774193,2008.798064516129,1898.4496774193549,1782.37,2007.15,1900.98,46.21841108504076,31
Jharkhand,Jamshedpur,Jamshedpur Market,Tomato,2025-04-01,1765.695,2001.6490000000001,1870.7046666666668,1770.14,1983.78,1871.06,47.19235142100546,30
Jharkhand,Jamshedpur,Jamshedpur Market,Tomato,2025-05-01,1783.9651612903226,2024.2403225806454,1890.0732258064515,1790.02,2004.25,1893.71,39.72554412357344,31
Jharkhand,Jamshedpur,Jamshedpur Market,Tomato,2025-06-01,1794.151,2041.4636666666668,1911.732,1798.2,1985.93,1906.52,41.72342097588629,30
Jharkhand,Jamshedpur,Jamshedpur Market,Tomato,2025-07-01,1836.9412903225807,2095.243548387097,1963.483870967742,1843.33,2115.54,1953.74,62.165830843930216,31
Jharkhand,Jamshedpur,Jamshedpur Market,Tomato,2025-08-01,1905.5574193548387,2182.8809677419354,2049.188387096774,1911.26,2160.26,2048.97,71.59534845676185,31
Jharkhand,Jamshedpur,Jamshedpur Market,Tomato,2025-09-01,1983.2796666666666,2253.101666666667,2115.1833333333334,2054.97,2215.55,2113.7650000000003,38.08524298640277,30
Jharkhand,Jamshedpur,Jamshedpur Market,Tomato,2025-10-01,1993.3151612903225,2280.389677419355,2140.7229032258065,2045.75,2221.13,2148.3,43.62735863297621,31
Jharkhand,Jamshedpur,Jamshedpur Market,Tomato,2025-11-01,2032.445,2300.210666666667,2161.953,2061.0,2321.34,2160.56,48.67808252464212,30
Jharkhand,Jamshedpur,Jamshedpur Market,Tomato,2025-12-01,1973.995806451613,2232.990322580645,2104.508709677419,1995.23,2210.12,2105.13,49.56015218848954,31
Jharkhand,Jamshedpur,Jamshedpur Market,Tomato,2026-01-01,1919.3703225806453,2183.7590322580645,2046.914516129032,1939.03,2203.2,2038.4,56.1336798982992,31
Jharkhand,Jamshedpur,Jamshedpur Market,Tomato,2026-02-01,1861.185714285714,2126.5014285714287,1988.7439285714286,1788.54,2083.66,1989.725,61.48767291930755,28
Jharkhand,Jamshedpur,Jamshedpur Market,Tomato,2026-03-01,1796.7270967741936,2068.715806451613,1943.1864516129033,1831.65,2041.47,1932.47,54.02319073314018,31
Jharkhand,Jamshedpur,Jamshedpur Market,Tomato,2026-04-01,1763.8416666666667,2001.8293333333334,1883.055,1799.4,1969.13,1887.25,45.56111331554276,30
Jharkhand,Jamshedpur,Jamshedpur Market,Tomato,2026-05-01,1762.0212903225809,2004.0129032258064,1887.774193548387,1809.32,1981.71,1886.3,46.42585879831731,31
Jharkhand,Jamshedpur,Jamshedpur Market,Tomato,2026-06-01,1797.8906666666667,2047.4026666666666,1922.27,1834.69,2021.26,1916.205,47.86560322834965,30
Jharkhand,Jamshedpur,Jamshedpur Market,Tomato,2026-07-01,1849.4103225806452,2125.7948387096776,1991.7251612903226,1863.56,2085.06,1994.63,47.50670646487494,31
Jharkhand,Jamshedpur,Jamshedpur Market,Tomato,2026-08-01,1922.7996774193548,2200.4083870967743,2066.0709677419354,1930.37,2185.47,2071.75,59.39597227393095,31
Jharkhand,Jamshedpur,Jamshedpur Market,Wheat,2023-01-01,3489.467419354839,3963.482258064516,3737.3767741935485,3491.06,3864.77,3752.17,80.80801661498263,31
Jharkhand,Jamshedpur,Jamshedpur Market,Wheat,2023-02-01,3422.659642857143,3867.639642857143,3657.7999999999997,3528.36,3851.39,3659.5550000000003,74.82417409921493,28
Jharkhand,Jamshedpur,Jamshedpur Market,Wheat,2023-03-01,3325.6893548387097,3767.363870967742,3553.0109677419355,3420.99,3742.99,3537.52,86.28242058707912,31
Jharkhand,Jamshedpur,Jamshedpur Market,Wheat,2023-04-01,3146.275,3573.9919999999997,3355.661,3137.53,3559.44,3363.62,81.49985324082402,30
Jharkhand,Jamshedpur,Jamshedpur Market,Wheat,2023-05-01,2965.775806451613,3361.503548387097,3160.266451612903,2975.28,3411.26,3170.78,103.36607585174764,31
Jharkhand,Jamshedpur,Jamshedpur Market,Wheat,2023-06-01,2850.701,3251.692,3036.9243333333334,2870.26,3258.55,3030.3599999999997,87.42457303430143,30
Jharkhand,Jamshedpur,Jamshedpur Market,Wheat,2023-07-01,2799.063548387097,3186.2522580645164,2984.501612903226,2772.5,3112.53,2987.44,83.72559620955323,31
Jharkhand,Jamshedpur,Jamshedpur Market,Wheat,2023-08-01,2865.063225806452,3238.802258064516,3045.9164516129035,2830.29,3300.1,3029.67,99.1132499567501,31
Jharkhand,Jamshedpur,Jamshedpur Market,Wheat,2023-09-01,2973.787333333333,3403.8336666666664,3187.8933333333334,3016.22,3431.49,3165.1099999999997,111.47589126503263,30
Jharkhand,Jamshedpur,Jamshedpur Market,Wheat,2023-10-01,3137.837741935484,3579.905806451613,3367.391612903226,3138.06,3579.33,3368.91,106.09376598389342,31
Jharkhand,Jamshedpur,Jamshedpur Market,Wheat,2023-11-01,3329.9539999999997,3788.9356666666667,3560.2233333333334,3364.55,3698.95,3552.9300000000003,91.04879064633906,30
Jharkhand,Jamshedpur,Jamshedpur Market,Wheat,2023-12-01,3462.1306451612904,3925.7329032258067,3690.9929032258065,3529.17,3857.0,3669.07,78.20098342065135,31
Jharkhand,Jamshedpur,Jamshedpur Market,Wheat,2024-01-01,3520.185483870968,4009.8690322580646,3774.3967741935485,3604.6,3906.72,3779.98,75.14697316535093,31
Jharkhand,Jamshedpur,Jamshedpur Market,Wheat,2024-02-01,3448.862068965517,3929.817586206896,3694.214827586207,3518.98,3827.5,3700.76,85.6945555705465,29
Jharkhand,Jamshedpur,Jamshedpur Market,Wheat,2024-03-01,3325.0551612903228,3809.951935483871,3564.2083870967745,3349.92,3738.12,3564.17,94.69211727476815,31
Jharkhand,Jamshedpur,Jamshedpur Market,Wheat,2024-04-01,3164.1423333333337,3589.4923333333336,3381.934333333333,3231.62,3515.44,3394.2250000000004,75.87665452077064,30
Jharkhand,Jamshedpur,Jamshedpur Market,Wheat,2024-05-01,3000.1890322580643,3395.4774193548387,3189.6838709677418,2917.54,3369.58,3195.9,101.09513778869943,31
Jharkhand,Jamshedpur,Jamshedpur Market,Wheat,2024-06-01,2864.963333333333,3250.3793333333333,3063.9073333333336,2768.16,3312.02,3051.635,106.12162732330836,30
Jharkhand,Jamshedpur,Jamshedpur Market,Wheat,2024-07-01,2822.618064516129,3218.5167741935484,3005.507741935484,2869.49,3190.12,2997.21,88.19280895514014,31
Jharkhand,Jamshedpur,Jamshedpur Market,Wheat,2024-08-01,2867.605806451613,3280.4109677419356,3067.8848387096773,2918.84,3170.22,3080.99,63.79923421018829,31
Jharkhand,Jamshedpur,Jamshedpur Market,Wheat,2024-09-01,2969.8936666666664,3410.0736666666667,3194.567,3011.96,3400.11,3186.045,95.13747269808744,30
Jharkhand,Jamshedpur,Jamshedpur Market,Wheat,2024-10-01,3196.376129032258,3639.7787096774196,3412.7951612903225,3134.78,3622.16,3432.87,110.20925015233392,31
Jharkhand,Jamshedpur,Jamshedpur Market,Wheat,2024-11-01,3377.423666666667,3849.5919999999996,3598.256,3381.59,3742.69,3610.98,83.48730019465899,30
Jharkhand,Jamshedpur,Jamshedpur Market,Wheat,2024-12-01,3453.292258064516,3956.5377419354836,3706.1600000000003,3412.88,3846.36,3701.14,82.51279242234716,31
Jharkhand,Jamshedpur,Jamshedpur Market,Wheat,2025-01-01,3513.337741935484,3992.762580645161,3772.201935483871,3600.17,3906.09,3783.6,83.6929385878066,31
Jharkhand,Jamshedpur,Jamshedpur Market,Wheat,2025-02-01,3484.9021428571427,3962.2557142857145,3724.1785714285716,3499.53,3950.67,3719.1850000000004,94.32292057624028,28
Jharkhand,Jamshedpur,Jamshedpur Market,Wheat,2025-03-01,3380.547419354839,3856.970322580645,3611.9993548387097,3428.57,3794.33,3621.66,80.76328497262776,31
Jharkhand,Jamshedpur,Jamshedpur Market,Wheat,2025-04-01,3191.182,3645.2560000000003,3420.822333333333,3238.02,3622.4,3402.1,96.59413706357932,30
Jharkhand,Jamshedpur,Jamshedpur Market,Wheat,2025-05-01,3033.0661290322582,3450.063870967742,3241.5335483870967,3110.81,3406.65,3234.69,78.04633702907473,31
Jharkhand,Jamshedpur,Jamshedpur Market,Wheat,2025-06-01,2901.6659999999997,3318.6793333333335,3112.038333333333,2940.82,3288.94,3110.45,87.65930578227217,30
Jharkhand,Jamshedpur,Jamshedpur Market,Wheat,2025-07-01,2871.343870967742,3268.8483870967743,3060.768064516129,2848.89,3271.09,3054.53,97.10559607696344,31
Jharkhand,Jamshedpur,Jamshedpur Market,Wheat,2025-08-01,2895.1506451612904,3302.498387096774,3104.297741935484,2880.88,3344.37,3093.67,108.4635130265681,31
Jharkhand,Jamshedpur,Jamshedpur Market,Wheat,2025-09-01,2994.438666666667,3415.1200000000003,3202.250333333333,2983.08,3393.12,3181.4,121.74065579049105,30
Jharkhand,Jamshedpur,Jamshedpur Market,Wheat,2025-10-01,3227.495161290323,3672.3193548387094,3438.340967741936,3222.52,3554.02,3438.61,85.82251718342269,31
Jharkhand,Jamshedpur,Jamshedpur Market,Wheat,2025-11-01,3376.650333333333,3845.996,3622.4813333333336,3431.26,3867.31,3615.165,100.33464691010148,30
Jharkhand,Jamshedpur,Jamshedpur Market,Wheat,2025-12-01,3497.1729032258063,3980.626774193548,3746.5509677419354,3564.73,3943.33,3759.88,107.85054759109444,31
Jharkhand,Jamshedpur,Jamshedpur Market,Wheat,2026-01-01,3560.9806451612903,4057.8383870967746,3816.798064516129,3627.32,3963.25,3810.93,89.29356226960424,31
Jharkhand,Jamshedpur,Jamshedpur Market,Wheat,2026-02-01,3522.8535714285713,4013.5825,3761.967142857143,3512.74,3948.03,3751.325,94.32403310484605,28
Jharkhand,Jamshedpur,Jamshedpur Market,Wheat,2026-03-01,3389.818387096774,3816.2419354838707,3605.2232258064514,3290.56,3802.89,3613.89,104.95330731289009,31
Jharkhand,Jamshedpur,Jamshedpur Market,Wheat,2026-04-01,3219.3643333333334,3661.0396666666666,3443.2953333333335,3204.41,3680.09,3461.0950000000003,105.20201278831422,30
Jharkhand,Jamshedpur,Jamshedpur Market,Wheat,2026-05-01,3057.184516129032,3472.5612903225806,3266.105483870968,3110.78,3437.66,3264.99,82.10428863499196,31
Jharkhand,Jamshedpur,Jamshedpur Market,Wheat,2026-06-01,2899.135333333333,3311.9886666666666,3107.125,2870.66,3313.31,3097.875,104.63594802440275,30
Jharkhand,Jamshedpur,Jamshedpur Market,Wheat,2026-07-01,2888.734193548387,3296.654193548387,3072.613548387097,2901.75,3277.32,3064.29,80.3969357852396,31
Jharkhand,Jamshedpur,Jamshedpur Market,Wheat,2026-08-01,2938.27935483871,3345.6554838709676,3126.059677419355,2998.54,3335.68,3141.07,75.47630027515785,31
Jharkhand,Ranchi,Ranchi Market,Onion,2023-01-01,3022.929677419355,3426.8664516129033,3223.564516129032,3003.01,3417.12,3230.57,82.97187876377984,31
Jharkhand,Ranchi,Ranchi Market,Onion,2023-02-01,2865.1589285714285,3229.5289285714284,3061.5167857142856,2902.92,3161.15,3062.085,75.19749611934586,28
Jharkhand,Ranchi,Ranchi Market,Onion,2023-03-01,2809.7903225806454,3202.299677419355,3011.4132258064515,2774.16,3235.55,2993.22,93.06845618099592,31
Jharkhand,Ranchi,Ranchi Market,Onion,2023-04-01,2708.9533333333334,3083.228666666667,2888.1493333333333,2730.9,3023.3,2892.895,82.14151703146153,30
Jharkhand,Ranchi,Ranchi Market,Onion,2023-05-01,2667.047419354839,3067.91064516129,2868.687096774194,2723.55,2973.52,2873.91,68.22506182694401,31
Jharkhand,Ranchi,Ranchi Market,Onion,2023-06-01,2737.313,3126.423333333333,2923.222,2783.18,3130.44,2909.37,82.3168292341998,30
Jharkhand,Ranchi,Ranchi Market,Onion,2023-07-01,2808.7090322580643,3206.7087096774194,2997.662258064516,2805.48,3225.78,2991.87,98.67682391557037,31
Jharkhand,Ranchi,Ranchi Market,Onion,2023-08-01,2954.0674193548384,3357.776129032258,3149.7329032258067,3001.86,3316.23,3158.15,74.97569429237488,31
Jharkhand,Ranchi,Ranchi Market,Onion,2023-09-01,3061.6896666666667,3487.002,3273.8913333333335,3118.49,3491.22,3270.87,95.27962287966889,30
Jharkhand,Ranchi,Ranchi Market,Onion,2023-10-01,3122.5193548387097,3557.681612903226,3323.337741935484,3193.79,3482.32,3305.63,66.36716063986647,31
Jharkhand,Ranchi,Ranchi Market,Onion,2023-11-01,3145.3186666666666,3580.239,3360.823,3200.32,3488.94,3350.795,68.16278583984278,30
Jharkhand,Ranchi,Ranchi Market,Onion,2023-12-01,3123.832580645161,3568.6467741935485,3346.874193548387,3180.73,3455.66,3348.85,69.94678905063917,31
Jharkhand,Ranchi,Ranchi Market,Onion,2024-01-01,3012.5490322580645,3454.7258064516127,3235.7770967741935,3098.19,3360.17,3228.3,71.38279648923584,31
Jharkhand,Ranchi,Ranchi Market,Onion,2024-02-01,2875.029310344828,3295.658275862069,3098.3603448275862,2913.09,3282.78,3074.86,97.71746449705915,29
Jharkhand,Ranchi,Ranchi Market,Onion,2024-03-01,2787.3432258064518,3187.2306451612903,2975.374838709677,2851.84,3146.08,2973.4,84.47695006611633,31
Jharkhand,Ranchi,Ranchi Market,Onion,2024-04-01,2737.977,3115.441,2921.4946666666665,2766.83,3083.16,2913.025,86.32065133232479,30
Jharkhand,Ranchi,Ranchi Market,Onion,2024-05-01,2723.1990322580646,3137.2599999999998,2922.7087096774194,2742.97,3119.34,2922.58,83.10518005282765,31
Jharkhand,Ranchi,Ranchi Market,Onion,2024-06-01,2739.778,3117.038666666667,2928.038666666667,2769.33,3247.48,2929.37,101.19015594527895,30
Jharkhand,Ranchi,Ranchi Market,Onion,2024-07-01,2844.319677419355,3245.32935483871,3046.657096774193,2843.12,3209.26,3060.79,79.77094697501289,31
Jharkhand,Ranchi,Ranchi Market,Onion,2024-08-01,2987.804193548387,3403.0051612903226,3192.498387096774,3044.08,3386.45,3193.78,72.10646869256502,31
Jharkhand,Ranchi,Ranchi Market,Onion,2024-09-01,3075.6426666666666,3504.949333333333,3284.089,3191.17,3378.08,3289.035,55.29808635149976,30
Jharkhand,Ranchi,Ranchi Market,Onion,2024-10-01,3157.722258064516,3601.341935483871,3379.441935483871,3192.82,3468.66,3400.42,62.11252071412298,31
Jharkhand,Ranchi,Ranchi Market,Onion,2024-11-01,3146.498666666667,3603.229,3380.8553333333334,3224.78,3517.27,3395.185,72.8830461688489,30
Jharkhand,Ranchi,Ranchi Market,Onion,2024-12-01,3135.924193548387,3559.6387096774192,3339.0529032258064,3214.59,3482.49,3345.8,73.22622641256109,31
Jharkhand,Ranchi,Ranchi Market,Onion,2025-01-01,3029.6809677419355,3448.493548387097,3252.2754838709675,3125.71,3356.21,3248.93,61.697070208058214,31
Jharkhand,Ranchi,Ranchi Market,Onion,2025-02-01,2917.7310714285713,3321.226785714286,3134.324642857143,2928.92,3326.76,3129.82,87.0702114082799,28
Jharkhand,Ranchi,Ranchi Market,Onion,2025-03-01,2829.644193548387,3239.2767741935486,3022.8125806451612,2836.19,3190.17,3021.37,82.82105231432169,31
Jharkhand,Ranchi,Ranchi Market,Onion,2025-04-01,2742.698,3137.5679999999998,2928.2676666666666,2824.89,3074.44,2921.495,60.1317402377729,30
Jharkhand,Ranchi,Ranchi Market,Onion,2025-05-01,2739.574838709678,3152.893548387097,2933.8770967741934,2760.51,3122.55,2934.75,97.64727120930547,31
Jharkhand,Ranchi,Ranchi Market,Onion,2025-06-01,2767.0033333333336,3182.586333333333,2976.8076666666666,2802.51,3112.49,2953.8900000000003,91.93652062919453,30
Jharkhand,Ranchi,Ranchi Market,Onion,2025-07-01,2855.0187096774193,3229.220322580645,3048.062903225806,2916.28,3175.56,3052.23,75.17146547254681,31
Jharkhand,Ranchi,Ranchi Market,Onion,2025-08-01,3001.1667741935485,3408.319677419355,3202.262580645161,3047.53,3399.85,3199.53,92.17344038885776,31
Jharkhand,Ranchi,Ranchi Market,Onion,2025-09-01,3115.2580000000003,3543.7549999999997,3321.3843333333334,3155.01,3497.12,3301.8,86.68639592920795,30
Jharkhand,Ranchi,Ranchi Market,Onion,2025-10-01,3155.925161290322,3612.9974193548387,3384.047419354839,3274.35,3559.77,3382.79,68.3331765673523,31
Jharkhand,Ranchi,Ranchi Market,Onion,2025-11-01,3181.3596666666667,3667.0156666666667,3410.1686666666665,3264.35,3581.44,3407.66,75.02769501224574,30
Jharkhand,Ranchi,Ranchi Market,Onion,2025-12-01,3136.863548387097,3594.0345161290325,3361.3448387096773,3221.25,3557.61,3362.97,84.22472938003301,31
Jharkhand,Ranchi,Ranchi Market,Onion,2026-01-01,3068.834516129032,3476.8977419354837,3284.9764516129035,3078.69,3495.43,3278.83,91.98270310402164,31
Jharkhand,Ranchi,Ranchi Market,Onion,2026-02-01,2937.3342857142857,3366.5385714285717,3154.852142857143,3002.98,3288.93,3141.545,83.56718048670409,28
Jharkhand,Ranchi,Ranchi Market,Onion,2026-03-01,2830.6951612903226,3245.4119354838713,3022.017741935484,2881.92,3194.95,3012.69,75.48725387815156,31
Jharkhand,Ranchi,Ranchi Market,Onion,2026-04-01,2772.762333333333,3151.5809999999997,2958.4943333333335,2777.98,3142.69,2972.06,92.21350756329804,30
Jharkhand,Ranchi,Ranchi Market,Onion,2026-05-01,2730.8254838709677,3116.0574193548387,2929.6832258064514,2865.32,3050.92,2923.58,51.831670073234626,31
Jharkhand,Ranchi,Ranchi Market,Onion,2026-06-01,2794.8313333333335,3203.9303333333332,2999.769333333333,2794.42,3161.7,3021.09,107.3497557594296,30
Jharkhand,Ranchi,Ranchi Market,Onion,2026-07-01,2884.1670967741934,3289.941612903226,3095.8141935483873,2813.89,3313.49,3099.41,112.40653319607921,31
Jharkhand,Ranchi,Ranchi Market,Onion,2026-08-01,2990.986774193548,3418.8435483870967,3204.0106451612905,2986.15,3363.19,3204.73,96.4588816693579,31
Jharkhand,Ranchi,Ranchi Market,Potato,2023-01-01,1556.8145161290322,1775.882258064516,1667.5906451612902,1587.6,1795.35,1660.87,44.891794568383,31
Jharkhand,Ranchi,Ranchi Market,Potato,2023-02-01,1610.0928571428572,1853.4114285714284,1734.3646428571428,1655.81,1789.07,1736.31,39.13609052203871,28
Jharkhand,Ranchi,Ranchi Market,Potato,2023-03-01,1628.295483870968,1872.8851612903227,1750.514193548387,1662.12,1826.34,1751.4,41.174605343115154,31
Jharkhand,Ranchi,Ranchi Market,Potato,2023-04-01,1625.6213333333333,1848.2590000000002,1740.7236666666665,1629.63,1800.49,1748.285,41.2864789993155,30
Jharkhand,Ranchi,Ranchi Market,Potato,2023-05-01,1542.9722580645162,1758.5470967741935,1660.594193548387,1543.88,1767.46,1667.22,53.29703711428332,31
Jharkhand,Ranchi,Ranchi Market,Potato,2023-06-01,1452.9466666666667,1650.9663333333333,1550.2553333333335,1450.2,1634.26,1551.09,43.853548020918296,30
Jharkhand,Ranchi,Ranchi Market,Potato,2023-07-01,1371.5083870967742,1553.7493548387097,1457.9193548387098,1369.25,1551.68,1455.04,51.920950808929085,31
Jharkhand,Ranchi,Ranchi Market,Potato,2023-08-01,1286.6296774193547,1475.8970967741934,1383.0374193548387,1260.94,1449.29,1381.71,45.740728967208305,31
Jharkhand,Ranchi,Ranchi Market,Potato,2023-09-01,1278.6253333333334,1453.9856666666667,1363.5313333333334,1264.22,1471.83,1361.685,43.28719494766067,30
Jharkhand,Ranchi,Ranchi Market,Potato,2023-10-01,1294.6145161290324,1467.47,1377.195806451613,1304.17,1449.1,1374.62,37.910003848957224,31
Jharkhand,Ranchi,Ranchi Market,Potato,2023-11-01,1371.998,1560.3033333333333,1472.1676666666667,1406.81,1558.53,1463.81,46.84221656784077,30
Jharkhand,Ranchi,Ranchi Market,Potato,2023-12-01,1464.318064516129,1670.570322580645,1565.3112903225806,1481.69,1713.98,1566.12,51.231415735655446,31
Jharkhand,Ranchi,Ranchi Market,Potato,2024-01-01,1580.0419354838712,1795.8454838709677,1687.3129032258064,1535.66,1785.41,1700.01,50.88773553575539,31
Jharkhand,Ranchi,Ranchi Market,Potato,2024-02-01,1651.6313793103448,1882.9831034482759,1768.655172413793,1694.08,1839.89,1770.76,38.7201884976125,29
Jharkhand,Ranchi,Ranchi Market,Potato,2024-03-01,1659.0332258064516,1903.0906451612902,1776.153870967742,1698.67,1855.38,1768.14,41.36919696887363,31
Jharkhand,Ranchi,Ranchi Market,Potato,2024-04-01,1636.9896666666668,1865.0829999999999,1749.0076666666669,1676.09,1822.94,1748.9,32.85249496464914,30
Jharkhand,Ranchi,Ranchi Market,Potato,2024-05-01,1572.1451612903227,1795.3935483870966,1683.9664516129033,1573.56,1741.97,1691.61,40.696793939931574,31
Jharkhand,Ranchi,Ranchi Market,Potato,2024-06-01,1488.9226666666666,1686.738,1581.8886666666667,1452.87,1697.33,1577.625,49.425757261973686,30
Jharkhand,Ranchi,Ranchi Market,Potato,2024-07-01,1379.4832258064516,1563.7329032258065,1476.6648387096775,1397.57,1539.92,1475.98,42.67219843340376,31
Jharkhand,Ranchi,Ranchi Market,Potato,2024-08-01,1311.6874193548385,1497.531935483871,1407.5267741935484,1306.22,1509.8,1411.01,47.883824087548824,31
Jharkhand,Ranchi,Ranchi Market,Potato,2024-09-01,1302.0780000000002,1490.6636666666668,1395.127,1309.55,1505.58,1388.9050000000002,42.34878454877562,30
Jharkhand,Ranchi,Ranchi Market,Potato,2024-10-01,1327.8548387096773,1503.9332258064517,1416.3703225806453,1327.24,1501.43,1415.91,44.06518697595427,31
Jharkhand,Ranchi,Ranchi Market,Potato,2024-11-01,1411.014,1596.306,1500.1680000000001,1401.59,1618.5,1491.305,46.82907874976528,30
Jharkhand,Ranchi,Ranchi Market,Potato,2024-12-01,1500.9016129032257,1697.6741935483872,1603.5048387096774,1522.28,1699.66,1594.2,43.894570345390726,31
Jharkhand,Ranchi,Ranchi Market,Potato,2025-01-01,1584.6416129032257,1809.3293548387096,1695.0187096774193,1625.21,1796.85,1680.63,42.355621881235855,31
Jharkhand,Ranchi,Ranchi Market,Potato,2025-02-01,1669.4825,1907.4064285714285,1782.8871428571426,1697.4,1846.64,1785.55,41.57860880372157,28
Jharkhand,Ranchi,Ranchi Market,Potato,2025-03-01,1676.725806451613,1901.094193548387,1792.1516129032257,1685.02,1913.54,1781.19,46.968498669979105,31
Jharkhand,Ranchi,Ranchi Market,Potato,2025-04-01,1647.626,1879.1213333333333,1767.2303333333334,1713.79,1827.93,1762.965,34.05751094265696,30
Jharkhand,Ranchi,Ranchi Market,Potato,2025-05-01,1586.967741935484,1822.1919354838708,1706.8003225806451,1629.3,1823.9,1705.71,50.247117296011574,31
Jharkhand,Ranchi,Ranchi Market,Potato,2025-06-01,1519.4453333333333,1726.7636666666667,1614.3393333333333,1555.08,1700.19,1611.295,36.78101693043271,30
Jharkhand,Ranchi,Ranchi Market,Potato,2025-07-01,1404.784193548387,1604.8929032258065,1500.5764516129034,1407.01,1618.0,1498.58,44.47030279099282,31
Jharkhand,Ranchi,Ranchi Market,Potato,2025-08-01,1337.9474193548388,1516.9445161290323,1427.7164516129033,1366.58,1518.86,1419.71,39.50929372087762,31
Jharkhand,Ranchi,Ranchi Market,Potato,2025-09-01,1304.8013333333333,1492.6033333333332,1402.011,1325.42,1501.52,1397.15,37.35800919066292,30
Jharkhand,Ranchi,Ranchi Market,Potato,2025-10-01,1346.1561290322581,1541.5970967741937,1442.5970967741937,1382.89,1530.46,1440.3,36.29409568084486,31
Jharkhand,Ranchi,Ranchi Market,Potato,2025-11-01,1413.2776666666666,1621.35,1521.2346666666667,1399.09,1603.62,1515.185,42.02096592739465,30
Jharkhand,Ranchi,Ranchi Market,Potato,2025-12-01,1504.1125806451612,1708.2796774193548,1614.648064516129,1495.96,1715.85,1610.54,54.757164001273466,31
Jharkhand,Ranchi,Ranchi Market,Potato,2026-01-01,1611.4848387096774,1839.4990322580645,1727.4241935483872,1642.77,1818.18,1719.93,47.93436045080765,31
Jharkhand,Ranchi,Ranchi Market,Potato,2026-02-01,1678.4796428571428,1904.8425000000002,1788.0332142857144,1697.34,1885.63,1793.67,46.24163844764532,28
Jharkhand,Ranchi,Ranchi Market,Potato,2026-03-01,1714.8670967741934,1950.2674193548387,1833.5506451612903,1749.91,1915.97,1831.23,37.74032696691824,31
Jharkhand,Ranchi,Ranchi Market,Potato,2026-04-01,1697.3106666666667,1921.9786666666666,1805.3726666666666,1719.47,1884.69,1806.26,37.18898390220097,30
Jharkhand,Ranchi,Ranchi Market,Potato,2026-05-01,1615.3003225806451,1832.991935483871,1726.173870967742,1625.9,1793.35,1726.28,43.685590658508815,31
Jharkhand,Ranchi,Ranchi Market,Potato,2026-06-01,1508.275,1715.4983333333332,1608.6016666666667,1511.29,1719.35,1619.135,53.69273932057424,30
Jharkhand,Ranchi,Ranchi Market,Potato,2026-07-01,1429.6670967741936,1623.3551612903227,1533.2535483870968,1390.47,1643.31,1536.64,50.15855450790598,31
Jharkhand,Ranchi,Ranchi Market,Potato,2026-08-01,1358.773870967742,1537.8806451612904,1445.6093548387096,1356.78,1555.2,1443.74,46.39429052052884,31
Jharkhand,Ranchi,Ranchi Market,Rice,2023-01-01,3005.788064516129,3412.986129032258,3214.607096774194,3024.88,3396.28,3202.81,89.28299260193401,31
Jharkhand,Ranchi,Ranchi Market,Rice,2023-02-01,2949.4432142857145,3352.029285714286,3148.6232142857143,2931.1,3362.62,3131.08,103.82424729475653,28
Jharkhand,Ranchi,Ranchi Market,Rice,2023-03-01,2973.871612903226,3369.9890322580645,3177.126129032258,2955.89,3345.85,3187.42,79.97316173473115,31
Jharkhand,Ranchi,Ranchi Market,Rice,2023-04-01,3027.7073333333333,3441.645,3231.333,3083.31,3373.06,3223.6800000000003,78.5517633046889,30
Jharkhand,Ranchi,Ranchi Market,Rice,2023-05-01,3085.9990322580647,3519.6370967741937,3307.340322580645,3088.89,3555.58,3288.01,108.48973817782243,31
Jharkhand,Ranchi,Ranchi Market,Rice,2023-06-01,3216.5646666666667,3678.9836666666665,3438.125,3253.13,3588.07,3448.64,89.18364314812679,30
Jharkhand,Ranchi,Ranchi Market,Rice,2023-07-01,3352.332580645161,3809.261290322581,3575.4425806451613,3382.11,3804.0,3567.32,95.91802996891819,31
Jharkhand,Ranchi,Ranchi Market,Rice,2023-08-01,3417.0641935483873,3875.430322580645,3627.1783870967743,3518.09,3731.48,3612.24,62.00488970485979,31
Jharkhand,Ranchi,Ranchi Market,Rice,2023-09-01,3414.8336666666664,3873.2366666666667,3644.288,3494.17,3791.63,3655.6800000000003,78.83885836924276,30
Jharkhand,Ranchi,Ranchi Market,Rice,2023-10-01,3362.542258064516,3795.2735483870965,3584.642580645161,3379.72,3710.25,3592.64,72.74010548831765,31
Jharkhand,Ranchi,Ranchi Market,Rice,2023-11-01,3292.635333333333,3728.301,3504.410666666667,3371.63,3704.15,3499.71,85.99044966752416,30
Jharkhand,Ranchi,Ranchi Market,Rice,2023-12-01,3128.518064516129,3546.374516129032,3355.624193548387,3144.17,3612.97,3358.6,104.79581997943109,31
Jharkhand,Ranchi,Ranchi Market,Rice,2024-01-01,3059.4464516129033,3464.548064516129,3256.4270967741936,3084.46,3455.25,3233.64,98.56258658651193,31
Jharkhand,Ranchi,Ranchi Market,Rice,2024-02-01,2995.901379310345,3414.3120689655175,3195.454482758621,3056.86,3366.6,3188.05,80.39085922568769,29
Jharkhand,Ranchi,Ranchi Market,Rice,2024-03-01,2974.864193548387,3403.3193548387094,3199.765161290323,3020.36,3513.86,3175.75,105.76526174729162,31
Jharkhand,Ranchi,Ranchi Market,Rice,2024-04-01,3044.528,3473.815,3259.811333333333,2987.73,3451.7,3290.12,125.82608028910207,30
Jharkhand,Ranchi,Ranchi Market,Rice,2024-05-01,3146.561612903226,3555.0574193548387,3358.2670967741933,3040.3,3559.53,3357.62,104.55486126729666,31
Jharkhand,Ranchi,Ranchi Market,Rice,2024-06-01,3218.1286666666665,3697.3316666666665,3464.2346666666667,3124.1,3623.41,3471.36,96.9430217557015,30
Jharkhand,Ranchi,Ranchi Market,Rice,2024-07-01,3351.9187096774194,3844.8109677419357,3580.742258064516,3328.62,3781.41,3594.98,106.16427678240532,31
Jharkhand,Ranchi,Ranchi Market,Rice,2024-08-01,3370.6012903225806,3872.4390322580643,3629.6548387096777,3500.83,3806.28,3621.15,81.98604815743431,31
Jharkhand,Ranchi,Ranchi Market,Rice,2024-09-01,3432.6533333333336,3909.014666666667,3657.1929999999998,3549.4,3811.1,3665.61,78.14522074428102,30
Jharkhand,Ranchi,Ranchi Market,Rice,2024-10-01,3387.428709677419,3838.79,3618.8612903225808,3362.79,3829.96,3612.06,120.43192704433872,31
Jharkhand,Ranchi,Ranchi Market,Rice,2024-11-01,3302.8446666666664,3708.2783333333336,3495.163666666667,3299.89,3705.94,3505.125,93.38161454144927,30
Jharkhand,Ranchi,Ranchi Market,Rice,2024-12-01,3148.701935483871,3627.6954838709676,3389.2454838709677,3182.95,3541.97,3397.3,100.10873327999269,31
Jharkhand,Ranchi,Ranchi Market,Rice,2025-01-01,3085.4325806451616,3511.5693548387094,3302.5590322580647,3144.8,3529.68,3292.07,95.23797976139677,31
Jharkhand,Ranchi,Ranchi Market,Rice,2025-02-01,3014.742142857143,3422.9375,3211.480357142857,3067.44,3354.93,3203.035,84.2171510851843,28
Jharkhand,Ranchi,Ranchi Market,Rice,2025-03-01,2988.281935483871,3399.3690322580646,3194.7280645161286,3054.12,3378.38,3207.53,88.0150041534341,31
Jharkhand,Ranchi,Ranchi Market,Rice,2025-04-01,3038.5986666666668,3499.4820000000004,3262.3320000000003,3118.57,3457.85,3254.77,80.65118535589126,30
Jharkhand,Ranchi,Ranchi Market,Rice,2025-05-01,3139.0548387096774,3579.328064516129,3351.324516129032,3149.29,3513.67,3366.47,76.07225485631892,31
Jharkhand,Ranchi,Ranchi Market,Rice,2025-06-01,3278.519333333333,3754.3406666666665,3510.019333333333,3319.29,3730.03,3497.835,92.86024122055802,30
Jharkhand,Ranchi,Ranchi Market,Rice,2025-07-01,3362.198387096774,3815.031290322581,3588.215806451613,3414.69,3781.07,3560.62,106.20925137903306,31
Jharkhand,Ranchi,Ranchi Market,Rice,2025-08-01,3457.782258064516,3927.640967741935,3690.1000000000004,3484.71,3871.07,3695.76,86.19436102978734,31
Jharkhand,Ranchi,Ranchi Market,Rice,2025-09-01,3454.85,3914.611,3678.7233333333334,3514.77,3954.5,3651.565,89.00134843354066,30
Jharkhand,Ranchi,Ranchi Market,Rice,2025-10-01,3383.5577419354836,3865.597741935484,3630.824516129032,3483.09,3786.24,3632.37,84.48254252955503,31
Jharkhand,Ranchi,Ranchi Market,Rice,2025-11-01,3342.4816666666666,3796.461666666667,3557.1299999999997,3413.61,3750.03,3558.495,90.75322230433865,30
Jharkhand,Ranchi,Ranchi Market,Rice,2025-12-01,3184.704193548387,3617.266451612903,3405.41064516129,3130.76,3627.94,3415.49,109.9546450719717,31
Jharkhand,Ranchi,Ranchi Market,Rice,2026-01-01,3096.2619354838707,3520.103870967742,3304.141935483871,3089.58,3460.0,3319.85,82.97119831280243,31
Jharkhand,Ranchi,Ranchi Market,Rice,2026-02-01,3049.758214285714,3449.2342857142858,3232.3692857142855,3078.51,3477.16,3229.3149999999996,90.34040435336863,28
Jharkhand,Ranchi,Ranchi Market,Rice,2026-03-01,3032.2438709677417,3455.6161290322584,3240.3625806451614,3036.89,3450.02,3241.58,95.6509171228986,31
Jharkhand,Ranchi,Ranchi Market,Rice,2026-04-01,3094.667,3512.7526666666668,3285.665,3081.83,3419.01,3320.025,92.12711565904563,30
Jharkhand,Ranchi,Ranchi Market,Rice,2026-05-01,3181.3161290322582,3606.624193548387,3401.1964516129033,3228.75,3663.25,3389.84,103.12261829325257,31
Jharkhand,Ranchi,Ranchi Market,Rice,2026-06-01,3294.214,3759.6169999999997,3508.163333333333,3341.76,3690.57,3517.955,98.45997160874767,30
Jharkhand,Ranchi,Ranchi Market,Rice,2026-07-01,3376.1190322580646,3862.1493548387098,3609.0329032258064,3372.8,3845.95,3606.71,89.90668414875299,31
Jharkhand,Ranchi,Ranchi Market,Rice,2026-08-01,3440.0670967741935,3920.125806451613,3673.556129032258,3434.47,3816.6,3682.79,85.78874260559758,31
Jharkhand,Ranchi,Ranchi Market,Tomato,2023-01-01,1857.3945161290324,2097.84,1982.4212903225805,1880.11,2117.2,1980.88,49.38365517334222,31
Jharkhand,Ranchi,Ranchi Market,Tomato,2023-02-01,1921.762142857143,2183.2571428571428,2044.4214285714286,1946.81,2117.23,2042.2649999999999,44.944377616839695,28
Jharkhand,Ranchi,Ranchi Market,Tomato,2023-03-01,1917.3345161290324,2176.8219354838707,2048.1987096774196,1895.99,2144.32,2048.99,51.4287929563414,31
Jharkhand,Ranchi,Ranchi Market,Tomato,2023-04-01,1850.808,2117.46,1990.6013333333333,1829.47,2112.08,1995.81,57.02869433426694,30
Jharkhand,Ranchi,Ranchi Market,Tomato,2023-05-01,1754.7451612903226,2004.9316129032256,1876.624193548387,1738.33,2004.11,1881.63,60.258651261274885,31
Jharkhand,Ranchi,Ranchi Market,Tomato,2023-06-01,1616.3106666666667,1862.1243333333334,1750.3496666666665,1637.87,1844.82,1754.9650000000001,47.55040508789576,30
Jharkhand,Ranchi,Ranchi Market,Tomato,2023-07-01,1527.688387096774,1743.0977419354838,1627.7983870967741,1536.68,1720.75,1627.62,48.26236208453221,31
Jharkhand,Ranchi,Ranchi Market,Tomato,2023-08-01,1463.0474193548387,1650.4616129032258,1559.01,1475.62,1663.89,1560.5,48.00912225817093,31
Jharkhand,Ranchi,Ranchi Market,Tomato,2023-09-01,1456.5156666666667,1667.2386666666666,1564.5306666666665,1485.67,1666.71,1563.98,44.96123287465765,30
Jharkhand,Ranchi,Ranchi Market,Tomato,2023-10-01,1516.0164516129032,1725.43,1624.367741935484,1516.86,1704.05,1629.49,50.7332529812993,31
Jharkhand,Ranchi,Ranchi Market,Tomato,2023-11-01,1620.9399999999998,1842.123,1732.0383333333334,1613.71,1829.19,1729.91,53.61564588190023,30
Jharkhand,Ranchi,Ranchi Market,Tomato,2023-12-01,1744.5806451612902,1978.5196774193548,1861.0880645161292,1753.67,1970.55,1864.48,54.18033951040137,31
Jharkhand,Ranchi,Ranchi Market,Tomato,2024-01-01,1848.4922580645161,2086.161612903226,1970.7941935483873,1852.54,2057.73,1983.91,55.24626182069961,31
Jharkhand,Ranchi,Ranchi Market,Tomato,2024-02-01,1901.7062068965517,2168.5110344827585,2032.958275862069,1936.36,2103.9,2029.19,46.90010669108837,29
Jharkhand,Ranchi,Ranchi Market,Tomato,2024-03-01,1907.1041935483872,2179.8709677419356,2043.521935483871,1928.46,2123.31,2046.57,43.533093038082704,31
Jharkhand,Ranchi,Ranchi Market,Tomato,2024-04-01,1868.6680000000001,2117.7013333333334,1995.1603333333333,1920.79,2090.02,1990.8200000000002,46.07887970705748,30
Jharkhand,Ranchi,Ranchi Market,Tomato,2024-05-01,1769.407741935484,2017.843548387097,1891.54,1770.49,1973.33,1888.13,48.6542427749111,31
Jharkhand,Ranchi,Ranchi Market,Tomato,2024-06-01,1652.077,1884.8006666666668,1767.1526666666666,1681.55,1914.77,1758.1100000000001,57.79236514026515,30
Jharkhand,Ranchi,Ranchi Market,Tomato,2024-07-01,1546.1790322580646,1755.6693548387098,1641.9503225806452,1575.71,1753.05,1639.86,42.0033584755529,31
Jharkhand,Ranchi,Ranchi Market,Tomato,2024-08-01,1480.5483870967741,1702.2587096774193,1591.5132258064518,1500.69,1682.03,1586.56,50.275731613247665,31
Jharkhand,Ranchi,Ranchi Market,Tomato,2024-09-01,1467.596,1690.2746666666667,1577.7136666666668,1489.68,1677.06,1577.475,43.431500842157135,30
Jharkhand,Ranchi,Ranchi Market,Tomato,2024-10-01,1534.3509677419354,1757.8306451612902,1647.015806451613,1544.44,1731.54,1648.74,44.37527786010238,31
Jharkhand,Ranchi,Ranchi Market,Tomato,2024-11-01,1641.092,1857.8159999999998,1749.8136666666664,1650.11,1886.72,1749.145,57.77108299936519,30
Jharkhand,Ranchi,Ranchi Market,Tomato,2024-12-01,1751.2251612903226,1996.5974193548386,1872.5858064516128,1780.37,1974.95,1863.62,49.5178494265245,31
Jharkhand,Ranchi,Ranchi Market,Tomato,2025-01-01,1857.638064516129,2130.791935483871,1994.4406451612904,1904.36,2083.56,1987.85,45.2294263310576,31
Jharkhand,Ranchi,Ranchi Market,Tomato,2025-02-01,1911.2014285714286,2204.6985714285715,2051.968214285714,1943.27,2167.92,2046.2849999999999,55.73910111393465,28
Jharkhand,Ranchi,Ranchi Market,Tomato,2025-03-01,1932.0332258064516,2201.480322580645,2064.6554838709676,1914.4,2183.56,2062.77,48.429055592602644,31
Jharkhand,Ranchi,Ranchi Market,Tomato,2025-04-01,1877.3006666666665,2130.865,2007.37,1899.85,2085.06,2010.73,42.97850400952253,30
Jharkhand,Ranchi,Ranchi Market,Tomato,2025-05-01,1781.345806451613,2042.9574193548387,1901.0658064516128,1793.15,1993.82,1899.22,49.52576169861452,31
Jharkhand,Ranchi,Ranchi Market,Tomato,2025-06-01,1693.8186666666666,1919.5603333333333,1797.0326666666667,1703.64,1914.07,1791.4499999999998,50.69789942824834,30
Jharkhand,Ranchi,Ranchi Market,Tomato,2025-07-01,1541.2267741935484,1764.8093548387096,1655.5183870967742,1548.65,1834.25,1649.88,54.79100358615905,31
Jharkhand,Ranchi,Ranchi Market,Tomato,2025-08-01,1502.2035483870966,1728.1058064516128,1605.023548387097,1526.8,1691.8,1603.0,42.205233841976444,31
Jharkhand,Ranchi,Ranchi Market,Tomato,2025-09-01,1482.2096666666666,1684.6776666666667,1585.0136666666667,1451.67,1698.49,1594.49,61.79471300246869,30
Jharkhand,Ranchi,Ranchi Market,Tomato,2025-10-01,1537.8270967741935,1763.2167741935484,1650.8190322580645,1555.48,1732.91,1653.76,44.64767185829053,31
Jharkhand,Ranchi,Ranchi Market,Tomato,2025-11-01,1633.8466666666668,1876.8516666666667,1753.9046666666666,1639.34,1883.69,1741.065,63.95321327201699,30
Jharkhand,Ranchi,Ranchi Market,Tomato,2025-12-01,1755.5577419354838,2001.6506451612902,1881.6896774193547,1777.29,1948.88,1891.47,48.884428705800374,31
Jharkhand,Ranchi,Ranchi Market,Tomato,2026-01-01,1867.0441935483873,2125.7361290322583,2004.8532258064515,1888.49,2104.26,2004.26,53.886089199786205,31
Jharkhand,Ranchi,Ranchi Market,Tomato,2026-02-01,1927.9185714285716,2181.1310714285714,2055.127857142857,1938.72,2114.57,2064.67,51.85512884788424,28
Jharkhand,Ranchi,Ranchi Market,Tomato,2026-03-01,1937.935806451613,2210.2309677419357,2076.732258064516,1975.21,2160.01,2087.96,53.24451894856889,31
Jharkhand,Ranchi,Ranchi Market,Tomato,2026-04-01,1886.067,2152.9763333333335,2017.5793333333334,1939.37,2144.33,2010.725,46.80917114186616,30
Jharkhand,Ranchi,Ranchi Market,Tomato,2026-05-01,1779.3958064516128,2030.268064516129,1910.7909677419354,1811.76,2011.29,1907.53,51.98218107228912,31
Jharkhand,Ranchi,Ranchi Market,Tomato,2026-06-01,1676.7163333333333,1906.0430000000001,1789.9313333333334,1682.58,1882.22,1792.685,55.466709042037216,30
Jharkhand,Ranchi,Ranchi Market,Tomato,2026-07-01,1564.266129032258,1776.48,1672.478064516129,1590.44,1781.05,1665.41,46.83466888387674,31
Jharkhand,Ranchi,Ranchi Market,Tomato,2026-08-01,1496.1067741935483,1695.101612903226,1601.7548387096774,1491.14,1726.09,1609.05,47.74786849490199,31
Jharkhand,Ranchi,Ranchi Market,Wheat,2023-01-01,3121.7729032258067,3556.1509677419353,3340.472580645161,3092.68,3572.33,3340.09,110.17776045910945,31
Jharkhand,Ranchi,Ranchi Market,Wheat,2023-02-01,3062.625,3502.3875000000003,3285.441428571429,3153.62,3368.56,3294.865,58.98997326691834,28
Jharkhand,Ranchi,Ranchi Market,Wheat,2023-03-01,3017.4954838709677,3430.5729032258064,3232.0225806451613,3013.91,3404.16,3225.06,98.77983002508624,31
Jharkhand,Ranchi,Ranchi Market,Wheat,2023-04-01,3040.8759999999997,3451.4289999999996,3252.7903333333334,3089.82,3416.81,3246.75,85.05142174746041,30
Jharkhand,Ranchi,Ranchi Market,Wheat,2023-05-01,3115.8151612903225,3554.784516129032,3337.4103225806452,3139.58,3494.23,3346.57,78.94622382710342,31
Jharkhand,Ranchi,Ranchi Market,Wheat,2023-06-01,3192.2576666666664,3656.2156666666665,3435.8656666666666,3240.74,3642.52,3425.77,110.04266015045508,30
Jharkhand,Ranchi,Ranchi Market,Wheat,2023-07-01,3393.5729032258064,3849.434193548387,3621.768064516129,3414.08,3803.32,3635.74,102.6366276862003,31
Jharkhand,Ranchi,Ranchi Market,Wheat,2023-08-01,3429.306129032258,3922.591290322581,3680.311935483871,3507.15,3826.43,3688.95,72.841498813948,31
Jharkhand,Ranchi,Ranchi Market,Wheat,2023-09-01,3472.398,3949.385,3709.046333333333,3469.16,3882.06,3686.3,104.22969473908248,30
Jharkhand,Ranchi,Ranchi Market,Wheat,2023-10-01,3472.619677419355,3956.687741935484,3718.3416129032257,3462.3,3878.55,3750.54,102.77685167704419,31
Jharkhand,Ranchi,Ranchi Market,Wheat,2023-11-01,3374.0443333333333,3872.951666666667,3632.065,3480.92,3759.06,3631.875,76.40285478282519,30
Jharkhand,Ranchi,Ranchi Market,Wheat,2023-12-01,3269.403870967742,3771.723870967742,3516.701612903226,3220.34,3688.4,3548.08,110.50331582043977,31
Jharkhand,Ranchi,Ranchi Market,Wheat,2024-01-01,3197.9587096774194,3625.2258064516127,3405.0212903225806,3191.83,3593.43,3414.1,95.21098864248584,31
Jharkhand,Ranchi,Ranchi Market,Wheat,2024-02-01,3067.4158620689655,3518.4882758620693,3298.381034482759,3149.64,3516.93,3288.82,92.32103271213177,29
Jharkhand,Ranchi,Ranchi Market,Wheat,2024-03-01,3082.4112903225805,3496.5074193548385,3282.852580645161,3145.1,3463.02,3272.49,75.05060394905748,31
Jharkhand,Ranchi,Ranchi Market,Wheat,2024-04-01,3067.199,3494.7316666666666,3281.161,3104.44,3392.13,3274.0,75.9906358273721,30
Jharkhand,Ranchi,Ranchi Market,Wheat,2024-05-01,3148.9393548387097,3582.108064516129,3360.8274193548386,3237.58,3509.79,3344.7,74.59129421801362,31
Jharkhand,Ranchi,Ranchi Market,Wheat,2024-06-01,3248.9733333333334,3709.9173333333333,3488.743,3260.85,3659.92,3495.2799999999997,93.16050103320946,30
Jharkhand,Ranchi,Ranchi Market,Wheat,2024-07-01,3372.0738709677416,3820.013225806452,3592.4606451612904,3318.98,3755.02,3588.9,100.52422832118587,31
Jharkhand,Ranchi,Ranchi Market,Wheat,2024-08-01,3477.5677419354843,3933.8529032258066,3717.1619354838713,3543.53,3868.11,3725.91,90.2834089749,31
Jharkhand,Ranchi,Ranchi Market,Wheat,2024-09-01,3527.0523333333335,3994.196666666667,3758.735,3589.31,3977.94,3763.8500000000004,84.8230395161516,30
Jharkhand,Ranchi,Ranchi Market,Wheat,2024-10-01,3492.2229032258065,3968.021935483871,3717.9790322580648,3570.85,3897.04,3693.41,89.01761418786128,31
Jharkhand,Ranchi,Ranchi Market,Wheat,2024-11-01,3401.1953333333336,3873.786,3647.8143333333333,3467.15,3812.49,3657.1800000000003,85.09980982528019,30
Jharkhand,Ranchi,Ranchi Market,Wheat,2024-12-01,3277.7429032258065,3738.795483870968,3517.7890322580647,3350.39,3685.12,3511.57,87.84245781909182,31
Jharkhand,Ranchi,Ranchi Market,Wheat,2025-01-01,3233.136451612903,3606.6990322580646,3408.6970967741936,3244.96,3579.88,3400.86,75.93637223331778,31
Jharkhand,Ranchi,Ranchi Market,Wheat,2025-02-01,3081.3610714285714,3543.2521428571426,3311.4864285714284,3108.21,3525.59,3331.5,105.87837247116543,28
Jharkhand,Ranchi,Ranchi Market,Wheat,2025-03-01,3064.0590322580647,3503.2509677419353,3290.5964516129034,3100.14,3582.89,3301.96,90.60100553335991,31
Jharkhand,Ranchi,Ranchi Market,Wheat,2025-04-01,3117.145,3562.213333333333,3343.3186666666666,3173.86,3542.98,3332.825,80.91531736555082,30
Jharkhand,Ranchi,Ranchi Market,Wheat,2025-05-01,3141.2316129032256,3580.076451612903,3363.7364516129032,3194.7,3503.15,3351.89,88.66704109751971,31
Jharkhand,Ranchi,Ranchi Market,Wheat,2025-06-01,3271.563333333333,3714.771333333333,3484.4230000000002,3223.37,3635.48,3501.01,106.92066476017892,30
Jharkhand,Ranchi,Ranchi Market,Wheat,2025-07-01,3388.7893548387096,3846.829677419355,3610.408709677419,3402.32,3791.73,3608.81,100.58477740168375,31
Jharkhand,Ranchi,Ranchi Market,Wheat,2025-08-01,3485.6677419354837,4000.58935483871,3722.857419354839,3527.48,3844.62,3737.54,70.9871131951775,31
Jharkhand,Ranchi,Ranchi Market,Wheat,2025-09-01,3526.484,3995.211666666667,3769.2419999999997,3620.3,3940.34,3765.9700000000003,75.58559575419935,30
Jharkhand,Ranchi,Ranchi Market,Wheat,2025-10-01,3521.454193548387,4032.1783870967743,3767.5967741935483,3590.06,3986.86,3764.69,93.71964509063177,31
Jharkhand,Ranchi,Ranchi Market,Wheat,2025-11-01,3430.9096666666665,3944.3373333333334,3690.723,3423.67,3868.83,3690.835,98.98649288386902,30
Jharkhand,Ranchi,Ranchi Market,Wheat,2025-12-01,3344.878387096774,3820.361935483871,3578.7325806451613,3333.39,3736.09,3579.27,91.83893567791165,31
Jharkhand,Ranchi,Ranchi Market,Wheat,2026-01-01,3202.96,3667.542258064516,3433.8399999999997,3128.48,3588.12,3444.62,108.16017507998644,31
Jharkhand,Ranchi,Ranchi Market,Wheat,2026-02-01,3103.029642857143,3559.21,3332.2739285714283,3063.67,3534.71,3333.495,106.0772253051481,28
Jharkhand,Ranchi,Ranchi Market,Wheat,2026-03-01,3103.526451612903,3545.6664516129035,3333.2638709677417,3182.64,3443.23,3342.27,71.13253670332202,31
Jharkhand,Ranchi,Ranchi Market,Wheat,2026-04-01,3096.103666666667,3557.4546666666665,3339.050666666667,3171.64,3536.89,3336.2250000000004,84.76997439046974,30
Jharkhand,Ranchi,Ranchi Market,Wheat,2026-05-01,3188.2609677419355,3611.8354838709674,3405.5990322580647,3215.23,3573.23,3424.98,87.89774624925778,31
Jharkhand,Ranchi,Ranchi Market,Wheat,2026-06-01,3289.3206666666665,3769.322333333333,3521.250333333333,3337.92,3689.48,3528.3549999999996,87.41729945904653,30
Jharkhand,Ranchi,Ranchi Market,Wheat,2026-07-01,3401.451290322581,3865.9348387096775,3628.440322580645,3335.09,3752.27,3664.95,91.94759349701593,31
Jharkhand,Ranchi,Ranchi Market,Wheat,2026-08-01,3509.2799999999997,3941.125806451613,3725.158064516129,3470.81,3904.22,3724.02,105.92964943519061,31
Uttar Pradesh,Kanpur,Kanpur Market,Onion,2023-01-01,3042.5751612903227,3477.9451612903226,3253.1287096774195,3093.64,3417.05,3265.71,84.21395991726246,31
Uttar Pradesh,Kanpur,Kanpur Market,Onion,2023-02-01,3216.180714285714,3625.3114285714287,3434.218928571429,3295.78,3616.55,3427.145,77.05153991007073,28
Uttar Pradesh,Kanpur,Kanpur Market,Onion,2023-03-01,3305.465806451613,3748.375161290323,3532.9338709677418,3345.28,3682.06,3548.86,82.26087517475199,31
Uttar Pradesh,Kanpur,Kanpur Market,Onion,2023-04-01,3335.1710000000003,3799.6656666666668,3571.8476666666666,3478.23,3696.61,3567.495,58.77977641210858,30
Uttar Pradesh,Kanpur,Kanpur Market,Onion,2023-05-01,3287.329677419355,3735.2654838709677,3505.6532258064517,3384.82,3621.69,3483.43,76.20893020231054,31
Uttar Pradesh,Kanpur,Kanpur Market,Onion,2023-06-01,3108.1533333333336,3541.5433333333335,3337.338333333333,3158.68,3545.06,3355.755,105.0851342248631,30
Uttar Pradesh,Kanpur,Kanpur Market,Onion,2023-07-01,2908.708064516129,3310.3977419354837,3114.490322580645,2935.98,3271.81,3120.35,84.902843748364,31
Uttar Pradesh,Kanpur,Kanpur Market,Onion,2023-08-01,2732.735806451613,3120.9654838709675,2922.639677419355,2762.13,3156.52,2914.4,95.38065389039411,31
Uttar Pradesh,Kanpur,Kanpur Market,Onion,2023-09-01,2618.962,3013.6293333333333,2814.394333333333,2669.65,2958.99,2818.9049999999997,65.05632836154409,30
Uttar Pradesh,Kanpur,Kanpur Market,Onion,2023-10-01,2617.420967741936,3023.902258064516,2834.18,2723.5,2958.02,2851.38,68.32298568807815,31
Uttar Pradesh,Kanpur,Kanpur Market,Onion,2023-11-01,2717.272,3084.550333333333,2896.099,2686.76,3123.22,2896.965,90.83627387057248,30
Uttar Pradesh,Kanpur,Kanpur Market,Onion,2023-12-01,2850.64,3228.8341935483872,3049.293870967742,2849.99,3205.81,3043.96,75.74334253153533,31
Uttar Pradesh,Kanpur,Kanpur Market,Onion,2024-01-01,3071.941935483871,3480.6906451612904,3272.9790322580648,3088.33,3451.17,3278.47,90.6104877430436,31
Uttar Pradesh,Kanpur,Kanpur Market,Onion,2024-02-01,3216.829655172414,3677.1434482758623,3448.2744827586203,3297.64,3651.2,3451.95,77.90405016915759,29
Uttar Pradesh,Kanpur,Kanpur Market,Onion,2024-03-01,3345.2893548387096,3801.951290322581,3572.0299999999997,3367.1,3765.19,3566.44,87.27700903827241,31
Uttar Pradesh,Kanpur,Kanpur Market,Onion,2024-04-01,3353.3103333333333,3862.942666666667,3609.5913333333333,3495.67,3757.83,3610.385,69.59100237785073,30
Uttar Pradesh,Kanpur,Kanpur Market,Onion,2024-05-01,3266.348064516129,3712.9667741935486,3488.2235483870963,3353.06,3712.08,3495.14,88.54512554053599,31
Uttar Pradesh,Kanpur,Kanpur Market,Onion,2024-06-01,3133.875333333333,3535.7019999999998,3329.5460000000003,3095.51,3463.97,3340.25,93.61725686778227,30
Uttar Pradesh,Kanpur,Kanpur Market,Onion,2024-07-01,2927.2248387096774,3346.9567741935484,3140.207741935484,2968.05,3324.24,3147.43,95.61556932876829,31
Uttar Pradesh,Kanpur,Kanpur Market,Onion,2024-08-01,2766.3448387096773,3148.0838709677423,2959.494193548387,2664.78,3180.31,2975.15,116.77353663606596,31
Uttar Pradesh,Kanpur,Kanpur Market,Onion,2024-09-01,2626.6346666666664,3007.508333333333,2827.563666666667,2726.67,2948.46,2822.47,57.340959692925836,30
Uttar Pradesh,Kanpur,Kanpur Market,Onion,2024-10-01,2655.750322580645,3023.5606451612903,2838.6348387096773,2680.22,3002.28,2848.83,77.83411860578742,31
Uttar Pradesh,Kanpur,Kanpur Market,Onion,2024-11-01,2728.9666666666667,3106.1796666666664,2914.2193333333335,2756.96,3027.81,2901.69,72.97203630363394,30
Uttar Pradesh,Kanpur,Kanpur Market,Onion,2024-12-01,2865.396451612903,3295.515806451613,3086.1016129032255,2778.12,3235.45,3120.21,105.50578707972329,31
Uttar Pradesh,Kanpur,Kanpur Market,Onion,2025-01-01,3086.327741935484,3531.482258064516,3306.3293548387096,3102.46,3505.46,3317.48,89.94362141310052,31
Uttar Pradesh,Kanpur,Kanpur Market,Onion,2025-02-01,3274.089285714286,3727.5171428571425,3492.9367857142856,3238.45,3689.71,3501.44,91.87290125810794,28
Uttar Pradesh,Kanpur,Kanpur Market,Onion,2025-03-01,3374.316451612903,3827.5590322580647,3590.563548387097,3433.1,3743.4,3597.18,80.21445491299707,31
Uttar Pradesh,Kanpur,Kanpur Market,Onion,2025-04-01,3347.358,3841.433,3606.9966666666664,3466.77,3773.21,3597.1400000000003,60.43707319263526,30
Uttar Pradesh,Kanpur,Kanpur Market,Onion,2025-05-01,3307.796129032258,3795.7574193548385,3548.9503225806448,3415.11,3666.22,3549.93,70.75757050115413,31
Uttar Pradesh,Kanpur,Kanpur Market,Onion,2025-06-01,3154.5663333333337,3588.7093333333332,3366.9543333333336,3222.87,3462.73,3373.44,61.36524399226226,30
Uttar Pradesh,Kanpur,Kanpur Market,Onion,2025-07-01,2977.536129032258,3388.0099999999998,3167.9148387096775,2967.53,3404.45,3172.61,93.70752367058418,31
Uttar Pradesh,Kanpur,Kanpur Market,Onion,2025-08-01,2800.7751612903226,3212.6970967741936,3007.968387096774,2871.76,3214.49,3004.58,84.34624236233161,31
Uttar Pradesh,Kanpur,Kanpur Market,Onion,2025-09-01,2690.6676666666667,3076.8353333333334,2874.347333333333,2748.57,3020.57,2879.455,61.78843664463853,30
Uttar Pradesh,Kanpur,Kanpur Market,Onion,2025-10-01,2688.091935483871,3050.938387096774,2865.7599999999998,2746.24,3014.01,2854.16,72.39187735282648,31
Uttar Pradesh,Kanpur,Kanpur Market,Onion,2025-11-01,2776.9596666666666,3132.057333333333,2941.743,2754.66,3138.18,2940.8199999999997,81.00681640752673,30
Uttar Pradesh,Kanpur,Kanpur Market,Onion,2025-12-01,2910.923548387097,3329.2154838709675,3130.4567741935484,2962.53,3263.41,3139.34,76.07229856687184,31
Uttar Pradesh,Kanpur,Kanpur Market,Onion,2026-01-01,3128.2245161290325,3552.747096774194,3339.8648387096773,3211.69,3527.51,3343.05,73.84485564889711,31
Uttar Pradesh,Kanpur,Kanpur Market,Onion,2026-02-01,3295.7564285714284,3790.349642857143,3530.862857142857,3396.42,3792.61,3530.365,87.0863631735396,28
Uttar Pradesh,Kanpur,Kanpur Market,Onion,2026-03-01,3372.2245161290325,3854.7429032258065,3615.781935483871,3505.01,3797.08,3610.87,70.11439887399997,31
Uttar Pradesh,Kanpur,Kanpur Market,Onion,2026-04-01,3413.029666666667,3901.903,3656.152,3534.42,3774.37,3661.435,65.69700084478744,30
Uttar Pradesh,Kanpur,Kanpur Market,Onion,2026-05-01,3367.4758064516127,3819.4622580645164,3592.038064516129,3429.75,3708.5,3578.79,64.86451625860131,31
Uttar Pradesh,Kanpur,Kanpur Market,Onion,2026-06-01,3180.9700000000003,3635.879,3405.8596666666663,3249.65,3578.07,3432.955,87.78417344135329,30
Uttar Pradesh,Kanpur,Kanpur Market,Onion,2026-07-01,3030.2522580645164,3454.258387096774,3235.0412903225806,3045.26,3452.89,3228.52,92.788640674813,31
Uttar Pradesh,Kanpur,Kanpur Market,Onion,2026-08-01,2848.141935483871,3232.392903225806,3035.7767741935486,2845.55,3209.1,3051.07,90.62266906931922,31
Uttar Pradesh,Kanpur,Kanpur Market,Potato,2023-01-01,1665.8803225806453,1895.437741935484,1778.4558064516127,1698.33,1867.23,1783.62,39.890221005002644,31
Uttar Pradesh,Kanpur,Kanpur Market,Potato,2023-02-01,1632.4424999999999,1866.345,1754.767142857143,1637.5,1839.52,1751.52,48.34940344778439,28
Uttar Pradesh,Kanpur,Kanpur Market,Potato,2023-03-01,1567.360322580645,1794.3854838709676,1680.4648387096772,1615.47,1761.65,1682.09,39.86456662843713,31
Uttar Pradesh,Kanpur,Kanpur Market,Potato,2023-04-01,1503.5819999999999,1701.8383333333334,1600.1013333333333,1513.68,1665.5,1602.88,38.56949426445846,30
Uttar Pradesh,Kanpur,Kanpur Market,Potato,2023-05-01,1429.4496774193549,1635.0306451612903,1529.1854838709678,1485.01,1603.35,1517.63,30.624233415027188,31
Uttar Pradesh,Kanpur,Kanpur Market,Potato,2023-06-01,1367.3656666666668,1565.0753333333334,1465.84,1368.5,1559.17,1461.705,42.24950462880376,30
Uttar Pradesh,Kanpur,Kanpur Market,Potato,2023-07-01,1371.5609677419354,1561.0909677419354,1466.602258064516,1400.45,1531.58,1464.3,37.267105934472305,31
Uttar Pradesh,Kanpur,Kanpur Market,Potato,2023-08-01,1388.6387096774195,1578.3835483870967,1485.038064516129,1380.05,1553.21,1492.5,39.698412933798295,31
Uttar Pradesh,Kanpur,Kanpur Market,Potato,2023-09-01,1457.1506666666667,1661.3676666666665,1558.4733333333331,1465.34,1632.12,1556.46,38.18665440586072,30
Uttar Pradesh,Kanpur,Kanpur Market,Potato,2023-10-01,1530.2951612903225,1751.3390322580647,1642.5093548387097,1560.05,1706.71,1640.73,40.240087055528996,31
Uttar Pradesh,Kanpur,Kanpur Market,Potato,2023-11-01,1617.1423333333332,1850.5090000000002,1743.4876666666667,1677.83,1817.29,1745.52,37.37888844340296,30
Uttar Pradesh,Kanpur,Kanpur Market,Potato,2023-12-01,1672.8774193548386,1919.563870967742,1798.1487096774194,1668.54,1882.88,1803.49,43.797384986011465,31
Uttar Pradesh,Kanpur,Kanpur Market,Potato,2024-01-01,1702.1067741935483,1935.109677419355,1809.7935483870967,1736.63,1898.44,1813.22,37.66667780664026,31
Uttar Pradesh,Kanpur,Kanpur Market,Potato,2024-02-01,1658.9089655172413,1908.8589655172416,1781.6244827586206,1725.51,1864.72,1775.15,35.75596749257455,29
Uttar Pradesh,Kanpur,Kanpur Market,Potato,2024-03-01,1591.5393548387096,1832.693870967742,1719.3987096774194,1614.87,1862.31,1712.71,53.183618890402435,31
Uttar Pradesh,Kanpur,Kanpur Market,Potato,2024-04-01,1536.7486666666666,1748.7683333333334,1643.6123333333335,1568.65,1720.44,1640.3000000000002,42.07281968726102,30
Uttar Pradesh,Kanpur,Kanpur Market,Potato,2024-05-01,1447.51,1660.745806451613,1546.6464516129033,1446.68,1631.93,1546.34,47.45051728192827,31
Uttar Pradesh,Kanpur,Kanpur Market,Potato,2024-06-01,1404.8896666666667,1601.4579999999999,1511.0866666666666,1436.24,1558.13,1517.85,38.33226851094794,30
Uttar Pradesh,Kanpur,Kanpur Market,Potato,2024-07-01,1393.4912903225804,1592.289677419355,1486.538064516129,1395.56,1569.88,1490.03,44.26742462348244,31
Uttar Pradesh,Kanpur,Kanpur Market,Potato,2024-08-01,1430.8316129032257,1626.9235483870966,1531.8112903225806,1415.78,1611.91,1529.76,42.529034375897076,31
Uttar Pradesh,Kanpur,Kanpur Market,Potato,2024-09-01,1480.8776666666668,1698.0563333333334,1590.664,1499.1,1666.56,1591.25,42.614413265127084,30
Uttar Pradesh,Kanpur,Kanpur Market,Potato,2024-10-01,1579.8558064516128,1809.6967741935484,1695.2932258064516,1638.39,1763.57,1683.32,36.720477337774085,31
Uttar Pradesh,Kanpur,Kanpur Market,Potato,2024-11-01,1655.1293333333333,1881.1219999999998,1769.067,1702.18,1831.89,1772.52,32.58044803464082,30
Uttar Pradesh,Kanpur,Kanpur Market,Potato,2024-12-01,1706.460322580645,1940.7483870967742,1821.9351612903224,1750.48,1903.37,1821.7,36.95644372058977,31
Uttar Pradesh,Kanpur,Kanpur Market,Potato,2025-01-01,1714.1603225806452,1960.8787096774192,1831.8096774193548,1719.14,1967.45,1828.01,52.241349171186236,31
Uttar Pradesh,Kanpur,Kanpur Market,Potato,2025-02-01,1696.3082142857143,1927.3075000000001,1813.43,1725.9,1912.31,1808.325,49.67888440329103,28
Uttar Pradesh,Kanpur,Kanpur Market,Potato,2025-03-01,1630.1954838709676,1862.9574193548387,1749.5603225806453,1634.4,1850.43,1744.62,56.417871487905394,31
Uttar Pradesh,Kanpur,Kanpur Market,Potato,2025-04-01,1549.0863333333332,1765.8713333333333,1658.4133333333334,1589.37,1732.29,1657.4450000000002,37.732225441677976,30
Uttar Pradesh,Kanpur,Kanpur Market,Potato,2025-05-01,1487.8270967741935,1687.6364516129033,1583.181935483871,1512.6,1678.49,1579.98,42.348831736688666,31
Uttar Pradesh,Kanpur,Kanpur Market,Potato,2025-06-01,1439.0433333333335,1633.8606666666667,1538.0556666666666,1447.68,1639.04,1536.49,39.73016040858578,30
Uttar Pradesh,Kanpur,Kanpur Market,Potato,2025-07-01,1422.457741935484,1621.0545161290324,1512.812258064516,1430.02,1581.6,1512.63,36.411040423629466,31
Uttar Pradesh,Kanpur,Kanpur Market,Potato,2025-08-01,1442.8938709677418,1640.835806451613,1542.717741935484,1445.9,1620.0,1541.73,42.823404559475634,31
Uttar Pradesh,Kanpur,Kanpur Market,Potato,2025-09-01,1517.2786666666666,1727.9443333333334,1622.7089999999998,1484.56,1745.58,1626.8600000000001,60.44055457138492,30
Uttar Pradesh,Kanpur,Kanpur Market,Potato,2025-10-01,1595.088387096774,1821.2148387096772,1713.2887096774193,1629.45,1796.71,1709.39,41.43807256955338,31
Uttar Pradesh,Kanpur,Kanpur Market,Potato,2025-11-01,1682.821,1915.8786666666667,1800.1019999999999,1705.23,1883.07,1794.2649999999999,41.83536825750886,30
Uttar Pradesh,Kanpur,Kanpur Market,Potato,2025-12-01,1739.3464516129031,1984.8248387096774,1858.6780645161289,1767.46,1907.62,1859.16,32.22259460061686,31
Uttar Pradesh,Kanpur,Kanpur Market,Potato,2026-01-01,1763.2732258064516,1986.3209677419354,1878.9306451612904,1817.22,1956.09,1863.48,42.32343975745862,31
Uttar Pradesh,Kanpur,Kanpur Market,Potato,2026-02-01,1721.089642857143,1966.2892857142856,1844.3346428571429,1783.36,1917.0,1844.6950000000002,37.068180173151305,28
Uttar Pradesh,Kanpur,Kanpur Market,Potato,2026-03-01,1654.35,1877.3300000000002,1771.1625806451614,1616.5,1887.69,1768.36,53.47883899062268,31
Uttar Pradesh,Kanpur,Kanpur Market,Potato,2026-04-01,1581.2063333333333,1802.6473333333333,1689.7913333333333,1599.59,1770.63,1694.74,45.64684977862813,30
Uttar Pradesh,Kanpur,Kanpur Market,Potato,2026-05-01,1524.3990322580646,1717.2093548387097,1617.0870967741935,1516.47,1709.92,1612.08,41.46023124180154,31
Uttar Pradesh,Kanpur,Kanpur Market,Potato,2026-06-01,1460.4896666666668,1669.0030000000002,1557.4096666666667,1458.22,1664.83,1561.0549999999998,46.84510562027495,30
Uttar Pradesh,Kanpur,Kanpur Market,Potato,2026-07-01,1451.068064516129,1648.4651612903226,1549.1945161290323,1479.24,1624.35,1549.67,40.35411923118545,31
Uttar Pradesh,Kanpur,Kanpur Market,Potato,2026-08-01,1472.6832258064517,1682.475806451613,1583.9135483870969,1413.09,1667.76,1580.86,56.99150934121013,31
Uttar Pradesh,Kanpur,Kanpur Market,Rice,2023-01-01,3126.708064516129,3546.943870967742,3330.4912903225804,3124.76,3499.04,3327.18,94.68479651777731,31
Uttar Pradesh,Kanpur,Kanpur Market,Rice,2023-02-01,3058.976785714286,3452.877857142857,3252.835714285714,3029.12,3429.14,3260.345,91.29954441607043,28
Uttar Pradesh,Kanpur,Kanpur Market,Rice,2023-03-01,3102.1687096774194,3556.3306451612902,3324.188387096774,3147.5,3488.81,3325.32,74.00077932457982,31
Uttar Pradesh,Kanpur,Kanpur Market,Rice,2023-04-01,3196.3346666666666,3634.097,3404.6186666666667,3187.56,3635.04,3421.4300000000003,104.78646980089245,30
Uttar Pradesh,Kanpur,Kanpur Market,Rice,2023-05-01,3256.613870967742,3730.025806451613,3505.91064516129,3346.89,3676.47,3484.71,95.63891948140088,31
Uttar Pradesh,Kanpur,Kanpur Market,Rice,2023-06-01,3388.5163333333335,3890.8559999999998,3636.885,3475.02,3823.7,3623.37,91.61572932823725,30
Uttar Pradesh,Kanpur,Kanpur Market,Rice,2023-07-01,3494.454193548387,3943.918387096774,3720.342580645161,3511.64,3898.16,3729.56,100.66943978413522,31
Uttar Pradesh,Kanpur,Kanpur Market,Rice,2023-08-01,3531.6000000000004,3999.372580645161,3770.467419354839,3624.43,4008.26,3749.13,96.28858305350451,31
Uttar Pradesh,Kanpur,Kanpur Market,Rice,2023-09-01,3503.2786666666666,4004.1659999999997,3764.396,3585.57,4039.92,3760.9,109.53835551201165,30
Uttar Pradesh,Kanpur,Kanpur Market,Rice,2023-10-01,3408.453870967742,3889.233548387097,3643.6287096774195,3421.84,3864.51,3645.91,101.5458729751218,31
Uttar Pradesh,Kanpur,Kanpur Market,Rice,2023-11-01,3282.385,3738.051,3518.421333333333,3316.16,3760.61,3506.495,104.18564454470409,30
Uttar Pradesh,Kanpur,Kanpur Market,Rice,2023-12-01,3195.625806451613,3657.8029032258064,3431.4425806451613,3256.57,3599.76,3445.82,87.76365819509213,31
Uttar Pradesh,Kanpur,Kanpur Market,Rice,2024-01-01,3115.277419354839,3541.103548387097,3326.743548387097,3173.35,3532.14,3314.21,88.90965333972038,31
Uttar Pradesh,Kanpur,Kanpur Market,Rice,2024-02-01,3056.353448275862,3520.3744827586206,3298.944827586207,3118.59,3480.74,3302.14,85.6583678516287,29
Uttar Pradesh,Kanpur,Kanpur Market,Rice,2024-03-01,3079.7690322580643,3515.54935483871,3312.0983870967743,3140.66,3430.05,3311.26,70.60086770461932,31
Uttar Pradesh,Kanpur,Kanpur Market,Rice,2024-04-01,3178.3903333333333,3616.8606666666665,3426.7293333333337,3178.89,3624.93,3416.83,107.7841872777564,30
Uttar Pradesh,Kanpur,Kanpur Market,Rice,2024-05-01,3266.5558064516126,3720.7561290322583,3512.594193548387,3317.44,3692.95,3534.57,87.13356000126834,31
Uttar Pradesh,Kanpur,Kanpur Market,Rice,2024-06-01,3431.7046666666665,3898.2470000000003,3673.1736666666666,3427.04,3879.1,3655.535,97.57708621934461,30
Uttar Pradesh,Kanpur,Kanpur Market,Rice,2024-07-01,3491.635806451613,3975.2164516129033,3726.675806451613,3593.96,3889.32,3719.23,83.65088271198718,31
Uttar Pradesh,Kanpur,Kanpur Market,Rice,2024-08-01,3551.2487096774194,4028.8274193548386,3782.8993548387098,3622.33,3940.11,3791.58,85.97348684082732,31
Uttar Pradesh,Kanpur,Kanpur Market,Rice,2024-09-01,3522.4216666666666,4013.548333333333,3767.6673333333333,3591.51,3949.04,3744.8999999999996,93.58953916394479,30
Uttar Pradesh,Kanpur,Kanpur Market,Rice,2024-10-01,3420.519677419355,3921.2167741935486,3679.1929032258063,3447.48,3865.91,3695.11,93.25582902938014,31
Uttar Pradesh,Kanpur,Kanpur Market,Rice,2024-11-01,3341.3423333333335,3784.7773333333334,3549.400666666667,3345.52,3754.23,3517.04,102.08051608929807,30
Uttar Pradesh,Kanpur,Kanpur Market,Rice,2024-12-01,3205.398064516129,3642.9112903225805,3423.987419354839,3190.75,3617.25,3415.98,96.71844294885865,31
Uttar Pradesh,Kanpur,Kanpur Market,Rice,2025-01-01,3088.5751612903227,3501.8835483870967,3305.5087096774196,3150.98,3483.19,3308.57,89.12102201470917,31
Uttar Pradesh,Kanpur,Kanpur Market,Rice,2025-02-01,3104.7592857142854,3534.730357142857,3326.1310714285714,3163.31,3457.07,3324.215,79.98134913791242,28
Uttar Pradesh,Kanpur,Kanpur Market,Rice,2025-03-01,3128.619677419355,3547.755806451613,3338.3274193548386,3137.23,3550.53,3343.84,94.9831112344977,31
Uttar Pradesh,Kanpur,Kanpur Market,Rice,2025-04-01,3184.3720000000003,3655.764666666667,3426.662333333333,3257.33,3683.95,3428.3500000000004,98.35638585875036,30
Uttar Pradesh,Kanpur,Kanpur Market,Rice,2025-05-01,3302.0945161290324,3775.5009677419353,3532.9590322580643,3329.33,3749.3,3518.59,95.1317471844473,31
Uttar Pradesh,Kanpur,Kanpur Market,Rice,2025-06-01,3438.889333333333,3918.095333333333,3673.2273333333337,3513.82,3838.16,3678.545,93.32453212361665,30
Uttar Pradesh,Kanpur,Kanpur Market,Rice,2025-07-01,3505.515806451613,4009.3177419354843,3738.030967741936,3512.04,4023.3,3718.99,100.86603866365988,31
Uttar Pradesh,Kanpur,Kanpur Market,Rice,2025-08-01,3586.2106451612904,4065.486774193548,3803.0725806451615,3640.18,3975.28,3812.56,95.98064419342556,31
Uttar Pradesh,Kanpur,Kanpur Market,Rice,2025-09-01,3520.5306666666665,4009.4933333333333,3765.029,3580.0,3921.17,3772.33,93.66490953540644,30
Uttar Pradesh,Kanpur,Kanpur Market,Rice,2025-10-01,3420.6874193548388,3920.144193548387,3676.9845161290323,3456.32,3828.86,3692.42,92.49858358694706,31
Uttar Pradesh,Kanpur,Kanpur Market,Rice,2025-11-01,3339.6496666666667,3829.239666666667,3577.531,3421.69,3791.46,3577.205,99.11476991955779,30
Uttar Pradesh,Kanpur,Kanpur Market,Rice,2025-12-01,3221.404516129032,3684.8225806451615,3452.4777419354837,3278.11,3627.82,3448.47,92.0379875453492,31
Uttar Pradesh,Kanpur,Kanpur Market,Rice,2026-01-01,3115.4929032258065,3550.1790322580646,3325.4548387096775,3118.47,3491.04,3310.67,91.26152441823328,31
Uttar Pradesh,Kanpur,Kanpur Market,Rice,2026-02-01,3126.749642857143,3557.035,3340.3424999999997,3227.61,3477.64,3321.41,74.5869139860535,28
Uttar Pradesh,Kanpur,Kanpur Market,Rice,2026-03-01,3125.936774193548,3544.501612903226,3332.2090322580643,3116.36,3489.23,3327.06,95.88643158635946,31
Uttar Pradesh,Kanpur,Kanpur Market,Rice,2026-04-01,3185.599333333333,3640.559333333333,3415.7073333333333,3247.91,3564.4,3412.515,74.99642106096822,30
Uttar Pradesh,Kanpur,Kanpur Market,Rice,2026-05-01,3311.257741935484,3753.4635483870966,3540.0625806451612,3335.78,3820.17,3529.25,102.75789650006604,31
Uttar Pradesh,Kanpur,Kanpur Market,Rice,2026-06-01,3403.9423333333334,3915.942666666667,3653.067666666667,3490.1,3852.69,3658.9700000000003,100.12961471334897,30
Uttar Pradesh,Kanpur,Kanpur Market,Rice,2026-07-01,3531.873225806452,4020.6822580645157,3767.764193548387,3611.29,3974.24,3754.01,98.17721391355515,31
Uttar Pradesh,Kanpur,Kanpur Market,Rice,2026-08-01,3542.8312903225806,4061.0770967741937,3803.7445161290325,3648.76,4055.98,3805.61,87.15613288188456,31
Uttar Pradesh,Kanpur,Kanpur Market,Tomato,2023-01-01,1660.7545161290323,1883.8674193548386,1759.6364516129033,1646.3,1855.95,1755.15,52.42247358709081,31
Uttar Pradesh,Kanpur,Kanpur Market,Tomato,2023-02-01,1596.9939285714286,1817.6100000000001,1710.9714285714285,1615.6,1823.49,1712.885,53.632981955501585,28
Uttar Pradesh,Kanpur,Kanpur Market,Tomato,2023-03-01,1542.1909677419355,1764.430322580645,1655.342258064516,1524.94,1782.21,1645.94,56.07604436297064,31
Uttar Pradesh,Kanpur,Kanpur Market,Tomato,2023-04-01,1551.5766666666668,1765.5376666666666,1660.8886666666667,1545.5,1756.84,1663.1550000000002,47.78810404081846,30
Uttar Pradesh,Kanpur,Kanpur Market,Tomato,2023-05-01,1598.2793548387099,1809.7983870967741,1696.3193548387096,1622.92,1794.57,1691.83,47.31841924208678,31
Uttar Pradesh,Kanpur,Kanpur Market,Tomato,2023-06-01,1623.484,1853.8686666666665,1736.5033333333333,1608.64,1861.56,1739.8,53.10250655382336,30
Uttar Pradesh,Kanpur,Kanpur Market,Tomato,2023-07-01,1690.3445161290322,1933.0209677419355,1804.991935483871,1708.51,1881.35,1819.17,51.33934640665345,31
Uttar Pradesh,Kanpur,Kanpur Market,Tomato,2023-08-01,1746.6048387096773,1968.3645161290324,1862.0064516129032,1767.63,1964.67,1859.0,49.89585731289972,31
Uttar Pradesh,Kanpur,Kanpur Market,Tomato,2023-09-01,1781.5829999999999,2039.7666666666667,1916.7893333333334,1827.01,1994.0,1916.88,38.813117044533264,30
Uttar Pradesh,Kanpur,Kanpur Market,Tomato,2023-10-01,1820.1625806451614,2076.9187096774194,1944.9274193548388,1806.69,2059.9,1933.57,63.13099687516121,31
Uttar Pradesh,Kanpur,Kanpur Market,Tomato,2023-11-01,1794.0463333333332,2035.5469999999998,1914.5306666666665,1823.96,2053.17,1906.395,55.88346877475357,30
Uttar Pradesh,Kanpur,Kanpur Market,Tomato,2023-12-01,1729.505806451613,1986.843548387097,1855.6822580645162,1726.47,2013.58,1854.98,61.20920599112934,31
Uttar Pradesh,Kanpur,Kanpur Market,Tomato,2024-01-01,1668.2903225806451,1913.177741935484,1798.6435483870966,1703.01,1913.87,1793.65,56.56285869416358,31
Uttar Pradesh,Kanpur,Kanpur Market,Tomato,2024-02-01,1633.6731034482757,1837.1299999999999,1738.19,1646.71,1821.99,1737.73,41.00607167585934,29
Uttar Pradesh,Kanpur,Kanpur Market,Tomato,2024-03-01,1596.0967741935483,1811.600322580645,1699.96,1617.42,1791.64,1693.9,41.280106427511384,31
Uttar Pradesh,Kanpur,Kanpur Market,Tomato,2024-04-01,1563.2920000000001,1759.9976666666666,1655.858,1562.95,1734.3,1663.71,39.763574424773246,30
Uttar Pradesh,Kanpur,Kanpur Market,Tomato,2024-05-01,1596.3870967741937,1814.974193548387,1718.4374193548385,1644.66,1803.53,1719.67,39.685828954236726,31
Uttar Pradesh,Kanpur,Kanpur Market,Tomato,2024-06-01,1642.3143333333333,1867.3096666666668,1755.1923333333332,1592.12,1889.25,1761.13,65.70036701116891,30
Uttar Pradesh,Kanpur,Kanpur Market,Tomato,2024-07-01,1693.2116129032258,1939.7548387096774,1822.983870967742,1687.56,2019.96,1821.63,72.03606252784874,31
Uttar Pradesh,Kanpur,Kanpur Market,Tomato,2024-08-01,1765.8474193548386,2016.9083870967743,1894.8264516129034,1796.03,2000.74,1890.06,54.92243406528808,31
Uttar Pradesh,Kanpur,Kanpur Market,Tomato,2024-09-01,1819.184,2077.92,1945.5933333333335,1862.84,2051.2,1943.935,49.30314904493556,30
Uttar Pradesh,Kanpur,Kanpur Market,Tomato,2024-10-01,1823.7477419354839,2089.853225806452,1951.3670967741934,1836.92,2060.05,1963.67,45.2090319289961,31
Uttar Pradesh,Kanpur,Kanpur Market,Tomato,2024-11-01,1783.6343333333332,2045.408,1910.066,1769.64,2024.66,1919.575,61.29174825486641,30
Uttar Pradesh,Kanpur,Kanpur Market,Tomato,2024-12-01,1739.0903225806453,1986.234193548387,1857.9483870967742,1709.97,1999.78,1872.72,67.0197234201383,31
Uttar Pradesh,Kanpur,Kanpur Market,Tomato,2025-01-01,1671.7135483870968,1908.9387096774194,1788.3009677419354,1708.37,1859.1,1802.31,42.7730485512266,31
Uttar Pradesh,Kanpur,Kanpur Market,Tomato,2025-02-01,1638.8514285714284,1833.3778571428572,1736.9964285714286,1626.83,1841.03,1742.35,52.574876285181325,28
Uttar Pradesh,Kanpur,Kanpur Market,Tomato,2025-03-01,1576.389677419355,1799.335483870968,1696.6393548387098,1622.57,1775.72,1704.53,42.41579563759116,31
Uttar Pradesh,Kanpur,Kanpur Market,Tomato,2025-04-01,1559.755,1783.5406666666668,1676.1899999999998,1605.64,1756.22,1669.2350000000001,43.39042974093993,30
Uttar Pradesh,Kanpur,Kanpur Market,Tomato,2025-05-01,1608.4767741935484,1827.4232258064517,1713.3654838709679,1606.61,1796.94,1720.86,44.44636556860484,31
Uttar Pradesh,Kanpur,Kanpur Market,Tomato,2025-06-01,1647.7026666666668,1873.5626666666665,1761.297,1652.68,1892.83,1756.585,53.577231148933144,30
Uttar Pradesh,Kanpur,Kanpur Market,Tomato,2025-07-01,1731.3774193548386,1972.0025806451613,1843.2193548387097,1752.1,1941.67,1838.93,48.86346255540259,31
Uttar Pradesh,Kanpur,Kanpur Market,Tomato,2025-08-01,1783.3612903225805,2010.6509677419356,1896.7080645161288,1739.87,1988.39,1892.55,58.795487265569136,31
Uttar Pradesh,Kanpur,Kanpur Market,Tomato,2025-09-01,1828.002,2089.85,1957.9496666666666,1873.03,2056.83,1958.3899999999999,44.10639147391875,30
Uttar Pradesh,Kanpur,Kanpur Market,Tomato,2025-10-01,1841.6983870967742,2095.6983870967742,1962.5880645161292,1880.44,2094.38,1956.1,49.76702036619269,31
Uttar Pradesh,Kanpur,Kanpur Market,Tomato,2025-11-01,1809.874,2077.264,1940.7886666666668,1839.63,2059.93,1937.885,52.78009438868179,30
Uttar Pradesh,Kanpur,Kanpur Market,Tomato,2025-12-01,1777.021935483871,2014.2067741935484,1894.1354838709676,1819.66,1972.59,1894.86,43.388340356883084,31
Uttar Pradesh,Kanpur,Kanpur Market,Tomato,2026-01-01,1685.3551612903227,1931.4629032258065,1805.5545161290324,1675.31,1924.86,1809.75,52.56783318333944,31
Uttar Pradesh,Kanpur,Kanpur Market,Tomato,2026-02-01,1632.6810714285714,1876.2885714285715,1764.1221428571428,1659.42,1850.23,1765.885,45.30889139763349,28
Uttar Pradesh,Kanpur,Kanpur Market,Tomato,2026-03-01,1602.94,1810.4867741935482,1707.9829032258065,1611.62,1774.05,1709.2,39.01054525753674,31
Uttar Pradesh,Kanpur,Kanpur Market,Tomato,2026-04-01,1600.1896666666667,1816.0463333333332,1703.8316666666665,1609.96,1775.44,1710.5949999999998,46.04591045402652,30
Uttar Pradesh,Kanpur,Kanpur Market,Tomato,2026-05-01,1621.1061290322582,1834.9696774193549,1719.0625806451615,1573.53,1835.7,1731.85,60.17158554044938,31
Uttar Pradesh,Kanpur,Kanpur Market,Tomato,2026-06-01,1663.1386666666665,1892.7406666666668,1773.362,1654.96,1917.06,1775.155,58.79988900998193,30
Uttar Pradesh,Kanpur,Kanpur Market,Tomato,2026-07-01,1733.5264516129032,1974.4251612903226,1854.811612903226,1725.82,1968.75,1873.16,65.72402022075715,31
Uttar Pradesh,Kanpur,Kanpur Market,Tomato,2026-08-01,1808.0151612903226,2068.668387096774,1933.9774193548387,1826.19,2060.79,1934.72,56.239513272416154,31
Uttar Pradesh,Kanpur,Kanpur Market,Wheat,2023-01-01,2892.358709677419,3309.4229032258063,3100.1032258064515,2898.22,3314.69,3095.76,106.62191314444064,31
Uttar Pradesh,Kanpur,Kanpur Market,Wheat,2023-02-01,2941.5839285714287,3337.0499999999997,3131.2425,2967.43,3318.23,3127.02,91.5737144326908,28
Uttar Pradesh,Kanpur,Kanpur Market,Wheat,2023-03-01,3030.7712903225806,3476.42064516129,3255.2393548387095,3095.21,3403.37,3259.56,83.4715301938524,31
Uttar Pradesh,Kanpur,Kanpur Market,Wheat,2023-04-01,3115.7063333333335,3567.7823333333336,3344.6513333333332,3125.92,3528.32,3351.835,90.97758908325886,30
Uttar Pradesh,Kanpur,Kanpur Market,Wheat,2023-05-01,3297.3967741935485,3746.579677419355,3515.44935483871,3250.53,3729.6,3524.41,102.75353774722241,31
Uttar Pradesh,Kanpur,Kanpur Market,Wheat,2023-06-01,3432.1220000000003,3908.7146666666667,3651.324666666667,3492.79,3859.59,3668.785,93.41350230001028,30
Uttar Pradesh,Kanpur,Kanpur Market,Wheat,2023-07-01,3389.234838709677,3891.4629032258067,3643.794193548387,3506.61,3772.09,3649.3,72.5053483900415,31
Uttar Pradesh,Kanpur,Kanpur Market,Wheat,2023-08-01,3437.547741935484,3897.2312903225807,3658.5735483870967,3504.64,3841.01,3674.34,82.12913244999763,31
Uttar Pradesh,Kanpur,Kanpur Market,Wheat,2023-09-01,3354.3016666666667,3796.3443333333335,3553.276,3367.42,3699.72,3552.79,83.51892812926941,30
Uttar Pradesh,Kanpur,Kanpur Market,Wheat,2023-10-01,3202.624193548387,3662.7580645161293,3425.79935483871,3160.4,3624.69,3442.76,114.43345489658991,31
Uttar Pradesh,Kanpur,Kanpur Market,Wheat,2023-11-01,3080.9809999999998,3495.903,3291.8190000000004,3059.21,3467.63,3289.0200000000004,102.75902085914925,30
Uttar Pradesh,Kanpur,Kanpur Market,Wheat,2023-12-01,2969.6858064516127,3389.05,3179.0854838709674,2992.34,3364.2,3174.47,105.48636410578425,31
Uttar Pradesh,Kanpur,Kanpur Market,Wheat,2024-01-01,2927.485483870968,3302.468064516129,3122.318064516129,2937.3,3259.81,3126.78,74.59415121930822,31
Uttar Pradesh,Kanpur,Kanpur Market,Wheat,2024-02-01,2990.1431034482757,3373.8431034482755,3183.1258620689655,3011.46,3308.15,3183.68,72.03459964872232,29
Uttar Pradesh,Kanpur,Kanpur Market,Wheat,2024-03-01,3070.0212903225806,3488.7722580645163,3274.21,3066.09,3472.72,3289.96,96.17844162458302,31
Uttar Pradesh,Kanpur,Kanpur Market,Wheat,2024-04-01,3164.1723333333334,3613.1789999999996,3403.8313333333335,3140.29,3574.01,3411.455,100.86581519039513,30
Uttar Pradesh,Kanpur,Kanpur Market,Wheat,2024-05-01,3326.217419354839,3781.3167741935486,3551.8967741935485,3398.08,3720.74,3541.25,91.06370482203089,31
Uttar Pradesh,Kanpur,Kanpur Market,Wheat,2024-06-01,3391.8419999999996,3898.1,3638.9946666666665,3428.87,3778.26,3642.695,87.12862963233849,30
Uttar Pradesh,Kanpur,Kanpur Market,Wheat,2024-07-01,3472.7167741935486,3938.7896774193546,3703.318387096774,3547.24,3886.92,3710.03,73.96372458157101,31
Uttar Pradesh,Kanpur,Kanpur Market,Wheat,2024-08-01,3391.837419354839,3887.842258064516,3655.026129032258,3473.28,3804.8,3669.96,87.41943634674614,31
Uttar Pradesh,Kanpur,Kanpur Market,Wheat,2024-09-01,3344.3233333333333,3809.483333333333,3576.1983333333333,3354.58,3734.71,3583.985,93.67346542491445,30
Uttar Pradesh,Kanpur,Kanpur Market,Wheat,2024-10-01,3200.988709677419,3654.689677419355,3437.7706451612903,3309.61,3633.97,3436.18,81.92014806853008,31
Uttar Pradesh,Kanpur,Kanpur Market,Wheat,2024-11-01,3094.5606666666667,3545.9210000000003,3315.0056666666665,3173.44,3469.48,3320.08,73.1838991470653,30
Uttar Pradesh,Kanpur,Kanpur Market,Wheat,2024-12-01,2984.7441935483866,3393.587419354839,3190.484838709677,2995.77,3339.9,3175.56,88.28190644637458,31
Uttar Pradesh,Kanpur,Kanpur Market,Wheat,2025-01-01,2989.1632258064515,3379.9306451612906,3184.9929032258065,3000.13,3391.22,3185.08,96.52806518291446,31
Uttar Pradesh,Kanpur,Kanpur Market,Wheat,2025-02-01,3004.665,3421.2635714285716,3199.0014285714283,3073.23,3401.78,3175.2650000000003,89.11431575205901,28
Uttar Pradesh,Kanpur,Kanpur Market,Wheat,2025-03-01,3105.023870967742,3525.441935483871,3310.1051612903225,3058.05,3460.83,3317.13,96.65661566842257,31
Uttar Pradesh,Kanpur,Kanpur Market,Wheat,2025-04-01,3211.722333333333,3658.703666666667,3434.316,3267.09,3557.12,3437.8,88.0556368635663,30
Uttar Pradesh,Kanpur,Kanpur Market,Wheat,2025-05-01,3321.4896774193544,3756.1780645161293,3525.745161290323,3407.95,3661.15,3506.97,67.68595412496195,31
Uttar Pradesh,Kanpur,Kanpur Market,Wheat,2025-06-01,3433.8816666666667,3907.5696666666668,3664.4179999999997,3424.84,3816.87,3659.495,90.62686761547646,30
Uttar Pradesh,Kanpur,Kanpur Market,Wheat,2025-07-01,3486.747741935484,3960.0751612903227,3735.7264516129035,3579.8,3829.97,3765.5,75.30457876952711,31
Uttar Pradesh,Kanpur,Kanpur Market,Wheat,2025-08-01,3440.387741935484,3943.468064516129,3700.1667741935485,3527.01,3888.39,3694.23,94.40869149208285,31
Uttar Pradesh,Kanpur,Kanpur Market,Wheat,2025-09-01,3379.4983333333334,3859.858333333333,3608.7216666666664,3487.07,3749.4,3600.55,69.75771968568868,30
Uttar Pradesh,Kanpur,Kanpur Market,Wheat,2025-10-01,3258.0661290322582,3711.7570967741935,3491.2990322580645,3292.2,3686.99,3469.62,106.90410467189247,31
Uttar Pradesh,Kanpur,Kanpur Market,Wheat,2025-11-01,3112.815,3554.1336666666666,3330.298666666667,3111.17,3543.91,3351.645,103.09940448449476,30
Uttar Pradesh,Kanpur,Kanpur Market,Wheat,2025-12-01,3046.7248387096774,3480.670322580645,3251.783870967742,3111.17,3455.69,3233.12,90.08518822675265,31
Uttar Pradesh,Kanpur,Kanpur Market,Wheat,2026-01-01,2985.9358064516127,3404.558387096774,3193.1551612903227,3067.39,3296.85,3202.96,65.27596519756041,31
Uttar Pradesh,Kanpur,Kanpur Market,Wheat,2026-02-01,2994.4439285714284,3421.8792857142857,3199.6539285714284,3026.7,3350.46,3198.88,74.23278901857444,28
Uttar Pradesh,Kanpur,Kanpur Market,Wheat,2026-03-01,3069.995161290323,3507.5916129032257,3299.332580645161,3142.68,3504.1,3306.52,93.50556275672369,31
Uttar Pradesh,Kanpur,Kanpur Market,Wheat,2026-04-01,3219.586333333333,3657.104,3445.5480000000002,3228.0,3620.1,3451.85,105.61603451931991,30
Uttar Pradesh,Kanpur,Kanpur Market,Wheat,2026-05-01,3367.8790322580644,3877.702903225806,3623.034516129032,3433.62,3827.37,3623.27,103.98643507171843,31
Uttar Pradesh,Kanpur,Kanpur Market,Wheat,2026-06-01,3488.0679999999998,3972.3803333333335,3727.9073333333336,3522.45,3909.88,3734.08,96.94759917474558,30
Uttar Pradesh,Kanpur,Kanpur Market,Wheat,2026-07-01,3529.14064516129,3999.4148387096775,3762.5409677419357,3462.23,3917.37,3770.15,99.04091226541482,31
Uttar Pradesh,Kanpur,Kanpur Market,Wheat,2026-08-01,3475.490322580645,3964.4751612903224,3718.1158064516126,3453.45,3856.33,3743.51,94.02910793203698,31
Uttar Pradesh,Lucknow,Lucknow Market,Onion,2023-01-01,3215.6325806451614,3658.2990322580645,3448.676774193548,3286.7,3659.31,3436.73,84.62960177097597,31
Uttar Pradesh,Lucknow,Lucknow Market,Onion,2023-02-01,3264.6746428571428,3704.3985714285714,3480.904642857143,3329.6,3601.09,3496.875,72.00644479808955,28
Uttar Pradesh,Lucknow,Lucknow Market,Onion,2023-03-01,3184.848064516129,3632.7790322580645,3395.683548387097,3154.5,3547.67,3410.59,82.38084269814127,31
Uttar Pradesh,Lucknow,Lucknow Market,Onion,2023-04-01,3033.279666666667,3466.0186666666664,3236.1679999999997,3019.97,3385.95,3245.63,88.79148869586324,30
Uttar Pradesh,Lucknow,Lucknow Market,Onion,2023-05-01,2841.7209677419355,3246.448387096774,3048.4925806451615,2835.69,3192.95,3067.32,96.7255240002258,31
Uttar Pradesh,Lucknow,Lucknow Market,Onion,2023-06-01,2695.1803333333332,3088.5113333333334,2874.6440000000002,2691.56,3038.2,2890.41,90.87328622299033,30
Uttar Pradesh,Lucknow,Lucknow Market,Onion,2023-07-01,2584.8070967741937,2965.155806451613,2773.5554838709677,2627.01,2929.54,2779.01,67.68978213579501,31
Uttar Pradesh,Lucknow,Lucknow Market,Onion,2023-08-01,2586.077741935484,2954.7361290322583,2763.380322580645,2578.48,2989.94,2757.35,92.03976211340655,31
Uttar Pradesh,Lucknow,Lucknow Market,Onion,2023-09-01,2652.5403333333334,3009.323,2831.597,2644.26,3083.97,2831.605,90.65372522729668,30
Uttar Pradesh,Lucknow,Lucknow Market,Onion,2023-10-01,2767.9851612903226,3174.856129032258,2979.1109677419354,2805.72,3135.64,2983.92,88.01772898512493,31
Uttar Pradesh,Lucknow,Lucknow Market,Onion,2023-11-01,2978.131,3390.2233333333334,3193.360333333333,3008.63,3365.88,3189.965,83.74302377463763,30
Uttar Pradesh,Lucknow,Lucknow Market,Onion,2023-12-01,3124.4412903225807,3552.6006451612902,3348.941935483871,3196.62,3500.61,3328.03,77.47624295741046,31
Uttar Pradesh,Lucknow,Lucknow Market,Onion,2024-01-01,3269.262258064516,3719.717741935484,3494.7070967741934,3373.76,3608.94,3491.23,55.56425950756165,31
Uttar Pradesh,Lucknow,Lucknow Market,Onion,2024-02-01,3271.6568965517245,3713.6606896551725,3503.5165517241376,3315.42,3609.48,3492.25,69.87920405323241,29
Uttar Pradesh,Lucknow,Lucknow Market,Onion,2024-03-01,3184.0693548387094,3613.652258064516,3404.563548387097,3231.94,3572.83,3397.96,85.73580479388941,31
Uttar Pradesh,Lucknow,Lucknow Market,Onion,2024-04-01,3066.6659999999997,3485.802,3268.131,3115.37,3436.2,3255.635,83.3045504138592,30
Uttar Pradesh,Lucknow,Lucknow Market,Onion,2024-05-01,2867.831612903226,3250.4941935483866,3062.294516129032,2915.7,3271.31,3050.8,91.79458029893743,31
Uttar Pradesh,Lucknow,Lucknow Market,Onion,2024-06-01,2688.6276666666668,3068.3413333333333,2880.6496666666667,2751.58,3044.7,2888.25,77.33769106008879,30
Uttar Pradesh,Lucknow,Lucknow Market,Onion,2024-07-01,2593.2351612903226,2950.802258064516,2772.4148387096775,2673.95,2903.26,2772.18,66.69019612461629,31
Uttar Pradesh,Lucknow,Lucknow Market,Onion,2024-08-01,2591.2070967741934,2947.496451612903,2774.0287096774196,2568.93,2924.19,2787.36,74.8085950829153,31
Uttar Pradesh,Lucknow,Lucknow Market,Onion,2024-09-01,2651.178,3035.730666666667,2845.112,2624.94,3039.69,2845.085,86.3178267998464,30
Uttar Pradesh,Lucknow,Lucknow Market,Onion,2024-10-01,2808.0932258064518,3226.235806451613,3018.004838709677,2821.63,3202.93,3032.5,89.69327387903606,31
Uttar Pradesh,Lucknow,Lucknow Market,Onion,2024-11-01,3018.9353333333333,3427.587,3220.138,3020.35,3384.16,3212.73,105.21187937385864,30
Uttar Pradesh,Lucknow,Lucknow Market,Onion,2024-12-01,3172.941612903226,3578.334516129032,3373.964193548387,3233.77,3516.13,3368.99,72.98872149285313,31
Uttar Pradesh,Lucknow,Lucknow Market,Onion,2025-01-01,3267.8954838709674,3740.9093548387095,3494.8112903225806,3285.83,3625.28,3504.25,78.58037124464506,31
Uttar Pradesh,Lucknow,Lucknow Market,Onion,2025-02-01,3271.3250000000003,3730.7400000000002,3505.3167857142857,3378.83,3701.66,3489.4700000000003,72.52673096245637,28
Uttar Pradesh,Lucknow,Lucknow Market,Onion,2025-03-01,3223.8274193548386,3680.2145161290323,3446.9509677419355,3272.66,3595.83,3434.18,88.07582677650865,31
Uttar Pradesh,Lucknow,Lucknow Market,Onion,2025-04-01,3054.5440000000003,3491.49,3288.2436666666667,3163.1,3441.03,3287.7349999999997,74.80755542163465,30
Uttar Pradesh,Lucknow,Lucknow Market,Onion,2025-05-01,2919.5935483870967,3306.360322580645,3111.3493548387096,2930.34,3289.87,3111.47,83.0387031423895,31
Uttar Pradesh,Lucknow,Lucknow Market,Onion,2025-06-01,2745.334666666667,3130.843,2931.447666666667,2776.03,3133.82,2919.425,88.55221088707177,30
Uttar Pradesh,Lucknow,Lucknow Market,Onion,2025-07-01,2611.9864516129032,2960.4945161290325,2783.2948387096776,2648.42,2888.04,2797.75,69.58269942406498,31
Uttar Pradesh,Lucknow,Lucknow Market,Onion,2025-08-01,2596.0848387096776,2971.3999999999996,2796.775483870968,2604.57,2945.53,2808.81,77.29407846395087,31
Uttar Pradesh,Lucknow,Lucknow Market,Onion,2025-09-01,2704.635333333333,3082.976,2899.433,2704.82,3097.31,2889.2799999999997,95.17349660597168,30
Uttar Pradesh,Lucknow,Lucknow Market,Onion,2025-10-01,2835.337741935484,3252.4151612903224,3038.7509677419353,2816.6,3272.78,3048.96,95.61961532917267,31
Uttar Pradesh,Lucknow,Lucknow Market,Onion,2025-11-01,3071.537333333333,3445.3373333333334,3245.135,3093.33,3408.93,3240.7200000000003,80.53732262874718,30
Uttar Pradesh,Lucknow,Lucknow Market,Onion,2025-12-01,3187.0054838709675,3652.1961290322583,3413.4509677419355,3261.03,3613.53,3408.57,83.03289530279888,31
Uttar Pradesh,Lucknow,Lucknow Market,Onion,2026-01-01,3309.3835483870967,3739.045806451613,3524.221612903226,3362.73,3716.8,3510.76,75.38124961804822,31
Uttar Pradesh,Lucknow,Lucknow Market,Onion,2026-02-01,3278.8396428571427,3773.117142857143,3524.1817857142855,3389.38,3684.61,3517.035,76.477602000875,28
Uttar Pradesh,Lucknow,Lucknow Market,Onion,2026-03-01,3228.1370967741937,3691.888064516129,3460.9232258064517,3267.04,3619.17,3469.69,90.3241728585472,31
Uttar Pradesh,Lucknow,Lucknow Market,Onion,2026-04-01,3088.498666666667,3522.2573333333335,3305.298666666667,3114.92,3469.22,3312.4700000000003,91.45951618945536,30
Uttar Pradesh,Lucknow,Lucknow Market,Onion,2026-05-01,2922.6070967741935,3310.934516129032,3110.8490322580647,2958.49,3347.28,3131.25,95.7655344180025,31
Uttar Pradesh,Lucknow,Lucknow Market,Onion,2026-06-01,2748.847,3132.4263333333333,2952.802333333333,2711.96,3150.48,2943.575,106.06694872395066,30
Uttar Pradesh,Lucknow,Lucknow Market,Onion,2026-07-01,2648.497096774194,3020.745161290323,2832.392580645161,2691.82,3014.24,2826.38,75.72693888649054,31
Uttar Pradesh,Lucknow,Lucknow Market,Onion,2026-08-01,2624.2361290322583,3001.904193548387,2812.340967741936,2700.96,3013.39,2805.85,73.5750840685821,31
Uttar Pradesh,Lucknow,Lucknow Market,Potato,2023-01-01,1481.2812903225806,1689.8874193548388,1592.2864516129032,1513.87,1671.27,1587.29,39.38398884050791,31
Uttar Pradesh,Lucknow,Lucknow Market,Potato,2023-02-01,1569.8425,1799.462142857143,1678.4421428571427,1577.08,1811.08,1685.9650000000001,47.716532219870636,28
Uttar Pradesh,Lucknow,Lucknow Market,Potato,2023-03-01,1645.1699999999998,1875.0796774193548,1758.897741935484,1684.74,1881.1,1748.11,49.38574225487065,31
Uttar Pradesh,Lucknow,Lucknow Market,Potato,2023-04-01,1710.8586666666667,1932.2793333333332,1822.9373333333335,1741.58,1891.85,1816.5949999999998,44.03516353014301,30
Uttar Pradesh,Lucknow,Lucknow Market,Potato,2023-05-01,1747.2654838709675,1990.1345161290321,1871.986129032258,1785.17,1931.59,1881.62,40.80939774753012,31
Uttar Pradesh,Lucknow,Lucknow Market,Potato,2023-06-01,1719.8386666666668,1968.4103333333333,1841.961,1777.66,1937.14,1833.5,45.091176929600685,30
Uttar Pradesh,Lucknow,Lucknow Market,Potato,2023-07-01,1672.7529032258064,1910.1748387096773,1789.3709677419354,1687.63,1851.0,1781.19,43.240154667842305,31
Uttar Pradesh,Lucknow,Lucknow Market,Potato,2023-08-01,1583.1012903225806,1808.206129032258,1692.108064516129,1606.69,1776.53,1697.52,39.142532401413376,31
Uttar Pradesh,Lucknow,Lucknow Market,Potato,2023-09-01,1478.823,1677.355,1584.1086666666667,1501.34,1662.02,1584.1750000000002,42.00792739088855,30
Uttar Pradesh,Lucknow,Lucknow Market,Potato,2023-10-01,1432.218064516129,1635.4745161290323,1530.8929032258065,1448.61,1623.97,1530.23,48.77304311424148,31
Uttar Pradesh,Lucknow,Lucknow Market,Potato,2023-11-01,1422.4533333333334,1621.3033333333333,1521.571,1446.05,1576.28,1523.045,34.48199533689706,30
Uttar Pradesh,Lucknow,Lucknow Market,Potato,2023-12-01,1434.6951612903226,1624.580322580645,1530.4483870967742,1447.71,1609.75,1525.1,40.95224715826747,31
Uttar Pradesh,Lucknow,Lucknow Market,Potato,2024-01-01,1509.0661290322582,1716.3032258064516,1610.5887096774193,1545.6,1703.62,1608.34,38.86934899908798,31
Uttar Pradesh,Lucknow,Lucknow Market,Potato,2024-02-01,1602.6489655172413,1831.0168965517241,1712.1127586206896,1633.36,1834.6,1726.92,52.89488288081719,29
Uttar Pradesh,Lucknow,Lucknow Market,Potato,2024-03-01,1668.2825806451613,1895.5432258064516,1774.3732258064515,1670.81,1876.05,1771.82,45.35042053366927,31
Uttar Pradesh,Lucknow,Lucknow Market,Potato,2024-04-01,1740.2476666666666,1976.0313333333334,1855.4623333333334,1759.42,1908.38,1858.8,40.12755401117214,30
Uttar Pradesh,Lucknow,Lucknow Market,Potato,2024-05-01,1769.0974193548388,2009.6109677419356,1883.303870967742,1803.49,1989.85,1884.89,46.84509264070385,31
Uttar Pradesh,Lucknow,Lucknow Market,Potato,2024-06-01,1738.055,1982.4593333333332,1861.3509999999999,1778.25,1925.6,1856.5149999999999,36.83919289898022,30
Uttar Pradesh,Lucknow,Lucknow Market,Potato,2024-07-01,1688.8096774193548,1922.3951612903227,1797.0564516129032,1723.31,1903.0,1782.77,45.58256410429959,31
Uttar Pradesh,Lucknow,Lucknow Market,Potato,2024-08-01,1597.7232258064516,1833.6522580645162,1710.4364516129033,1598.12,1804.75,1718.84,49.41732378754027,31
Uttar Pradesh,Lucknow,Lucknow Market,Potato,2024-09-01,1508.1866666666667,1715.6303333333333,1619.073,1527.78,1713.23,1621.82,48.14275468459078,30
Uttar Pradesh,Lucknow,Lucknow Market,Potato,2024-10-01,1458.7503225806452,1656.1812903225807,1558.7467741935484,1465.71,1621.59,1553.22,39.409453382582974,31
Uttar Pradesh,Lucknow,Lucknow Market,Potato,2024-11-01,1422.1736666666666,1620.316,1523.093,1414.17,1597.4,1522.31,42.44666439516612,30
Uttar Pradesh,Lucknow,Lucknow Market,Potato,2024-12-01,1453.496129032258,1650.1187096774195,1552.1677419354837,1428.16,1610.55,1560.49,40.26325874455746,31
Uttar Pradesh,Lucknow,Lucknow Market,Potato,2025-01-01,1514.9632258064516,1719.2777419354838,1618.5609677419354,1519.55,1723.28,1620.31,49.002365273174256,31
Uttar Pradesh,Lucknow,Lucknow Market,Potato,2025-02-01,1578.8728571428571,1808.0964285714285,1691.1742857142856,1604.75,1791.1,1684.3000000000002,41.670993680085466,28
Uttar Pradesh,Lucknow,Lucknow Market,Potato,2025-03-01,1685.1429032258065,1925.8206451612905,1798.577741935484,1728.75,1862.7,1796.45,34.92654307826432,31
Uttar Pradesh,Lucknow,Lucknow Market,Potato,2025-04-01,1755.4303333333332,1982.2446666666667,1868.0293333333332,1770.73,1962.43,1855.01,48.019658756872026,30
Uttar Pradesh,Lucknow,Lucknow Market,Potato,2025-05-01,1762.9583870967742,2016.7354838709675,1885.9422580645162,1806.63,1985.13,1874.47,41.60606267598329,31
Uttar Pradesh,Lucknow,Lucknow Market,Potato,2025-06-01,1755.6193333333333,1997.9456666666667,1877.6160000000002,1800.9,1998.74,1875.545,37.11565722218162,30
Uttar Pradesh,Lucknow,Lucknow Market,Potato,2025-07-01,1692.6332258064515,1920.126129032258,1804.1399999999999,1666.09,1909.32,1816.11,46.8207950950573,31
Uttar Pradesh,Lucknow,Lucknow Market,Potato,2025-08-01,1614.9338709677418,1844.0403225806451,1725.7625806451613,1632.49,1816.06,1726.58,46.01657382347812,31
Uttar Pradesh,Lucknow,Lucknow Market,Potato,2025-09-01,1542.4126666666666,1757.7740000000001,1640.6016666666667,1583.06,1712.36,1636.915,31.678091426675138,30
Uttar Pradesh,Lucknow,Lucknow Market,Potato,2025-10-01,1487.1290322580646,1689.2522580645161,1583.0090322580645,1509.81,1696.38,1587.81,41.56665060316492,31
Uttar Pradesh,Lucknow,Lucknow Market,Potato,2025-11-01,1454.4663333333333,1640.2069999999999,1551.948,1493.63,1604.71,1550.8000000000002,29.008596751949955,30
Uttar Pradesh,Lucknow,Lucknow Market,Potato,2025-12-01,1467.3638709677418,1666.9293548387095,1564.149677419355,1476.27,1633.13,1569.86,40.1790738638802,31
Uttar Pradesh,Lucknow,Lucknow Market,Potato,2026-01-01,1532.3022580645163,1745.8632258064517,1631.3774193548386,1545.43,1730.04,1633.57,41.515390236051154,31
Uttar Pradesh,Lucknow,Lucknow Market,Potato,2026-02-01,1621.2617857142857,1835.9639285714286,1722.474642857143,1668.16,1847.6,1709.455,45.500942479627746,28
Uttar Pradesh,Lucknow,Lucknow Market,Potato,2026-03-01,1698.8790322580646,1925.3016129032258,1815.8690322580646,1732.44,1900.19,1815.67,40.53836646559561,31
Uttar Pradesh,Lucknow,Lucknow Market,Potato,2026-04-01,1749.9606666666666,2000.1296666666667,1876.376,1755.82,1981.55,1873.2649999999999,51.02738234483047,30
Uttar Pradesh,Lucknow,Lucknow Market,Potato,2026-05-01,1780.2970967741935,2023.7677419354836,1898.1061290322582,1801.19,1970.62,1906.57,41.476660398945604,31
Uttar Pradesh,Lucknow,Lucknow Market,Potato,2026-06-01,1772.8643333333334,2014.4193333333335,1892.9153333333334,1816.15,1952.15,1896.725,29.1923083555658,30
Uttar Pradesh,Lucknow,Lucknow Market,Potato,2026-07-01,1716.3219354838711,1948.6025806451612,1831.313870967742,1754.97,1930.03,1828.67,44.41772361549832,31
Uttar Pradesh,Lucknow,Lucknow Market,Potato,2026-08-01,1628.7854838709677,1849.4529032258065,1743.4977419354839,1610.27,1844.16,1749.78,51.00358887435776,31
Uttar Pradesh,Lucknow,Lucknow Market,Rice,2023-01-01,3269.2512903225806,3728.195806451613,3491.308387096774,3263.03,3666.76,3502.89,106.07270488040345,31
Uttar Pradesh,Lucknow,Lucknow Market,Rice,2023-02-01,3417.5760714285716,3917.3935714285717,3654.2946428571427,3425.01,3837.01,3648.9849999999997,95.47738884861272,28
Uttar Pradesh,Lucknow,Lucknow Market,Rice,2023-03-01,3523.0187096774193,4006.0838709677423,3762.9596774193546,3597.0,3924.16,3756.24,78.51384427746366,31
Uttar Pradesh,Lucknow,Lucknow Market,Rice,2023-04-01,3530.3813333333333,4040.2690000000002,3781.7336666666665,3566.34,3945.6,3788.175,78.01115859543614,30
Uttar Pradesh,Lucknow,Lucknow Market,Rice,2023-05-01,3462.124838709677,3940.915483870968,3693.6290322580644,3478.48,3966.11,3696.96,98.12142811689469,31
Uttar Pradesh,Lucknow,Lucknow Market,Rice,2023-06-01,3330.788333333333,3764.0703333333336,3542.750666666667,3383.55,3666.8,3533.0699999999997,78.192259778033,30
Uttar Pradesh,Lucknow,Lucknow Market,Rice,2023-07-01,3088.893870967742,3522.344193548387,3305.913870967742,3076.34,3615.95,3292.31,118.90724641998389,31
Uttar Pradesh,Lucknow,Lucknow Market,Rice,2023-08-01,2882.6619354838713,3310.376451612903,3095.907419354839,2858.15,3265.8,3084.8,87.41025176212604,31
Uttar Pradesh,Lucknow,Lucknow Market,Rice,2023-09-01,2775.874333333333,3164.775666666667,2977.173333333333,2795.69,3172.29,2975.125,90.69286362577644,30
Uttar Pradesh,Lucknow,Lucknow Market,Rice,2023-10-01,2793.453548387097,3156.4487096774196,2969.0574193548387,2790.45,3129.61,2974.39,75.70886936010176,31
Uttar Pradesh,Lucknow,Lucknow Market,Rice,2023-11-01,2870.855,3283.677666666667,3084.286,2929.58,3210.15,3089.885,78.57522903518036,30
Uttar Pradesh,Lucknow,Lucknow Market,Rice,2023-12-01,3066.183225806452,3493.519677419355,3284.342258064516,3056.74,3466.52,3283.42,101.20447986493083,31
Uttar Pradesh,Lucknow,Lucknow Market,Rice,2024-01-01,3278.592258064516,3748.547419354839,3510.7370967741936,3285.92,3691.32,3508.34,101.79684845133315,31
Uttar Pradesh,Lucknow,Lucknow Market,Rice,2024-02-01,3488.3006896551724,3956.103793103448,3708.7710344827588,3471.24,3921.55,3705.43,87.96122194892911,29
Uttar Pradesh,Lucknow,Lucknow Market,Rice,2024-03-01,3593.7722580645163,4104.823225806452,3822.4974193548387,3617.86,4058.88,3832.47,101.19216860237569,31
Uttar Pradesh,Lucknow,Lucknow Market,Rice,2024-04-01,3563.0783333333334,4050.7509999999997,3792.1293333333333,3598.01,3935.91,3809.8,83.94545926120553,30
Uttar Pradesh,Lucknow,Lucknow Market,Rice,2024-05-01,3437.267741935484,3931.4974193548387,3692.0425806451617,3517.13,3963.27,3687.97,92.55192812570117,31
Uttar Pradesh,Lucknow,Lucknow Market,Rice,2024-06-01,3303.4416666666666,3757.711333333333,3540.771333333333,3383.37,3784.77,3525.1400000000003,99.49623991278091,30
Uttar Pradesh,Lucknow,Lucknow Market,Rice,2024-07-01,3077.675806451613,3489.255806451613,3276.762258064516,3117.78,3480.01,3262.06,91.30913903546474,31
Uttar Pradesh,Lucknow,Lucknow Market,Rice,2024-08-01,2908.2477419354836,3303.8841935483874,3108.445806451613,2876.37,3267.34,3110.47,95.26268310218845,31
Uttar Pradesh,Lucknow,Lucknow Market,Rice,2024-09-01,2806.7090000000003,3205.716,3005.5773333333336,2808.32,3130.72,3003.02,81.61115106926607,30
Uttar Pradesh,Lucknow,Lucknow Market,Rice,2024-10-01,2787.943870967742,3183.013225806452,2989.7629032258064,2891.85,3145.49,2981.89,70.0769377276883,31
Uttar Pradesh,Lucknow,Lucknow Market,Rice,2024-11-01,2923.1813333333334,3300.2476666666666,3111.862,2933.62,3347.74,3110.1800000000003,87.27189058062874,30
Uttar Pradesh,Lucknow,Lucknow Market,Rice,2024-12-01,3075.1764516129033,3483.0548387096774,3273.9919354838707,3083.55,3466.93,3252.82,91.06022865552062,31
Uttar Pradesh,Lucknow,Lucknow Market,Rice,2025-01-01,3299.296774193548,3736.596129032258,3533.480322580645,3375.11,3708.83,3532.65,91.39771421225927,31
Uttar Pradesh,Lucknow,Lucknow Market,Rice,2025-02-01,3513.255357142857,3943.128928571429,3716.683928571428,3484.16,3891.13,3719.505,94.22007057315078,28
Uttar Pradesh,Lucknow,Lucknow Market,Rice,2025-03-01,3578.373225806452,4116.504516129032,3841.0709677419354,3668.98,4009.09,3824.0,85.8040816960297,31
Uttar Pradesh,Lucknow,Lucknow Market,Rice,2025-04-01,3645.6566666666668,4117.461,3866.3996666666667,3725.69,3992.63,3873.23,74.83551316667472,30
Uttar Pradesh,Lucknow,Lucknow Market,Rice,2025-05-01,3470.4732258064514,3967.214193548387,3735.262258064516,3581.85,4008.97,3711.05,97.95392065352888,31
Uttar Pradesh,Lucknow,Lucknow Market,Rice,2025-06-01,3297.2889999999998,3787.527666666667,3538.6403333333337,3390.11,3664.36,3539.635,81.2995234529587,30
Uttar Pradesh,Lucknow,Lucknow Market,Rice,2025-07-01,3122.690322580645,3528.2361290322583,3318.9893548387095,3079.35,3536.45,3338.54,116.49353423932989,31
Uttar Pradesh,Lucknow,Lucknow Market,Rice,2025-08-01,2906.5987096774193,3312.6658064516128,3115.0348387096774,2958.02,3287.86,3118.61,90.3340038918889,31
Uttar Pradesh,Lucknow,Lucknow Market,Rice,2025-09-01,2806.065,3198.7913333333336,3013.06,2801.44,3213.33,3014.295,95.13242280613663,30
Uttar Pradesh,Lucknow,Lucknow Market,Rice,2025-10-01,2825.5674193548384,3221.4283870967743,3031.155483870968,2863.81,3225.92,3031.23,94.15497444244816,31
Uttar Pradesh,Lucknow,Lucknow Market,Rice,2025-11-01,2900.124333333333,3319.5226666666663,3111.4103333333333,2937.87,3351.45,3110.4849999999997,99.13179647468735,30
Uttar Pradesh,Lucknow,Lucknow Market,Rice,2025-12-01,3113.9622580645164,3520.940322580645,3315.7748387096776,3087.51,3538.61,3318.39,103.3995127284124,31
Uttar Pradesh,Lucknow,Lucknow Market,Rice,2026-01-01,3310.412258064516,3773.915483870968,3552.4358064516127,3394.94,3705.17,3556.87,73.13803446334386,31
Uttar Pradesh,Lucknow,Lucknow Market,Rice,2026-02-01,3483.375357142857,3981.772857142857,3723.9542857142856,3570.83,3894.48,3722.94,81.15967546567151,28
Uttar Pradesh,Lucknow,Lucknow Market,Rice,2026-03-01,3593.1493548387098,4110.230967741935,3839.7235483870963,3665.34,4055.23,3829.53,99.46356818950967,31
Uttar Pradesh,Lucknow,Lucknow Market,Rice,2026-04-01,3569.4049999999997,4092.814,3820.7226666666666,3667.19,3982.55,3818.48,85.76927936212859,30
Uttar Pradesh,Lucknow,Lucknow Market,Rice,2026-05-01,3547.5051612903226,4044.394193548387,3781.0709677419354,3612.25,3994.01,3767.75,95.11414932787662,31
Uttar Pradesh,Lucknow,Lucknow Market,Rice,2026-06-01,3342.8399999999997,3784.7086666666664,3570.7386666666666,3398.6,3762.32,3569.92,84.44596063238572,30
Uttar Pradesh,Lucknow,Lucknow Market,Rice,2026-07-01,3129.67,3572.5032258064516,3353.8829032258063,3134.18,3575.24,3359.81,100.95143242152135,31
Uttar Pradesh,Lucknow,Lucknow Market,Rice,2026-08-01,2959.2445161290325,3394.3500000000004,3173.998387096774,2953.61,3446.23,3159.46,95.52983401698036,31
Uttar Pradesh,Lucknow,Lucknow Market,Tomato,2023-01-01,1696.4403225806452,1936.8851612903227,1810.5109677419355,1701.58,1952.37,1809.11,53.32308382897837,31
Uttar Pradesh,Lucknow,Lucknow Market,Tomato,2023-02-01,1774.3364285714285,2026.1775,1902.1789285714287,1827.01,1972.19,1903.4,40.062335534004426,28
Uttar Pradesh,Lucknow,Lucknow Market,Tomato,2023-03-01,1868.383870967742,2130.4754838709678,1993.8593548387096,1881.34,2117.21,1996.29,53.728237264681304,31
Uttar Pradesh,Lucknow,Lucknow Market,Tomato,2023-04-01,1936.1546666666666,2216.9736666666668,2075.595,1988.18,2162.3,2081.515,51.01228220935539,30
Uttar Pradesh,Lucknow,Lucknow Market,Tomato,2023-05-01,2023.305806451613,2302.7400000000002,2156.4490322580646,2013.85,2255.51,2161.91,56.154137357505405,31
Uttar Pradesh,Lucknow,Lucknow Market,Tomato,2023-06-01,2004.7263333333333,2293.2053333333333,2147.855666666667,2072.49,2204.98,2150.13,38.97052225352697,30
Uttar Pradesh,Lucknow,Lucknow Market,Tomato,2023-07-01,1958.9516129032259,2243.924193548387,2102.8425806451614,1920.01,2219.75,2099.48,58.21906640541637,31
Uttar Pradesh,Lucknow,Lucknow Market,Tomato,2023-08-01,1902.8948387096773,2144.295806451613,2021.4512903225807,1914.27,2145.42,2022.18,52.728291820232286,31
Uttar Pradesh,Lucknow,Lucknow Market,Tomato,2023-09-01,1790.339,2047.4796666666666,1920.4823333333334,1825.58,2075.78,1898.68,58.1910426620107,30
Uttar Pradesh,Lucknow,Lucknow Market,Tomato,2023-10-01,1705.6045161290322,1956.850322580645,1829.961935483871,1677.83,1972.09,1832.72,59.77368258240712,31
Uttar Pradesh,Lucknow,Lucknow Market,Tomato,2023-11-01,1661.8233333333333,1890.619,1779.9483333333333,1679.67,1877.84,1787.8049999999998,48.75157483456894,30
Uttar Pradesh,Lucknow,Lucknow Market,Tomato,2023-12-01,1658.3993548387095,1901.617741935484,1782.8396774193548,1628.56,1902.08,1779.2,55.295755080227195,31
Uttar Pradesh,Lucknow,Lucknow Market,Tomato,2024-01-01,1722.272258064516,1952.4783870967742,1835.4264516129033,1724.83,1939.28,1837.36,56.47625333113541,31
Uttar Pradesh,Lucknow,Lucknow Market,Tomato,2024-02-01,1805.0258620689656,2057.462068965517,1929.4575862068964,1808.25,2007.64,1931.6,49.84844442731045,29
Uttar Pradesh,Lucknow,Lucknow Market,Tomato,2024-03-01,1890.4312903225807,2164.1374193548386,2028.9687096774194,1905.27,2172.37,2039.32,63.67677948001321,31
Uttar Pradesh,Lucknow,Lucknow Market,Tomato,2024-04-01,1966.4213333333332,2254.875333333333,2105.6806666666666,1985.7,2219.44,2101.81,61.303980741161176,30
Uttar Pradesh,Lucknow,Lucknow Market,Tomato,2024-05-01,2031.3925806451612,2314.334516129032,2170.842258064516,2045.23,2268.3,2173.13,57.36037730638791,31
Uttar Pradesh,Lucknow,Lucknow Market,Tomato,2024-06-01,2035.698,2317.5156666666667,2173.4566666666665,2097.92,2235.3,2175.955,37.24785819654441,30
Uttar Pradesh,Lucknow,Lucknow Market,Tomato,2024-07-01,1980.3574193548388,2269.641612903226,2118.011612903226,2013.45,2223.72,2104.55,49.856279116193924,31
Uttar Pradesh,Lucknow,Lucknow Market,Tomato,2024-08-01,1907.672258064516,2168.0416129032255,2049.276129032258,1971.5,2142.25,2053.23,44.299250383229804,31
Uttar Pradesh,Lucknow,Lucknow Market,Tomato,2024-09-01,1841.1036666666666,2085.0280000000002,1953.2793333333332,1820.35,2080.14,1961.225,55.66721835641003,30
Uttar Pradesh,Lucknow,Lucknow Market,Tomato,2024-10-01,1736.9341935483872,1984.9703225806452,1858.6490322580646,1754.05,1961.74,1859.46,55.968612653572144,31
Uttar Pradesh,Lucknow,Lucknow Market,Tomato,2024-11-01,1698.9426666666666,1938.5916666666667,1819.908,1694.64,1910.65,1833.4850000000001,54.254861812973175,30
Uttar Pradesh,Lucknow,Lucknow Market,Tomato,2024-12-01,1703.2454838709677,1941.2893548387096,1818.6748387096773,1709.35,1896.44,1818.52,43.99799115648865,31
Uttar Pradesh,Lucknow,Lucknow Market,Tomato,2025-01-01,1756.0229032258064,1993.0248387096774,1873.3654838709679,1736.69,2002.14,1867.3,49.71073518122674,31
Uttar Pradesh,Lucknow,Lucknow Market,Tomato,2025-02-01,1830.8507142857143,2096.0185714285717,1962.2292857142857,1835.62,2064.55,1954.24,59.88973398261127,28
Uttar Pradesh,Lucknow,Lucknow Market,Tomato,2025-03-01,1926.0477419354838,2186.1374193548386,2056.7716129032256,1948.2,2182.84,2055.63,62.8821059919156,31
Uttar Pradesh,Lucknow,Lucknow Market,Tomato,2025-04-01,1995.6296666666667,2264.484,2141.9146666666666,2038.15,2237.92,2157.37,54.68804204749435,30
Uttar Pradesh,Lucknow,Lucknow Market,Tomato,2025-05-01,2055.724516129032,2345.180322580645,2192.902258064516,2089.18,2301.36,2190.82,47.97982087709225,31
Uttar Pradesh,Lucknow,Lucknow Market,Tomato,2025-06-01,2076.2916666666665,2343.6096666666667,2202.724333333333,2103.88,2322.98,2204.4049999999997,53.429356110361475,30
Uttar Pradesh,Lucknow,Lucknow Market,Tomato,2025-07-01,2025.412258064516,2312.341935483871,2158.836129032258,2036.39,2224.91,2159.29,43.228226710288936,31
Uttar Pradesh,Lucknow,Lucknow Market,Tomato,2025-08-01,1949.2225806451613,2201.8645161290324,2076.7496774193546,1976.86,2212.93,2064.38,51.388502441945114,31
Uttar Pradesh,Lucknow,Lucknow Market,Tomato,2025-09-01,1824.7053333333336,2112.588,1967.2873333333334,1857.01,2094.99,1965.43,52.08501663780973,30
Uttar Pradesh,Lucknow,Lucknow Market,Tomato,2025-10-01,1771.2148387096775,2022.983870967742,1898.787419354839,1790.13,2021.6,1896.93,59.386893950755294,31
Uttar Pradesh,Lucknow,Lucknow Market,Tomato,2025-11-01,1717.4356666666667,1951.4393333333333,1837.9436666666666,1720.86,1944.3,1842.77,55.87006023730013,30
Uttar Pradesh,Lucknow,Lucknow Market,Tomato,2025-12-01,1716.9564516129033,1944.1832258064517,1832.825483870968,1689.58,1934.59,1844.65,58.67516151596628,31
Uttar Pradesh,Lucknow,Lucknow Market,Tomato,2026-01-01,1782.1329032258066,2011.6909677419355,1896.2129032258065,1757.57,1979.17,1902.03,50.17268474602151,31
Uttar Pradesh,Lucknow,Lucknow Market,Tomato,2026-02-01,1856.9067857142857,2111.0299999999997,1975.0464285714286,1881.0,2087.15,1969.3000000000002,52.18074522232959,28
Uttar Pradesh,Lucknow,Lucknow Market,Tomato,2026-03-01,1944.256129032258,2204.875483870968,2068.4793548387097,1943.26,2161.29,2071.86,55.51981189542362,31
Uttar Pradesh,Lucknow,Lucknow Market,Tomato,2026-04-01,2023.1346666666666,2313.3203333333336,2168.391,1989.06,2235.83,2179.16,55.39354215753519,30
Uttar Pradesh,Lucknow,Lucknow Market,Tomato,2026-05-01,2093.8890322580646,2388.8187096774195,2242.2487096774194,2114.07,2372.56,2230.8,57.07258417967636,31
Uttar Pradesh,Lucknow,Lucknow Market,Tomato,2026-06-01,2083.2006666666666,2393.4593333333332,2234.75,2163.85,2316.76,2237.655,43.57529717784992,30
Uttar Pradesh,Lucknow,Lucknow Market,Tomato,2026-07-01,2037.8480645161292,2334.095483870968,2191.1448387096775,2101.33,2268.15,2199.53,37.62823052540635,31
Uttar Pradesh,Lucknow,Lucknow Market,Tomato,2026-08-01,1960.4306451612904,2237.335806451613,2101.3787096774195,1957.4,2220.32,2090.39,55.29817252808863,31
Uttar Pradesh,Lucknow,Lucknow Market,Wheat,2023-01-01,3091.7364516129032,3497.38,3289.363548387097,3073.62,3553.16,3285.39,116.87242770212853,31
Uttar Pradesh,Lucknow,Lucknow Market,Wheat,2023-02-01,3270.3760714285713,3712.287857142857,3475.5446428571427,3313.71,3679.2,3465.555,99.11212656986542,28
Uttar Pradesh,Lucknow,Lucknow Market,Wheat,2023-03-01,3438.5983870967743,3919.6306451612904,3685.395806451613,3476.66,3949.26,3679.63,108.5680783279689,31
Uttar Pradesh,Lucknow,Lucknow Market,Wheat,2023-04-01,3497.358333333333,3998.162333333333,3744.902,3548.41,3930.88,3747.135,96.81464599233263,30
Uttar Pradesh,Lucknow,Lucknow Market,Wheat,2023-05-01,3500.1583870967743,3971.2948387096776,3729.2525806451613,3590.34,3918.64,3735.48,85.74481329183484,31
Uttar Pradesh,Lucknow,Lucknow Market,Wheat,2023-06-01,3302.2543333333333,3792.8706666666667,3543.824,3350.25,3765.93,3548.4,102.92217399904473,30
Uttar Pradesh,Lucknow,Lucknow Market,Wheat,2023-07-01,3134.3851612903227,3582.9632258064516,3362.837741935484,3070.28,3655.09,3335.04,133.28625002126512,31
Uttar Pradesh,Lucknow,Lucknow Market,Wheat,2023-08-01,2927.8706451612907,3344.652258064516,3147.900967741936,2942.42,3333.15,3160.74,105.25766912216991,31
Uttar Pradesh,Lucknow,Lucknow Market,Wheat,2023-09-01,2766.1496666666667,3149.614666666667,2962.275666666667,2737.86,3157.32,2964.5550000000003,96.3194181619546,30
Uttar Pradesh,Lucknow,Lucknow Market,Wheat,2023-10-01,2684.063870967742,3067.9825806451613,2875.127419354839,2753.56,3060.3,2856.04,79.97145936594053,31
Uttar Pradesh,Lucknow,Lucknow Market,Wheat,2023-11-01,2752.847333333333,3141.7716666666665,2944.8213333333333,2752.33,3158.75,2931.37,98.86851274270295,30
Uttar Pradesh,Lucknow,Lucknow Market,Wheat,2023-12-01,2903.824516129032,3326.0935483870967,3126.2212903225804,2923.55,3386.2,3122.81,108.51791172403857,31
Uttar Pradesh,Lucknow,Lucknow Market,Wheat,2024-01-01,3097.8348387096776,3495.785806451613,3293.7509677419353,3117.17,3436.07,3292.64,77.77080996341479,31
Uttar Pradesh,Lucknow,Lucknow Market,Wheat,2024-02-01,3283.5289655172414,3737.6389655172416,3507.403448275862,3298.45,3687.58,3504.7,90.7201611422993,29
Uttar Pradesh,Lucknow,Lucknow Market,Wheat,2024-03-01,3429.3677419354835,3943.9064516129033,3702.87,3535.52,3914.57,3677.05,91.59297756924393,31
Uttar Pradesh,Lucknow,Lucknow Market,Wheat,2024-04-01,3528.613,3994.8713333333335,3757.152,3635.07,3955.18,3756.6,83.54483794697441,30
Uttar Pradesh,Lucknow,Lucknow Market,Wheat,2024-05-01,3470.11064516129,3940.0377419354836,3698.652258064516,3549.43,3898.45,3689.59,82.5022437153349,31
Uttar Pradesh,Lucknow,Lucknow Market,Wheat,2024-06-01,3325.4126666666666,3804.4573333333333,3566.287,3392.23,3847.81,3553.525,101.82241871394837,30
Uttar Pradesh,Lucknow,Lucknow Market,Wheat,2024-07-01,3152.2112903225807,3582.5129032258064,3355.6454838709674,3224.3,3529.84,3342.47,80.2518964610271,31
Uttar Pradesh,Lucknow,Lucknow Market,Wheat,2024-08-01,2912.031935483871,3326.0848387096776,3124.766129032258,2961.25,3428.61,3117.48,99.0397117213568,31
Uttar Pradesh,Lucknow,Lucknow Market,Wheat,2024-09-01,2814.4436666666666,3203.0913333333333,2997.8070000000002,2809.87,3227.44,2994.375,93.08521965530207,30
Uttar Pradesh,Lucknow,Lucknow Market,Wheat,2024-10-01,2705.782580645161,3100.4806451612903,2911.835806451613,2811.63,3088.65,2919.42,66.75575934075873,31
Uttar Pradesh,Lucknow,Lucknow Market,Wheat,2024-11-01,2760.2786666666666,3138.531,2944.7283333333335,2745.77,3084.96,2949.75,81.40130025579028,30
Uttar Pradesh,Lucknow,Lucknow Market,Wheat,2024-12-01,2911.030967741935,3316.2512903225806,3107.2877419354836,2952.62,3311.92,3093.89,82.30560481966695,31
Uttar Pradesh,Lucknow,Lucknow Market,Wheat,2025-01-01,3090.7448387096774,3523.0229032258067,3298.2425806451615,3027.15,3473.68,3301.87,89.38236294958631,31
Uttar Pradesh,Lucknow,Lucknow Market,Wheat,2025-02-01,3270.4814285714283,3729.2492857142856,3487.2125,3310.38,3649.6,3479.23,95.19364095728095,28
Uttar Pradesh,Lucknow,Lucknow Market,Wheat,2025-03-01,3455.7493548387097,3913.22,3683.574838709678,3475.98,3985.23,3679.33,96.83405275249552,31
Uttar Pradesh,Lucknow,Lucknow Market,Wheat,2025-04-01,3493.1916666666666,3996.5413333333336,3732.053,3492.47,3871.79,3750.685,87.21709821889358,30
Uttar Pradesh,Lucknow,Lucknow Market,Wheat,2025-05-01,3476.5183870967744,3976.2148387096777,3724.389677419355,3579.35,3895.49,3747.74,86.47404753195677,31
Uttar Pradesh,Lucknow,Lucknow Market,Wheat,2025-06-01,3329.0326666666665,3786.9333333333334,3553.6220000000003,3378.34,3757.63,3533.745,86.19178644763365,30
Uttar Pradesh,Lucknow,Lucknow Market,Wheat,2025-07-01,3137.0354838709677,3578.9487096774196,3358.361935483871,3131.01,3500.12,3366.68,95.74389830582246,31
Uttar Pradesh,Lucknow,Lucknow Market,Wheat,2025-08-01,2963.6774193548385,3381.1390322580646,3168.501612903226,2980.13,3328.7,3156.23,86.12005616567218,31
Uttar Pradesh,Lucknow,Lucknow Market,Wheat,2025-09-01,2770.4230000000002,3147.099,2955.537333333333,2737.66,3142.32,2970.295,87.26977218642922,30
Uttar Pradesh,Lucknow,Lucknow Market,Wheat,2025-10-01,2717.0190322580643,3082.2638709677417,2898.9929032258065,2749.08,3096.5,2890.04,92.34159634002265,31
Uttar Pradesh,Lucknow,Lucknow Market,Wheat,2025-11-01,2779.3063333333334,3152.7596666666664,2965.573,2839.17,3151.24,2962.915,64.3908579477039,30
Uttar Pradesh,Lucknow,Lucknow Market,Wheat,2025-12-01,2900.391290322581,3285.284516129032,3089.7248387096774,2913.6,3332.4,3095.6,109.16472366324706,31
Uttar Pradesh,Lucknow,Lucknow Market,Wheat,2026-01-01,3126.730322580645,3573.4793548387097,3349.0554838709677,3222.9,3547.47,3331.91,81.39789619880496,31
Uttar Pradesh,Lucknow,Lucknow Market,Wheat,2026-02-01,3295.7982142857145,3756.246428571428,3523.934642857143,3356.45,3683.81,3522.5699999999997,87.43115503204858,28
Uttar Pradesh,Lucknow,Lucknow Market,Wheat,2026-03-01,3427.6551612903227,3907.0748387096774,3667.676774193548,3434.49,3881.89,3667.57,99.50800223724376,31
Uttar Pradesh,Lucknow,Lucknow Market,Wheat,2026-04-01,3520.7386666666666,4021.0576666666666,3778.1240000000003,3610.75,3917.79,3783.81,72.8806108551561,30
Uttar Pradesh,Lucknow,Lucknow Market,Wheat,2026-05-01,3481.903870967742,3939.1787096774196,3716.0558064516126,3544.65,3841.33,3737.75,78.11718567955855,31
Uttar Pradesh,Lucknow,Lucknow Market,Wheat,2026-06-01,3340.937,3803.5263333333332,3573.3346666666666,3402.1,3777.06,3571.42,90.70945457825806,30
Uttar Pradesh,Lucknow,Lucknow Market,Wheat,2026-07-01,3197.702258064516,3657.6987096774196,3413.965483870968,3259.09,3574.64,3420.35,101.07773991137385,31
Uttar Pradesh,Lucknow,Lucknow Market,Wheat,2026-08-01,2936.824193548387,3352.2132258064516,3145.2951612903225,3003.98,3291.46,3138.5,87.48098413830557,31
Uttar Pradesh,Varanasi,Varanasi Market,Onion,2023-01-01,3215.592580645161,3672.6496774193547,3437.0996774193545,3328.89,3596.44,3424.85,66.60162623058945,31
Uttar Pradesh,Varanasi,Varanasi Market,Onion,2023-02-01,3136.058571428571,3580.5235714285714,3354.7757142857145,3213.07,3499.65,3357.3,79.05868361556773,28
Uttar Pradesh,Varanasi,Varanasi Market,Onion,2023-03-01,3008.6619354838713,3473.561935483871,3242.574193548387,3061.7,3457.17,3234.86,103.29320206009663,31
Uttar Pradesh,Varanasi,Varanasi Market,Onion,2023-04-01,2881.961666666667,3317.805,3096.5706666666665,2976.64,3247.69,3096.585,70.63857161310844,30
Uttar Pradesh,Varanasi,Varanasi Market,Onion,2023-05-01,2729.141612903226,3070.764838709677,2908.9490322580646,2706.56,3112.47,2911.83,97.72138869782934,31
Uttar Pradesh,Varanasi,Varanasi Market,Onion,2023-06-01,2571.741666666667,2966.457,2778.2563333333333,2637.47,2916.86,2791.69,76.28863970579708,30
Uttar Pradesh,Varanasi,Varanasi Market,Onion,2023-07-01,2540.892258064516,2902.7745161290322,2723.967741935484,2558.75,2862.96,2714.37,81.76544012028872,31
Uttar Pradesh,Varanasi,Varanasi Market,Onion,2023-08-01,2578.1470967741934,2960.3787096774195,2769.187741935484,2520.89,2955.76,2767.38,93.69164693146976,31
Uttar Pradesh,Varanasi,Varanasi Market,Onion,2023-09-01,2689.7906666666668,3066.025666666667,2883.244,2732.92,3001.03,2881.4700000000003,79.94296296908115,30
Uttar Pradesh,Varanasi,Varanasi Market,Onion,2023-10-01,2845.545483870968,3244.026129032258,3053.297419354839,2867.59,3244.99,3063.35,86.1868877485719,31
Uttar Pradesh,Varanasi,Varanasi Market,Onion,2023-11-01,3048.4086666666667,3438.014666666667,3235.5136666666667,3056.13,3377.93,3223.755,74.99760251263827,30
Uttar Pradesh,Varanasi,Varanasi Market,Onion,2023-12-01,3162.1025806451617,3580.114193548387,3375.062903225806,3232.68,3509.52,3368.54,76.24003839600066,31
Uttar Pradesh,Varanasi,Varanasi Market,Onion,2024-01-01,3188.449677419355,3636.2545161290323,3412.407419354839,3281.93,3524.35,3414.62,68.5104714608282,31
Uttar Pradesh,Varanasi,Varanasi Market,Onion,2024-02-01,3150.560344827586,3613.6403448275864,3379.8231034482756,3197.79,3551.56,3395.59,80.54952469946885,29
Uttar Pradesh,Varanasi,Varanasi Market,Onion,2024-03-01,3032.523870967742,3485.5574193548387,3260.087419354839,3085.0,3411.93,3286.18,89.49213164547834,31
Uttar Pradesh,Varanasi,Varanasi Market,Onion,2024-04-01,2886.598,3293.510333333333,3093.203666666667,2931.09,3288.95,3112.6099999999997,99.58354550008664,30
Uttar Pradesh,Varanasi,Varanasi Market,Onion,2024-05-01,2700.0167741935484,3100.2145161290323,2902.5370967741933,2740.41,3071.73,2894.9,81.1822334912244,31
Uttar Pradesh,Varanasi,Varanasi Market,Onion,2024-06-01,2612.3783333333336,2977.6953333333336,2796.351666666667,2688.13,2928.16,2796.09,69.9187210923899,30
Uttar Pradesh,Varanasi,Varanasi Market,Onion,2024-07-01,2552.563225806452,2899.82935483871,2727.5129032258064,2550.98,2898.24,2711.74,90.78884190595033,31
Uttar Pradesh,Varanasi,Varanasi Market,Onion,2024-08-01,2616.625483870968,2959.193870967742,2782.4103225806452,2639.79,3019.5,2771.54,87.8837045753789,31
Uttar Pradesh,Varanasi,Varanasi Market,Onion,2024-09-01,2717.7573333333335,3092.527666666667,2903.1513333333337,2660.81,3103.03,2901.885,93.39046553761987,30
Uttar Pradesh,Varanasi,Varanasi Market,Onion,2024-10-01,2843.952580645161,3253.5051612903226,3045.719677419355,2881.47,3228.59,3031.3,87.2905041984857,31
Uttar Pradesh,Varanasi,Varanasi Market,Onion,2024-11-01,3032.423666666667,3466.89,3243.3553333333334,3033.8,3421.87,3254.3999999999996,80.08206974543423,30
Uttar Pradesh,Varanasi,Varanasi Market,Onion,2024-12-01,3146.359032258065,3591.681612903226,3373.7103225806454,3190.11,3545.19,3364.32,93.73030016964893,31
Uttar Pradesh,Varanasi,Varanasi Market,Onion,2025-01-01,3195.6390322580646,3640.11064516129,3415.2851612903223,3295.58,3543.26,3410.36,66.24768755063423,31
Uttar Pradesh,Varanasi,Varanasi Market,Onion,2025-02-01,3200.7667857142856,3614.340357142857,3407.477142857143,3296.72,3590.83,3396.79,71.07281226591672,28
Uttar Pradesh,Varanasi,Varanasi Market,Onion,2025-03-01,3095.4374193548388,3491.5577419354836,3289.7903225806454,3101.62,3423.67,3318.61,96.63893140564925,31
Uttar Pradesh,Varanasi,Varanasi Market,Onion,2025-04-01,2898.561666666667,3341.2956666666664,3123.844,2929.65,3290.6,3115.8999999999996,103.10064291581887,30
Uttar Pradesh,Varanasi,Varanasi Market,Onion,2025-05-01,2748.050322580645,3126.697741935484,2932.8683870967743,2762.12,3094.95,2966.39,103.25324088849942,31
Uttar Pradesh,Varanasi,Varanasi Market,Onion,2025-06-01,2603.478666666667,2965.953666666667,2779.5713333333333,2573.67,3015.61,2779.9849999999997,94.49502200839916,30
Uttar Pradesh,Varanasi,Varanasi Market,Onion,2025-07-01,2555.8303225806453,2931.331935483871,2752.68,2549.17,2925.88,2750.32,95.92489298056748,31
Uttar Pradesh,Varanasi,Varanasi Market,Onion,2025-08-01,2586.4119354838713,2941.5222580645163,2763.3758064516132,2605.21,2942.01,2763.81,71.81152673372122,31
Uttar Pradesh,Varanasi,Varanasi Market,Onion,2025-09-01,2697.721,3082.9506666666666,2889.2309999999998,2750.9,3048.59,2880.4449999999997,74.71302140812548,30
Uttar Pradesh,Varanasi,Varanasi Market,Onion,2025-10-01,2897.4332258064514,3259.7619354838707,3068.9548387096775,2889.73,3270.97,3064.72,92.35236224630698,31
Uttar Pradesh,Varanasi,Varanasi Market,Onion,2025-11-01,3019.286,3478.484,3252.56,3102.89,3400.67,3262.535,79.75444620618444,30
Uttar Pradesh,Varanasi,Varanasi Market,Onion,2025-12-01,3151.5751612903227,3588.4151612903224,3378.1048387096776,3187.03,3542.19,3370.46,81.99737958703187,31
Uttar Pradesh,Varanasi,Varanasi Market,Onion,2026-01-01,3192.708064516129,3685.1154838709676,3438.2400000000002,3304.98,3599.86,3433.78,66.67957633338717,31
Uttar Pradesh,Varanasi,Varanasi Market,Onion,2026-02-01,3232.0575,3611.027857142857,3414.842142857143,3273.87,3527.42,3420.585,73.00406038211254,28
Uttar Pradesh,Varanasi,Varanasi Market,Onion,2026-03-01,3078.816774193548,3498.796451612903,3296.1229032258066,3129.56,3472.96,3283.54,88.65995229690996,31
Uttar Pradesh,Varanasi,Varanasi Market,Onion,2026-04-01,2933.438,3319.587,3119.5553333333332,2968.66,3306.47,3114.68,79.21299561323876,30
Uttar Pradesh,Varanasi,Varanasi Market,Onion,2026-05-01,2750.1729032258063,3126.988387096774,2938.862258064516,2690.31,3111.26,2949.43,94.45485834371469,31
Uttar Pradesh,Varanasi,Varanasi Market,Onion,2026-06-01,2631.6873333333333,2995.2889999999998,2822.0736666666667,2578.5,2976.07,2808.0699999999997,88.30313711314552,30
Uttar Pradesh,Varanasi,Varanasi Market,Onion,2026-07-01,2591.271935483871,2940.205806451613,2764.176129032258,2572.92,2958.18,2770.16,93.27095309464144,31
Uttar Pradesh,Varanasi,Varanasi Market,Onion,2026-08-01,2598.282580645161,2959.1712903225807,2787.4845161290323,2597.14,2948.26,2775.73,84.51868621153974,31
Uttar Pradesh,Varanasi,Varanasi Market,Potato,2023-01-01,1447.6596774193547,1641.7506451612905,1544.5693548387096,1459.2,1629.49,1546.3,46.339978343793184,31
Uttar Pradesh,Varanasi,Varanasi Market,Potato,2023-02-01,1538.9535714285714,1745.3417857142856,1641.4382142857141,1532.18,1739.69,1644.68,53.45608755504954,28
Uttar Pradesh,Varanasi,Varanasi Market,Potato,2023-03-01,1613.0409677419354,1826.588387096774,1727.4954838709677,1634.94,1834.4,1727.54,46.615668527417604,31
Uttar Pradesh,Varanasi,Varanasi Market,Potato,2023-04-01,1676.9589999999998,1907.8233333333333,1794.968,1704.62,1865.4,1801.48,47.46087553139841,30
Uttar Pradesh,Varanasi,Varanasi Market,Potato,2023-05-01,1703.4348387096775,1932.9009677419356,1819.3700000000001,1770.5,1903.51,1812.68,36.57221103515618,31
Uttar Pradesh,Varanasi,Varanasi Market,Potato,2023-06-01,1680.2636666666667,1912.4716666666668,1795.5616666666667,1719.01,1855.31,1802.99,41.171485787545045,30
Uttar Pradesh,Varanasi,Varanasi Market,Potato,2023-07-01,1608.7174193548387,1849.0203225806451,1728.6774193548388,1584.6,1806.66,1730.44,50.65597272897125,31
Uttar Pradesh,Varanasi,Varanasi Market,Potato,2023-08-01,1544.8790322580646,1761.031612903226,1652.0658064516128,1579.13,1731.14,1653.47,37.72865390073296,31
Uttar Pradesh,Varanasi,Varanasi Market,Potato,2023-09-01,1453.7993333333332,1663.7216666666668,1556.9943333333333,1469.45,1641.27,1551.5700000000002,45.7517378364743,30
Uttar Pradesh,Varanasi,Varanasi Market,Potato,2023-10-01,1418.9067741935485,1616.4022580645162,1510.3535483870967,1441.73,1619.98,1502.17,40.956318808244845,31
Uttar Pradesh,Varanasi,Varanasi Market,Potato,2023-11-01,1384.255,1586.2713333333334,1482.2649999999999,1393.84,1585.05,1483.6550000000002,43.4612006713241,30
Uttar Pradesh,Varanasi,Varanasi Market,Potato,2023-12-01,1411.0751612903227,1598.4570967741936,1503.59,1384.01,1583.28,1500.12,49.8627321754434,31
Uttar Pradesh,Varanasi,Varanasi Market,Potato,2024-01-01,1479.4709677419355,1691.9193548387098,1578.081935483871,1483.49,1682.17,1577.39,57.891603617989,31
Uttar Pradesh,Varanasi,Varanasi Market,Potato,2024-02-01,1541.1903448275862,1770.2879310344827,1652.2820689655173,1584.39,1767.63,1648.49,48.229694793272465,29
Uttar Pradesh,Varanasi,Varanasi Market,Potato,2024-03-01,1644.6354838709676,1856.5580645161292,1752.8012903225806,1661.24,1820.85,1756.4,42.35159813922308,31
Uttar Pradesh,Varanasi,Varanasi Market,Potato,2024-04-01,1700.0420000000001,1941.4766666666667,1821.5623333333335,1730.88,1946.71,1821.205,40.9628152389316,30
Uttar Pradesh,Varanasi,Varanasi Market,Potato,2024-05-01,1721.1009677419354,1964.023548387097,1839.9735483870968,1762.46,1907.69,1842.51,37.01947438384171,31
Uttar Pradesh,Varanasi,Varanasi Market,Potato,2024-06-01,1721.6526666666666,1947.2613333333331,1828.4186666666667,1746.97,1902.6,1833.7350000000001,43.35018925570857,30
Uttar Pradesh,Varanasi,Varanasi Market,Potato,2024-07-01,1646.7403225806452,1885.1277419354838,1759.288064516129,1673.93,1843.26,1753.01,38.63122988976271,31
Uttar Pradesh,Varanasi,Varanasi Market,Potato,2024-08-01,1571.4048387096775,1783.2203225806452,1680.084193548387,1553.34,1788.4,1671.14,55.02652952738314,31
Uttar Pradesh,Varanasi,Varanasi Market,Potato,2024-09-01,1484.1293333333333,1692.0413333333333,1594.673,1508.62,1665.24,1598.52,43.031070502843534,30
Uttar Pradesh,Varanasi,Varanasi Market,Potato,2024-10-01,1431.8322580645163,1626.3587096774195,1522.3367741935485,1440.39,1660.29,1524.09,44.20264919565322,31
Uttar Pradesh,Varanasi,Varanasi Market,Potato,2024-11-01,1414.536,1610.8736666666666,1512.3286666666668,1449.12,1581.94,1517.375,32.64305552522602,30
Uttar Pradesh,Varanasi,Varanasi Market,Potato,2024-12-01,1432.0332258064516,1646.7193548387097,1540.4529032258065,1464.85,1609.35,1539.74,38.801295098106195,31
Uttar Pradesh,Varanasi,Varanasi Market,Potato,2025-01-01,1492.6741935483872,1701.1267741935485,1595.5225806451613,1537.14,1731.61,1593.38,43.041668258231034,31
Uttar Pradesh,Varanasi,Varanasi Market,Potato,2025-02-01,1560.2857142857142,1784.7103571428572,1681.8714285714286,1576.56,1821.73,1676.16,57.99909263110721,28
Uttar Pradesh,Varanasi,Varanasi Market,Potato,2025-03-01,1651.71,1901.2396774193548,1779.451935483871,1698.2,1881.17,1771.4,47.69913719830121,31
Uttar Pradesh,Varanasi,Varanasi Market,Potato,2025-04-01,1739.6923333333332,1971.2353333333333,1846.0796666666668,1770.26,1912.54,1851.395,43.19188273701226,30
Uttar Pradesh,Varanasi,Varanasi Market,Potato,2025-05-01,1745.9496774193549,1979.8338709677419,1867.5096774193548,1800.53,1959.14,1872.99,45.6396688188299,31
Uttar Pradesh,Varanasi,Varanasi Market,Potato,2025-06-01,1734.215,1982.4496666666666,1858.093,1785.52,1958.7,1860.8200000000002,34.39822681376227,30
Uttar Pradesh,Varanasi,Varanasi Market,Potato,2025-07-01,1687.5570967741937,1912.9338709677418,1793.71,1739.7,1879.48,1778.69,39.10897254254238,31
Uttar Pradesh,Varanasi,Varanasi Market,Potato,2025-08-01,1591.4070967741936,1819.1361290322582,1701.3393548387096,1599.99,1823.42,1705.34,52.76926150298017,31
Uttar Pradesh,Varanasi,Varanasi Market,Potato,2025-09-01,1513.6926666666666,1723.005,1613.925,1511.08,1698.59,1618.495,44.15599000643381,30
Uttar Pradesh,Varanasi,Varanasi Market,Potato,2025-10-01,1458.0125806451613,1659.6580645161291,1558.6283870967743,1480.89,1642.6,1561.34,47.95528320541772,31
Uttar Pradesh,Varanasi,Varanasi Market,Potato,2025-11-01,1441.105,1623.1333333333334,1526.6493333333333,1428.06,1648.33,1522.775,50.01397038851235,30
Uttar Pradesh,Varanasi,Varanasi Market,Potato,2025-12-01,1461.555806451613,1660.8812903225805,1564.0425806451613,1464.04,1677.63,1563.7,44.87430229487269,31
Uttar Pradesh,Varanasi,Varanasi Market,Potato,2026-01-01,1505.7664516129032,1726.845806451613,1616.8045161290324,1543.63,1690.6,1615.16,40.51629456886944,31
Uttar Pradesh,Varanasi,Varanasi Market,Potato,2026-02-01,1618.8728571428571,1845.527142857143,1731.0885714285716,1611.58,1894.84,1727.045,51.68316781042578,28
Uttar Pradesh,Varanasi,Varanasi Market,Potato,2026-03-01,1680.581935483871,1913.7535483870968,1800.2851612903225,1700.46,1893.39,1798.19,42.36785423493983,31
Uttar Pradesh,Varanasi,Varanasi Market,Potato,2026-04-01,1745.839,1994.5823333333333,1867.608,1807.1,1930.3,1872.2150000000001,36.46009820858016,30
Uttar Pradesh,Varanasi,Varanasi Market,Potato,2026-05-01,1775.51,2018.3793548387098,1893.717741935484,1830.25,1988.35,1894.68,34.41997421165767,31
Uttar Pradesh,Varanasi,Varanasi Market,Potato,2026-06-01,1773.5263333333335,2019.0976666666668,1893.0766666666668,1822.9,1964.13,1892.835,39.41636473846118,30
Uttar Pradesh,Varanasi,Varanasi Market,Potato,2026-07-01,1702.2251612903224,1929.9464516129033,1821.6277419354838,1750.67,1894.1,1814.57,39.41904046774667,31
Uttar Pradesh,Varanasi,Varanasi Market,Potato,2026-08-01,1615.9329032258063,1846.0906451612902,1730.0583870967741,1630.23,1811.9,1732.91,40.644404788914834,31
Uttar Pradesh,Varanasi,Varanasi Market,Rice,2023-01-01,3179.3338709677423,3606.6583870967743,3396.797419354839,3215.19,3590.98,3394.94,97.13761403176899,31
Uttar Pradesh,Varanasi,Varanasi Market,Rice,2023-02-01,3061.1621428571425,3511.4757142857147,3283.965357142857,3092.81,3492.43,3278.03,104.83003674315592,28
Uttar Pradesh,Varanasi,Varanasi Market,Rice,2023-03-01,3051.5203225806454,3466.701612903226,3258.3348387096776,3028.18,3498.04,3272.4,88.46226777072694,31
Uttar Pradesh,Varanasi,Varanasi Market,Rice,2023-04-01,3102.442,3518.4303333333332,3311.9356666666663,3145.06,3554.39,3316.385,89.74574628987403,30
Uttar Pradesh,Varanasi,Varanasi Market,Rice,2023-05-01,3177.3674193548386,3646.507741935484,3410.8151612903225,3155.35,3552.52,3422.31,106.46801666450399,31
Uttar Pradesh,Varanasi,Varanasi Market,Rice,2023-06-01,3327.846,3761.9206666666664,3534.6226666666666,3339.01,3742.73,3535.0649999999996,96.75857577366014,30
Uttar Pradesh,Varanasi,Varanasi Market,Rice,2023-07-01,3378.0551612903223,3868.8312903225806,3636.782580645161,3375.62,3860.01,3650.88,93.8677810173344,31
Uttar Pradesh,Varanasi,Varanasi Market,Rice,2023-08-01,3495.630322580645,3984.5509677419354,3744.1451612903224,3478.61,3895.94,3757.19,94.21199693142297,31
Uttar Pradesh,Varanasi,Varanasi Market,Rice,2023-09-01,3519.4919999999997,4002.5333333333333,3747.729,3592.36,3975.07,3739.4,89.21759384050686,30
Uttar Pradesh,Varanasi,Varanasi Market,Rice,2023-10-01,3489.373870967742,3952.001290322581,3726.6370967741937,3473.92,3915.12,3734.47,78.73460675770437,31
Uttar Pradesh,Varanasi,Varanasi Market,Rice,2023-11-01,3396.010333333333,3871.364333333333,3642.2193333333335,3367.7,3878.9,3652.175,129.31129246187632,30
Uttar Pradesh,Varanasi,Varanasi Market,Rice,2023-12-01,3256.800322580645,3723.6961290322583,3504.9451612903226,3256.65,3703.42,3496.67,113.40591312834214,31
Uttar Pradesh,Varanasi,Varanasi Market,Rice,2024-01-01,3191.3712903225805,3666.9622580645164,3427.46935483871,3156.95,3605.87,3427.43,98.70957636539896,31
Uttar Pradesh,Varanasi,Varanasi Market,Rice,2024-02-01,3135.617931034483,3570.727931034483,3343.315172413793,3169.65,3457.22,3344.5,73.89855767105404,29
Uttar Pradesh,Varanasi,Varanasi Market,Rice,2024-03-01,3065.218064516129,3469.2116129032256,3272.0787096774193,3065.91,3474.11,3282.11,91.79936618306738,31
Uttar Pradesh,Varanasi,Varanasi Market,Rice,2024-04-01,3120.457,3555.623666666667,3346.1456666666663,3135.25,3542.94,3353.61,81.02426391300114,30
Uttar Pradesh,Varanasi,Varanasi Market,Rice,2024-05-01,3239.0590322580647,3681.241612903226,3452.608387096774,3321.15,3631.71,3439.82,75.70208240626656,31
Uttar Pradesh,Varanasi,Varanasi Market,Rice,2024-06-01,3340.514,3824.559,3581.8063333333334,3407.58,3864.59,3573.485,115.38566197556908,30
Uttar Pradesh,Varanasi,Varanasi Market,Rice,2024-07-01,3464.8467741935483,3954.621612903226,3690.871612903226,3547.03,3875.8,3681.31,72.46471712020856,31
Uttar Pradesh,Varanasi,Varanasi Market,Rice,2024-08-01,3558.248064516129,4025.087419354839,3790.5206451612903,3567.27,3951.33,3783.98,75.73689721377502,31
Uttar Pradesh,Varanasi,Varanasi Market,Rice,2024-09-01,3550.950333333333,4025.5433333333335,3794.187,3654.84,3995.41,3798.12,71.49112865871234,30
Uttar Pradesh,Varanasi,Varanasi Market,Rice,2024-10-01,3543.1287096774195,4038.337419354839,3780.262580645161,3633.27,3940.65,3781.01,74.59880727231244,31
Uttar Pradesh,Varanasi,Varanasi Market,Rice,2024-11-01,3426.980666666667,3895.597333333333,3654.6586666666667,3425.63,3886.79,3656.495,107.56371198546451,30
Uttar Pradesh,Varanasi,Varanasi Market,Rice,2024-12-01,3342.691612903226,3801.6506451612904,3557.014516129032,3344.49,3806.47,3547.34,110.84990933205451,31
Uttar Pradesh,Varanasi,Varanasi Market,Rice,2025-01-01,3188.663548387097,3633.0770967741937,3424.5532258064513,3287.14,3612.27,3408.87,80.55900125113669,31
Uttar Pradesh,Varanasi,Varanasi Market,Rice,2025-02-01,3167.207142857143,3607.8728571428574,3392.1014285714286,3261.03,3550.35,3373.445,78.29418320545604,28
Uttar Pradesh,Varanasi,Varanasi Market,Rice,2025-03-01,3134.3222580645165,3562.548064516129,3341.5641935483873,3207.43,3475.4,3342.31,57.388073486523496,31
Uttar Pradesh,Varanasi,Varanasi Market,Rice,2025-04-01,3177.964333333333,3628.094,3408.667,3192.89,3583.77,3416.87,97.1263976742287,30
Uttar Pradesh,Varanasi,Varanasi Market,Rice,2025-05-01,3208.8874193548386,3682.6770967741936,3457.684516129032,3282.42,3676.04,3442.91,98.53043715315259,31
Uttar Pradesh,Varanasi,Varanasi Market,Rice,2025-06-01,3369.641,3837.7966666666666,3613.0546666666664,3448.12,3828.81,3614.1949999999997,91.02610840826925,30
Uttar Pradesh,Varanasi,Varanasi Market,Rice,2025-07-01,3457.578064516129,3923.7232258064514,3689.491612903226,3441.56,3866.15,3676.05,81.15590761395723,31
Uttar Pradesh,Varanasi,Varanasi Market,Rice,2025-08-01,3578.976129032258,4050.7912903225806,3809.208064516129,3658.0,3934.68,3804.77,63.46446020776011,31
Uttar Pradesh,Varanasi,Varanasi Market,Rice,2025-09-01,3547.4396666666667,4047.183,3804.538,3640.36,3966.03,3806.9849999999997,84.4171268943894,30
Uttar Pradesh,Varanasi,Varanasi Market,Rice,2025-10-01,3532.3125806451612,4012.154193548387,3778.8532258064515,3640.04,3906.75,3760.38,77.8519515656522,31
Uttar Pradesh,Varanasi,Varanasi Market,Rice,2025-11-01,3434.5673333333334,3910.9649999999997,3683.436666666667,3442.39,3857.91,3689.74,107.8004508765867,30
Uttar Pradesh,Varanasi,Varanasi Market,Rice,2025-12-01,3333.931935483871,3807.2277419354837,3578.375806451613,3410.49,3817.86,3563.98,91.9560253517659,31
Uttar Pradesh,Varanasi,Varanasi Market,Rice,2026-01-01,3212.3432258064518,3660.54935483871,3439.9083870967743,3235.8,3651.26,3412.44,106.03107340450624,31
Uttar Pradesh,Varanasi,Varanasi Market,Rice,2026-02-01,3179.7342857142858,3593.633214285714,3389.098571428571,3247.52,3553.44,3402.8900000000003,91.52147138136242,28
Uttar Pradesh,Varanasi,Varanasi Market,Rice,2026-03-01,3173.646451612903,3612.3822580645165,3387.2712903225806,3179.09,3515.23,3403.41,73.51304962349352,31
Uttar Pradesh,Varanasi,Varanasi Market,Rice,2026-04-01,3197.818,3630.0896666666667,3401.744,3152.26,3567.5,3422.98,92.91121348010066,30
Uttar Pradesh,Varanasi,Varanasi Market,Rice,2026-05-01,3265.748387096774,3688.895806451613,3490.545806451613,3236.51,3688.45,3486.72,104.55595027780407,31
Uttar Pradesh,Varanasi,Varanasi Market,Rice,2026-06-01,3396.9446666666668,3850.121,3616.2529999999997,3415.82,3796.4,3617.73,106.66268652901182,30
Uttar Pradesh,Varanasi,Varanasi Market,Rice,2026-07-01,3487.1109677419354,3949.5806451612902,3730.0641935483873,3528.66,3896.43,3723.23,75.6295977676373,31
Uttar Pradesh,Varanasi,Varanasi Market,Rice,2026-08-01,3600.2154838709675,4098.388387096774,3843.6506451612904,3606.72,4006.76,3868.46,104.48073988174373,31
Uttar Pradesh,Varanasi,Varanasi Market,Tomato,2023-01-01,2101.9112903225805,2369.329677419355,2242.4929032258065,2148.8,2366.43,2241.55,48.63402568802683,31
Uttar Pradesh,Varanasi,Varanasi Market,Tomato,2023-02-01,2080.5389285714286,2368.058571428571,2234.5535714285716,2127.99,2380.87,2236.06,60.130381869812986,28
Uttar Pradesh,Varanasi,Varanasi Market,Tomato,2023-03-01,2042.9667741935484,2320.0529032258064,2175.4445161290323,2055.93,2277.69,2176.67,50.58495078174325,31
Uttar Pradesh,Varanasi,Varanasi Market,Tomato,2023-04-01,1933.0463333333332,2206.9356666666667,2076.5873333333334,1971.7,2189.68,2082.885,58.19738114343314,30
Uttar Pradesh,Varanasi,Varanasi Market,Tomato,2023-05-01,1815.2835483870967,2080.3835483870967,1954.295483870968,1850.93,2036.09,1947.3,40.339975197373846,31
Uttar Pradesh,Varanasi,Varanasi Market,Tomato,2023-06-01,1716.1726666666666,1979.736,1851.5420000000001,1747.31,1975.0,1854.675,55.900068805089994,30
Uttar Pradesh,Varanasi,Varanasi Market,Tomato,2023-07-01,1702.9832258064514,1923.451935483871,1807.7851612903225,1721.86,1915.57,1805.74,45.50484515381983,31
Uttar Pradesh,Varanasi,Varanasi Market,Tomato,2023-08-01,1688.8219354838711,1914.4283870967743,1801.0816129032257,1707.11,1905.43,1808.35,54.05767500838186,31
Uttar Pradesh,Varanasi,Varanasi Market,Tomato,2023-09-01,1736.3456666666668,1987.3026666666667,1864.6783333333333,1723.96,2030.99,1852.24,72.83855961022267,30
Uttar Pradesh,Varanasi,Varanasi Market,Tomato,2023-10-01,1837.109677419355,2103.565483870968,1972.4883870967742,1909.71,2067.04,1960.39,41.40228319765097,31
Uttar Pradesh,Varanasi,Varanasi Market,Tomato,2023-11-01,1934.537,2218.6186666666667,2072.2656666666667,1990.55,2183.38,2072.1049999999996,55.1960340706326,30
Uttar Pradesh,Varanasi,Varanasi Market,Tomato,2023-12-01,2033.4474193548388,2311.321290322581,2170.795483870968,2077.85,2252.12,2179.03,47.322716661853505,31
Uttar Pradesh,Varanasi,Varanasi Market,Tomato,2024-01-01,2124.663870967742,2395.608709677419,2264.818064516129,2166.79,2330.93,2268.62,46.90833077534349,31
Uttar Pradesh,Varanasi,Varanasi Market,Tomato,2024-02-01,2093.095517241379,2394.528275862069,2242.1172413793106,2127.31,2303.9,2247.23,47.833900702367366,29
Uttar Pradesh,Varanasi,Varanasi Market,Tomato,2024-03-01,2051.920322580645,2339.1519354838706,2201.3306451612902,2091.29,2277.12,2207.71,50.16655924255272,31
Uttar Pradesh,Varanasi,Varanasi Market,Tomato,2024-04-01,1955.5456666666666,2235.559666666667,2093.847333333333,1950.82,2181.79,2102.54,63.84141720908427,30
Uttar Pradesh,Varanasi,Varanasi Market,Tomato,2024-05-01,1860.3290322580644,2120.1316129032257,1997.5835483870967,1863.57,2126.41,1999.15,63.43729148003234,31
Uttar Pradesh,Varanasi,Varanasi Market,Tomato,2024-06-01,1764.429,2014.2293333333332,1889.1470000000002,1790.38,2008.95,1894.5,50.78681604307463,30
Uttar Pradesh,Varanasi,Varanasi Market,Tomato,2024-07-01,1699.5945161290322,1939.867741935484,1829.0077419354839,1735.69,1935.16,1827.71,48.713628326487694,31
Uttar Pradesh,Varanasi,Varanasi Market,Tomato,2024-08-01,1694.7703225806451,1928.698064516129,1821.97,1706.2,1941.48,1830.23,60.61852879552034,31
Uttar Pradesh,Varanasi,Varanasi Market,Tomato,2024-09-01,1767.5566666666666,2011.3746666666666,1887.364,1791.41,2047.97,1878.495,56.28854931021301,30
Uttar Pradesh,Varanasi,Varanasi Market,Tomato,2024-10-01,1855.97,2114.2309677419357,1983.9703225806452,1893.3,2089.58,1978.68,46.96642527620991,31
Uttar Pradesh,Varanasi,Varanasi Market,Tomato,2024-11-01,1954.269,2232.735666666667,2101.547666666667,1977.41,2205.14,2104.4049999999997,53.92457559395819,30
Uttar Pradesh,Varanasi,Varanasi Market,Tomato,2024-12-01,2075.257419354839,2361.0432258064516,2214.943870967742,2152.46,2302.74,2205.89,38.94793881387642,31
Uttar Pradesh,Varanasi,Varanasi Market,Tomato,2025-01-01,2093.176129032258,2386.5412903225806,2259.4229032258063,2185.21,2330.4,2264.43,38.57834687952543,31
Uttar Pradesh,Varanasi,Varanasi Market,Tomato,2025-02-01,2127.823214285714,2412.649642857143,2263.130357142857,2150.2,2358.46,2281.585,63.02038444363291,28
Uttar Pradesh,Varanasi,Varanasi Market,Tomato,2025-03-01,2067.9809677419353,2360.662580645161,2204.168387096774,2088.56,2294.25,2203.55,45.11904247630357,31
Uttar Pradesh,Varanasi,Varanasi Market,Tomato,2025-04-01,1992.2346666666667,2276.7846666666665,2127.3563333333336,2038.81,2209.0,2127.63,47.39326261468347,30
Uttar Pradesh,Varanasi,Varanasi Market,Tomato,2025-05-01,1884.7570967741935,2149.8222580645165,2018.6703225806452,1945.64,2114.34,2021.92,42.711584727009104,31
Uttar Pradesh,Varanasi,Varanasi Market,Tomato,2025-06-01,1792.218,2045.8693333333333,1908.337,1788.05,2020.09,1915.2350000000001,54.89695375946625,30
Uttar Pradesh,Varanasi,Varanasi Market,Tomato,2025-07-01,1718.5809677419356,1958.8406451612902,1840.3719354838709,1753.54,1914.43,1835.46,37.45532613833487,31
Uttar Pradesh,Varanasi,Varanasi Market,Tomato,2025-08-01,1719.9454838709676,1974.3935483870966,1851.0574193548387,1772.99,1934.91,1849.21,45.01128902603154,31
Uttar Pradesh,Varanasi,Varanasi Market,Tomato,2025-09-01,1762.637,2016.821,1892.2769999999998,1800.11,1998.74,1872.925,58.59105134392286,30
Uttar Pradesh,Varanasi,Varanasi Market,Tomato,2025-10-01,1877.1677419354837,2145.956129032258,2007.6764516129033,1908.19,2156.54,1985.83,61.17550907285189,31
Uttar Pradesh,Varanasi,Varanasi Market,Tomato,2025-11-01,1971.992,2249.6536666666666,2111.74,1987.44,2198.01,2113.5649999999996,56.333044629607656,30
Uttar Pradesh,Varanasi,Varanasi Market,Tomato,2025-12-01,2075.873870967742,2375.681935483871,2227.336451612903,2104.47,2342.23,2219.26,44.20432268066005,31
Uttar Pradesh,Varanasi,Varanasi Market,Tomato,2026-01-01,2138.78064516129,2439.104193548387,2285.2829032258064,2131.29,2412.87,2288.47,57.74336713387083,31
Uttar Pradesh,Varanasi,Varanasi Market,Tomato,2026-02-01,2160.12,2442.5910714285715,2300.5525000000002,2225.47,2404.29,2291.575,48.50424025946755,28
Uttar Pradesh,Varanasi,Varanasi Market,Tomato,2026-03-01,2074.8683870967743,2374.999677419355,2226.5061290322583,2134.37,2309.76,2225.58,48.85411887633226,31
Uttar Pradesh,Varanasi,Varanasi Market,Tomato,2026-04-01,2014.0616666666667,2292.5853333333334,2148.7446666666665,2045.48,2263.52,2141.6450000000004,52.63080812298202,30
Uttar Pradesh,Varanasi,Varanasi Market,Tomato,2026-05-01,1893.343870967742,2159.6006451612902,2029.15,1896.19,2142.01,2029.55,60.03385650336534,31
Uttar Pradesh,Varanasi,Varanasi Market,Tomato,2026-06-01,1781.5716666666667,2026.5343333333333,1916.8493333333333,1796.89,2011.99,1927.26,56.74352947668354,30
Uttar Pradesh,Varanasi,Varanasi Market,Tomato,2026-07-01,1748.9422580645162,1972.9470967741936,1860.2451612903226,1776.21,1974.71,1863.31,41.55580191108234,31
Uttar Pradesh,Varanasi,Varanasi Market,Tomato,2026-08-01,1736.7551612903228,1984.836129032258,1861.1583870967743,1719.13,2024.27,1859.2,66.47014412986611,31
Uttar Pradesh,Varanasi,Varanasi Market,Wheat,2023-01-01,3450.8674193548386,3920.165483870968,3679.5119354838707,3492.97,4005.44,3663.05,112.23893775986305,31
Uttar Pradesh,Varanasi,Varanasi Market,Wheat,2023-02-01,3611.566071428572,4092.7628571428572,3849.598571428571,3726.37,4016.44,3831.585,75.81889516835673,28
Uttar Pradesh,Varanasi,Varanasi Market,Wheat,2023-03-01,3675.9225806451614,4174.4909677419355,3920.755806451613,3744.44,4102.93,3913.93,90.90042819019772,31
Uttar Pradesh,Varanasi,Varanasi Market,Wheat,2023-04-01,3610.3799999999997,4126.508333333333,3862.074333333333,3745.02,4043.84,3867.15,74.09217766349931,30
Uttar Pradesh,Varanasi,Varanasi Market,Wheat,2023-05-01,3494.6745161290323,3975.9977419354836,3729.9109677419356,3539.96,3940.16,3723.51,79.42981419067772,31
Uttar Pradesh,Varanasi,Varanasi Market,Wheat,2023-06-01,3284.1196666666665,3736.4023333333334,3522.175666666667,3320.68,3707.65,3538.995,99.74492805991787,30
Uttar Pradesh,Varanasi,Varanasi Market,Wheat,2023-07-01,3092.1687096774194,3502.826129032258,3301.4425806451613,3136.36,3493.43,3287.63,97.98531182334564,31
Uttar Pradesh,Varanasi,Varanasi Market,Wheat,2023-08-01,2940.0948387096773,3377.5216129032256,3152.2906451612903,2878.97,3372.36,3120.85,102.46549409225472,31
Uttar Pradesh,Varanasi,Varanasi Market,Wheat,2023-09-01,2845.0623333333333,3237.355,3052.2933333333335,2853.52,3250.45,3065.8999999999996,98.24154217638987,30
Uttar Pradesh,Varanasi,Varanasi Market,Wheat,2023-10-01,2910.3551612903225,3294.32935483871,3115.874838709677,2957.57,3290.75,3120.2,85.02769195467903,31
Uttar Pradesh,Varanasi,Varanasi Market,Wheat,2023-11-01,3031.002333333333,3458.145,3240.629,3064.78,3464.14,3226.27,106.91745076588715,30
Uttar Pradesh,Varanasi,Varanasi Market,Wheat,2023-12-01,3239.1206451612907,3715.653870967742,3454.478064516129,3247.17,3649.15,3443.74,106.9111099128415,31
Uttar Pradesh,Varanasi,Varanasi Market,Wheat,2024-01-01,3485.2251612903224,3967.500322580645,3710.6174193548386,3568.69,3910.27,3689.23,97.18176622418218,31
Uttar Pradesh,Varanasi,Varanasi Market,Wheat,2024-02-01,3659.4972413793103,4133.45,3867.3020689655173,3684.53,4115.65,3853.11,96.02462695205217,29
Uttar Pradesh,Varanasi,Varanasi Market,Wheat,2024-03-01,3641.5774193548386,4184.138387096775,3920.188064516129,3775.04,4095.8,3912.82,71.77685000143869,31
Uttar Pradesh,Varanasi,Varanasi Market,Wheat,2024-04-01,3673.4756666666667,4165.872333333334,3913.1046666666666,3669.45,4102.79,3922.5550000000003,91.26748031844734,30
Uttar Pradesh,Varanasi,Varanasi Market,Wheat,2024-05-01,3558.1616129032254,4033.8987096774194,3775.737419354839,3652.31,3930.36,3779.15,69.42703445429824,31
Uttar Pradesh,Varanasi,Varanasi Market,Wheat,2024-06-01,3340.344,3758.9306666666666,3558.637333333333,3307.44,3808.86,3566.79,118.631437681741,30
Uttar Pradesh,Varanasi,Varanasi Market,Wheat,2024-07-01,3113.740322580645,3541.12,3330.844193548387,3150.25,3497.4,3344.87,92.39485695550353,31
Uttar Pradesh,Varanasi,Varanasi Market,Wheat,2024-08-01,2946.5154838709677,3344.64064516129,3156.3487096774193,2979.49,3308.82,3140.66,91.30402545860852,31
Uttar Pradesh,Varanasi,Varanasi Market,Wheat,2024-09-01,2860.8046666666664,3296.874333333333,3076.4563333333335,2938.12,3240.85,3079.235,81.51612074469911,30
Uttar Pradesh,Varanasi,Varanasi Market,Wheat,2024-10-01,2921.233548387097,3336.980322580645,3136.301612903226,2977.92,3273.03,3140.69,81.86074737409344,31
Uttar Pradesh,Varanasi,Varanasi Market,Wheat,2024-11-01,3065.358,3492.451,3279.948666666666,3055.45,3527.66,3280.2650000000003,110.95299171529645,30
Uttar Pradesh,Varanasi,Varanasi Market,Wheat,2024-12-01,3279.312258064516,3718.2745161290322,3491.7067741935484,3262.94,3651.43,3510.7,84.33653551445327,31
Uttar Pradesh,Varanasi,Varanasi Market,Wheat,2025-01-01,3490.7309677419357,3997.199677419355,3746.896451612903,3567.93,3947.66,3732.49,98.24711661751647,31
Uttar Pradesh,Varanasi,Varanasi Market,Wheat,2025-02-01,3648.1010714285717,4146.995714285715,3896.1160714285716,3779.83,4101.54,3875.08,85.06765775020382,28
Uttar Pradesh,Varanasi,Varanasi Market,Wheat,2025-03-01,3703.898064516129,4191.63935483871,3946.7896774193546,3818.41,4186.39,3941.45,76.12141825110159,31
Uttar Pradesh,Varanasi,Varanasi Market,Wheat,2025-04-01,3688.938666666667,4206.094,3933.5283333333336,3718.3,4051.81,3938.6099999999997,70.43815502505251,30
Uttar Pradesh,Varanasi,Varanasi Market,Wheat,2025-05-01,3559.047419354839,4076.3287096774193,3809.046774193548,3639.56,3986.46,3797.51,97.8313357906382,31
Uttar Pradesh,Varanasi,Varanasi Market,Wheat,2025-06-01,3379.8676666666665,3837.5156666666667,3617.211333333333,3356.19,3804.23,3635.9049999999997,113.31625642675756,30
Uttar Pradesh,Varanasi,Varanasi Market,Wheat,2025-07-01,3125.198064516129,3556.8151612903225,3348.514516129032,3099.38,3534.89,3353.47,114.99193730688853,31
Uttar Pradesh,Varanasi,Varanasi Market,Wheat,2025-08-01,2956.9470967741936,3418.919032258065,3190.1893548387097,3031.6,3339.86,3196.73,84.7081615483612,31
Uttar Pradesh,Varanasi,Varanasi Market,Wheat,2025-09-01,2902.4,3304.099333333333,3111.1666666666665,2950.51,3256.93,3116.92,76.1792593428354,30
Uttar Pradesh,Varanasi,Varanasi Market,Wheat,2025-10-01,2966.6793548387095,3370.5429032258066,3156.453225806452,3017.6,3302.5,3140.6,78.36808378360405,31
Uttar Pradesh,Varanasi,Varanasi Market,Wheat,2025-11-01,3074.926333333334,3500.74,3275.817,3118.64,3426.81,3251.58,72.67742286389857,30
Uttar Pradesh,Varanasi,Varanasi Market,Wheat,2025-12-01,3277.345483870968,3714.9048387096777,3487.8932258064515,3299.78,3733.81,3494.41,110.3100185654683,31
Uttar Pradesh,Varanasi,Varanasi Market,Wheat,2026-01-01,3500.736774193548,4009.077741935484,3751.8322580645163,3597.38,3959.29,3748.33,87.12491732027372,31
Uttar Pradesh,Varanasi,Varanasi Market,Wheat,2026-02-01,3675.441428571429,4181.268928571429,3938.4275000000002,3753.46,4086.41,3927.34,82.32184736008891,28
Uttar Pradesh,Varanasi,Varanasi Market,Wheat,2026-03-01,3767.9441935483874,4249.588387096774,4015.337741935484,3730.52,4239.13,4003.86,101.07441346881265,31
Uttar Pradesh,Varanasi,Varanasi Market,Wheat,2026-04-01,3696.3973333333333,4232.514666666667,3964.591,3811.61,4109.42,3957.66,81.32158166067047,30
Uttar Pradesh,Varanasi,Varanasi Market,Wheat,2026-05-01,3550.1667741935485,4046.159032258064,3811.9825806451613,3586.47,3978.68,3824.02,99.56974731204728,31
Uttar Pradesh,Varanasi,Varanasi Market,Wheat,2026-06-01,3389.4416666666666,3831.311333333333,3617.8406666666665,3411.92,3787.54,3627.1,87.9466294244779,30
Uttar Pradesh,Varanasi,Varanasi Market,Wheat,2026-07-01,3157.907419354839,3603.0299999999997,3382.265806451613,3229.43,3649.1,3391.97,98.37870693648422,31
Uttar Pradesh,Varanasi,Varanasi Market,Wheat,2026-08-01,2995.477096774194,3410.563548387097,3208.081612903226,3028.61,3383.55,3209.25,87.40119892758064,31
West Bengal,Bardhaman,Bardhaman Market,Onion,2023-01-01,3220.4245161290323,3685.5751612903227,3431.951612903226,3246.7,3616.08,3431.48,102.58302088541973,31
West Bengal,Bardhaman,Bardhaman Market,Onion,2023-02-01,3263.5607142857143,3734.5896428571427,3497.8878571428572,3338.2,3688.11,3503.59,80.02018992253208,28
West Bengal,Bardhaman,Bardhaman Market,Onion,2023-03-01,3259.028064516129,3704.1290322580644,3496.1629032258065,3323.93,3687.68,3489.53,79.80682281582811,31
West Bengal,Bardhaman,Bardhaman Market,Onion,2023-04-01,3150.976,3573.7643333333335,3365.6563333333334,3236.7,3552.31,3366.37,86.20711769491176,30
West Bengal,Bardhaman,Bardhaman Market,Onion,2023-05-01,2975.4119354838713,3396.3641935483874,3184.5625806451612,3053.13,3319.64,3196.33,72.61182162557915,31
West Bengal,Bardhaman,Bardhaman Market,Onion,2023-06-01,2760.3106666666667,3166.348,2971.716,2827.84,3129.95,2975.4,74.8583966957753,30
West Bengal,Bardhaman,Bardhaman Market,Onion,2023-07-01,2645.3045161290324,3011.29,2834.1748387096773,2686.39,3001.64,2823.13,74.40940217790437,31
West Bengal,Bardhaman,Bardhaman Market,Onion,2023-08-01,2583.7896774193546,2938.207741935484,2758.018064516129,2574.58,2924.62,2757.2,88.08367773200492,31
West Bengal,Bardhaman,Bardhaman Market,Onion,2023-09-01,2613.4456666666665,2988.3450000000003,2796.7443333333335,2613.99,2974.6,2802.93,83.27281634869601,30
West Bengal,Bardhaman,Bardhaman Market,Onion,2023-10-01,2752.5090322580645,3109.4912903225804,2915.8825806451614,2794.03,3088.97,2925.54,82.7578486899275,31
West Bengal,Bardhaman,Bardhaman Market,Onion,2023-11-01,2890.175666666667,3283.148666666667,3074.1549999999997,2843.35,3219.66,3075.375,84.06240447757698,30
West Bengal,Bardhaman,Bardhaman Market,Onion,2023-12-01,3073.711935483871,3497.9783870967744,3287.3609677419354,3036.76,3467.24,3289.25,93.78189815932282,31
West Bengal,Bardhaman,Bardhaman Market,Onion,2024-01-01,3260.391290322581,3698.5374193548387,3483.2893548387096,3320.09,3646.48,3493.55,85.35687786915523,31
West Bengal,Bardhaman,Bardhaman Market,Onion,2024-02-01,3336.704827586207,3781.72275862069,3552.3758620689655,3305.56,3689.75,3563.34,86.62413003138664,29
West Bengal,Bardhaman,Bardhaman Market,Onion,2024-03-01,3284.420322580645,3715.767741935484,3494.6941935483874,3312.65,3615.15,3498.18,70.25588629072027,31
West Bengal,Bardhaman,Bardhaman Market,Onion,2024-04-01,3161.886,3592.6639999999998,3375.662333333333,3179.24,3575.58,3372.8149999999996,89.9948349354422,30
West Bengal,Bardhaman,Bardhaman Market,Onion,2024-05-01,3015.493225806452,3467.5896774193548,3231.405806451613,3024.96,3498.66,3239.77,116.30468952351546,31
West Bengal,Bardhaman,Bardhaman Market,Onion,2024-06-01,2822.9623333333334,3191.5559999999996,3015.7320000000004,2793.67,3182.85,3024.235,100.21783079699522,30
West Bengal,Bardhaman,Bardhaman Market,Onion,2024-07-01,2669.907419354839,3041.6499999999996,2860.1325806451614,2722.56,2988.48,2853.97,65.27683958688264,31
West Bengal,Bardhaman,Bardhaman Market,Onion,2024-08-01,2598.0409677419357,2960.4938709677417,2775.7829032258064,2588.26,2973.83,2776.97,89.8840235782959,31
West Bengal,Bardhaman,Bardhaman Market,Onion,2024-09-01,2628.46,2980.5440000000003,2803.652666666667,2623.12,2956.3,2819.6,86.66873683380767,30
West Bengal,Bardhaman,Bardhaman Market,Onion,2024-10-01,2729.5006451612903,3109.559677419355,2915.948064516129,2777.73,3072.8,2902.56,81.9879829576405,31
West Bengal,Bardhaman,Bardhaman Market,Onion,2024-11-01,2909.33,3331.237,3118.0966666666664,2963.56,3302.11,3130.895,84.80668281789292,30
West Bengal,Bardhaman,Bardhaman Market,Onion,2024-12-01,3116.481935483871,3556.5187096774193,3338.6145161290324,3146.15,3583.55,3332.98,100.35539021692561,31
West Bengal,Bardhaman,Bardhaman Market,Onion,2025-01-01,3265.2845161290325,3744.747096774194,3505.6693548387098,3343.66,3706.32,3508.58,92.40007319389191,31
West Bengal,Bardhaman,Bardhaman Market,Onion,2025-02-01,3317.735357142857,3807.570357142857,3556.4528571428573,3416.44,3687.39,3561.285,73.93578288984564,28
West Bengal,Bardhaman,Bardhaman Market,Onion,2025-03-01,3313.074838709678,3775.4612903225807,3537.2587096774196,3294.99,3679.08,3552.25,92.70086561055523,31
West Bengal,Bardhaman,Bardhaman Market,Onion,2025-04-01,3214.6330000000003,3685.353,3431.5299999999997,3308.74,3598.58,3427.21,80.49560364949477,30
West Bengal,Bardhaman,Bardhaman Market,Onion,2025-05-01,3070.453225806452,3479.14064516129,3267.5674193548384,3116.17,3457.9,3281.67,84.41622213641728,31
West Bengal,Bardhaman,Bardhaman Market,Onion,2025-06-01,2858.6486666666665,3233.900666666667,3052.597333333333,2771.69,3194.64,3061.825,100.03486147281366,30
West Bengal,Bardhaman,Bardhaman Market,Onion,2025-07-01,2684.431935483871,3066.826129032258,2867.564838709677,2696.07,3039.83,2883.25,91.72566169002609,31
West Bengal,Bardhaman,Bardhaman Market,Onion,2025-08-01,2640.611935483871,2995.953548387097,2807.2929032258066,2642.12,3005.23,2812.49,75.96045998603697,31
West Bengal,Bardhaman,Bardhaman Market,Onion,2025-09-01,2585.0690000000004,2980.6576666666665,2794.259,2576.91,2990.9,2790.2749999999996,88.51133651724487,30
West Bengal,Bardhaman,Bardhaman Market,Onion,2025-10-01,2770.9751612903224,3124.3106451612903,2955.8661290322584,2805.09,3122.47,2956.8,82.55044323230166,31
West Bengal,Bardhaman,Bardhaman Market,Onion,2025-11-01,2963.927,3373.6549999999997,3165.3293333333336,2940.22,3335.93,3182.835,99.10028553260416,30
West Bengal,Bardhaman,Bardhaman Market,Onion,2025-12-01,3137.9409677419353,3565.7690322580643,3364.8270967741937,3192.1,3510.3,3345.96,94.26789553160212,31
West Bengal,Bardhaman,Bardhaman Market,Onion,2026-01-01,3293.3406451612905,3746.5203225806454,3535.684516129032,3394.04,3682.67,3531.65,69.89818356432005,31
West Bengal,Bardhaman,Bardhaman Market,Onion,2026-02-01,3374.0425,3824.724642857143,3586.781785714286,3466.92,3775.63,3574.2,79.93549455208064,28
West Bengal,Bardhaman,Bardhaman Market,Onion,2026-03-01,3357.373870967742,3817.9774193548387,3601.7122580645164,3451.0,3767.65,3598.45,72.28074334194766,31
West Bengal,Bardhaman,Bardhaman Market,Onion,2026-04-01,3256.2386666666666,3703.6113333333333,3472.86,3244.15,3681.35,3476.15,84.38182423999224,30
West Bengal,Bardhaman,Bardhaman Market,Onion,2026-05-01,3086.7948387096776,3542.9764516129035,3299.4754838709678,3147.43,3511.16,3280.7,95.53876762301647,31
West Bengal,Bardhaman,Bardhaman Market,Onion,2026-06-01,2872.483333333333,3277.8033333333337,3078.374333333333,2928.64,3183.33,3082.88,60.9081433139611,30
West Bengal,Bardhaman,Bardhaman Market,Onion,2026-07-01,2713.4212903225807,3094.2525806451613,2913.503870967742,2714.78,3066.46,2914.88,99.85619622495192,31
West Bengal,Bardhaman,Bardhaman Market,Onion,2026-08-01,2671.001935483871,3040.8841935483874,2837.662258064516,2670.42,3003.72,2815.42,87.31849073782249,31
West Bengal,Bardhaman,Bardhaman Market,Potato,2023-01-01,1685.361935483871,1916.6129032258063,1804.389677419355,1718.53,1897.57,1810.11,39.43327372358459,31
West Bengal,Bardhaman,Bardhaman Market,Potato,2023-02-01,1661.2732142857144,1876.7260714285715,1768.0892857142858,1664.48,1824.56,1777.8000000000002,41.504622761591385,28
West Bengal,Bardhaman,Bardhaman Market,Potato,2023-03-01,1573.1548387096775,1813.532258064516,1692.3780645161291,1591.41,1822.06,1687.28,49.53912907452413,31
West Bengal,Bardhaman,Bardhaman Market,Potato,2023-04-01,1510.8333333333333,1738.604,1626.571,1504.37,1742.07,1628.54,50.183684623727956,30
West Bengal,Bardhaman,Bardhaman Market,Potato,2023-05-01,1447.011935483871,1644.5093548387097,1541.228064516129,1483.32,1605.08,1543.64,37.68571642938073,31
West Bengal,Bardhaman,Bardhaman Market,Potato,2023-06-01,1377.6283333333333,1579.3286666666668,1490.0040000000001,1384.57,1573.19,1483.0349999999999,40.21694904321842,30
West Bengal,Bardhaman,Bardhaman Market,Potato,2023-07-01,1381.0064516129032,1564.9412903225807,1473.431935483871,1367.71,1548.27,1466.82,39.46861440177121,31
West Bengal,Bardhaman,Bardhaman Market,Potato,2023-08-01,1403.405806451613,1595.4396774193547,1495.6341935483872,1433.78,1559.78,1497.19,32.274864293460475,31
West Bengal,Bardhaman,Bardhaman Market,Potato,2023-09-01,1462.0593333333334,1662.9903333333334,1561.1746666666666,1405.84,1662.6,1560.9,52.21445986362946,30
West Bengal,Bardhaman,Bardhaman Market,Potato,2023-10-01,1541.2806451612903,1756.5770967741935,1647.3799999999999,1570.31,1746.89,1646.54,44.581211363832104,31
West Bengal,Bardhaman,Bardhaman Market,Potato,2023-11-01,1615.5973333333334,1836.9956666666667,1728.512,1671.36,1801.11,1724.9650000000001,37.81364754542546,30
West Bengal,Bardhaman,Bardhaman Market,Potato,2023-12-01,1671.3164516129032,1910.2416129032258,1788.148387096774,1690.22,1839.59,1789.34,39.168728351137005,31
West Bengal,Bardhaman,Bardhaman Market,Potato,2024-01-01,1722.8409677419354,1941.8799999999999,1831.3367741935485,1735.69,1909.71,1836.68,38.86508136164534,31
West Bengal,Bardhaman,Bardhaman Market,Potato,2024-02-01,1677.056551724138,1903.8934482758623,1787.4699999999998,1698.54,1876.52,1789.5,50.07744630641054,29
West Bengal,Bardhaman,Bardhaman Market,Potato,2024-03-01,1601.4696774193549,1831.1767741935485,1711.4416129032259,1580.92,1804.04,1721.19,46.02927764635434,31
West Bengal,Bardhaman,Bardhaman Market,Potato,2024-04-01,1504.7106666666666,1725.324,1620.1406666666667,1522.84,1713.58,1626.065,48.46076165548666,30
West Bengal,Bardhaman,Bardhaman Market,Potato,2024-05-01,1431.5706451612905,1628.905806451613,1532.4087096774192,1423.14,1599.43,1542.46,47.73209268000834,31
West Bengal,Bardhaman,Bardhaman Market,Potato,2024-06-01,1407.0903333333333,1591.76,1503.3456666666668,1427.46,1570.39,1510.6100000000001,37.54620984437926,30
West Bengal,Bardhaman,Bardhaman Market,Potato,2024-07-01,1368.727741935484,1561.9529032258065,1465.390322580645,1409.17,1564.53,1469.77,34.60681546399697,31
West Bengal,Bardhaman,Bardhaman Market,Potato,2024-08-01,1414.7664516129032,1611.5429032258064,1512.1506451612902,1442.28,1590.66,1508.07,35.64659328608034,31
West Bengal,Bardhaman,Bardhaman Market,Potato,2024-09-01,1478.251,1695.7546666666667,1587.2536666666667,1498.06,1659.87,1579.415,36.51089251578018,30
West Bengal,Bardhaman,Bardhaman Market,Potato,2024-10-01,1554.68,1789.7993548387096,1671.9264516129033,1595.72,1776.0,1672.16,48.36222579302898,31
West Bengal,Bardhaman,Bardhaman Market,Potato,2024-11-01,1637.111,1868.2266666666667,1756.1019999999999,1654.34,1854.83,1752.7849999999999,55.32004571519297,30
West Bengal,Bardhaman,Bardhaman Market,Potato,2024-12-01,1667.761935483871,1916.0312903225806,1805.2612903225806,1732.1,1862.04,1808.0,37.48053759325724,31
West Bengal,Bardhaman,Bardhaman Market,Potato,2025-01-01,1711.3738709677418,1939.592258064516,1831.0654838709677,1765.03,1943.96,1817.01,44.43106254552922,31
West Bengal,Bardhaman,Bardhaman Market,Potato,2025-02-01,1668.7717857142857,1896.2235714285714,1785.9285714285713,1695.65,1866.89,1781.65,50.751804252860154,28
West Bengal,Bardhaman,Bardhaman Market,Potato,2025-03-01,1615.746129032258,1835.3909677419356,1722.831935483871,1621.89,1819.92,1721.3,46.57914729571277,31
West Bengal,Bardhaman,Bardhaman Market,Potato,2025-04-01,1535.9023333333332,1743.2083333333333,1638.1246666666666,1500.23,1766.74,1648.685,55.05854750475472,30
West Bengal,Bardhaman,Bardhaman Market,Potato,2025-05-01,1447.868387096774,1659.6332258064515,1554.6512903225807,1476.83,1627.12,1554.8,38.854667736917236,31
West Bengal,Bardhaman,Bardhaman Market,Potato,2025-06-01,1405.4473333333333,1599.7040000000002,1501.4363333333336,1438.0,1593.84,1497.385,43.89215172036656,30
West Bengal,Bardhaman,Bardhaman Market,Potato,2025-07-01,1367.8177419354838,1554.4925806451613,1466.7748387096776,1381.41,1530.22,1473.33,37.40013537149894,31
West Bengal,Bardhaman,Bardhaman Market,Potato,2025-08-01,1418.046129032258,1612.1383870967743,1515.5338709677421,1429.48,1602.59,1522.93,41.46590130677006,31
West Bengal,Bardhaman,Bardhaman Market,Potato,2025-09-01,1476.2336666666667,1693.362,1581.3426666666667,1474.87,1700.81,1577.905,50.916311452755686,30
West Bengal,Bardhaman,Bardhaman Market,Potato,2025-10-01,1565.4832258064516,1779.6809677419355,1675.3135483870967,1577.12,1773.85,1673.62,45.98964271430301,31
West Bengal,Bardhaman,Bardhaman Market,Potato,2025-11-01,1640.4593333333332,1865.2123333333334,1751.7363333333335,1687.21,1825.87,1760.295,38.6846668799047,30
West Bengal,Bardhaman,Bardhaman Market,Potato,2025-12-01,1690.5635483870967,1940.47,1817.6416129032257,1757.25,1883.8,1821.95,30.371655985669058,31
West Bengal,Bardhaman,Bardhaman Market,Potato,2026-01-01,1715.570322580645,1963.6067741935483,1835.0174193548387,1736.29,1926.08,1838.23,41.93527997344975,31
West Bengal,Bardhaman,Bardhaman Market,Potato,2026-02-01,1689.1539285714284,1923.0839285714285,1807.345357142857,1690.97,1888.91,1811.44,49.197683887229154,28
West Bengal,Bardhaman,Bardhaman Market,Potato,2026-03-01,1614.266129032258,1845.8864516129033,1734.6454838709678,1636.4,1796.99,1731.82,40.79371641472149,31
West Bengal,Bardhaman,Bardhaman Market,Potato,2026-04-01,1550.4546666666668,1774.2230000000002,1657.257,1573.51,1719.58,1660.37,45.957017110819294,30
West Bengal,Bardhaman,Bardhaman Market,Potato,2026-05-01,1458.2216129032258,1666.6612903225807,1566.8670967741934,1499.89,1654.17,1571.94,42.38998090693497,31
West Bengal,Bardhaman,Bardhaman Market,Potato,2026-06-01,1424.2720000000002,1619.1773333333333,1516.7456666666667,1453.35,1594.28,1513.9099999999999,40.550495526827596,30
West Bengal,Bardhaman,Bardhaman Market,Potato,2026-07-01,1404.2148387096772,1593.7048387096775,1500.047741935484,1407.22,1584.65,1507.56,37.733289344174345,31
West Bengal,Bardhaman,Bardhaman Market,Potato,2026-08-01,1412.0290322580645,1625.1135483870967,1520.0083870967742,1427.0,1642.85,1520.61,49.78466765961682,31
West Bengal,Bardhaman,Bardhaman Market,Rice,2023-01-01,2963.3190322580645,3374.925161290322,3164.5351612903223,2990.15,3394.76,3168.57,89.96778182108541,31
West Bengal,Bardhaman,Bardhaman Market,Rice,2023-02-01,3099.276785714286,3510.2875,3293.2324999999996,3113.45,3404.67,3291.965,80.23972031195493,28
West Bengal,Bardhaman,Bardhaman Market,Rice,2023-03-01,3210.2064516129035,3676.529677419355,3459.5548387096774,3256.93,3665.78,3460.17,99.08221181998191,31
West Bengal,Bardhaman,Bardhaman Market,Rice,2023-04-01,3383.737333333333,3844.4696666666664,3606.983,3392.55,3870.65,3599.505,123.82937875324177,30
West Bengal,Bardhaman,Bardhaman Market,Rice,2023-05-01,3529.215806451613,3985.4306451612906,3737.0832258064515,3531.16,3868.88,3737.18,85.97554758523289,31
West Bengal,Bardhaman,Bardhaman Market,Rice,2023-06-01,3545.2019999999998,4029.001333333333,3769.5143333333335,3581.93,3952.02,3758.56,77.73451368926008,30
West Bengal,Bardhaman,Bardhaman Market,Rice,2023-07-01,3475.0232258064516,3944.5606451612903,3705.3190322580645,3517.3,3873.27,3707.73,88.18523570132884,31
West Bengal,Bardhaman,Bardhaman Market,Rice,2023-08-01,3311.7116129032256,3788.311612903226,3565.458064516129,3385.64,3756.22,3549.29,83.40319416022994,31
West Bengal,Bardhaman,Bardhaman Market,Rice,2023-09-01,3180.114333333333,3624.14,3409.7186666666666,3240.46,3560.56,3426.41,83.46604392096289,30
West Bengal,Bardhaman,Bardhaman Market,Rice,2023-10-01,3033.875161290323,3438.5103225806456,3226.208064516129,2926.43,3521.33,3233.96,101.25066098284164,31
West Bengal,Bardhaman,Bardhaman Market,Rice,2023-11-01,2939.923666666667,3336.2083333333335,3131.0553333333332,2986.8,3358.14,3118.955,97.27858146557257,30
West Bengal,Bardhaman,Bardhaman Market,Rice,2023-12-01,2948.870322580645,3355.1664516129035,3153.1229032258066,2967.78,3348.07,3148.06,95.99986899968658,31
West Bengal,Bardhaman,Bardhaman Market,Rice,2024-01-01,2944.9845161290323,3346.5932258064518,3156.222580645161,2974.32,3337.42,3163.61,91.71384202935215,31
West Bengal,Bardhaman,Bardhaman Market,Rice,2024-02-01,3091.4006896551723,3537.7210344827586,3310.1634482758623,3119.77,3464.21,3316.67,71.90754889220405,29
West Bengal,Bardhaman,Bardhaman Market,Rice,2024-03-01,3248.157741935484,3709.0006451612903,3480.601935483871,3130.85,3729.92,3487.85,110.32935095791919,31
West Bengal,Bardhaman,Bardhaman Market,Rice,2024-04-01,3435.7980000000002,3873.7363333333333,3670.6116666666667,3517.18,3826.9,3661.76,76.28537185591615,30
West Bengal,Bardhaman,Bardhaman Market,Rice,2024-05-01,3539.1951612903226,4029.170967741936,3785.683548387097,3635.48,3920.23,3781.93,70.11112182568405,31
West Bengal,Bardhaman,Bardhaman Market,Rice,2024-06-01,3566.3433333333332,4055.0323333333336,3802.0769999999998,3561.79,3973.36,3793.4399999999996,78.63293791517911,30
West Bengal,Bardhaman,Bardhaman Market,Rice,2024-07-01,3491.701935483871,3976.4896774193544,3746.4864516129032,3637.19,3860.45,3756.48,71.5606197825028,31
West Bengal,Bardhaman,Bardhaman Market,Rice,2024-08-01,3390.257741935484,3854.435161290323,3616.642580645161,3518.6,3838.01,3597.69,77.89580035610571,31
West Bengal,Bardhaman,Bardhaman Market,Rice,2024-09-01,3217.4049999999997,3680.6896666666667,3445.5663333333337,3267.5,3582.17,3449.545,69.89749048247097,30
West Bengal,Bardhaman,Bardhaman Market,Rice,2024-10-01,3034.3625806451614,3481.2306451612903,3270.52,3038.3,3535.67,3253.43,106.4952936675293,31
West Bengal,Bardhaman,Bardhaman Market,Rice,2024-11-01,2967.9913333333334,3391.3886666666667,3181.8216666666663,3038.28,3319.84,3179.6,64.94646373975141,30
West Bengal,Bardhaman,Bardhaman Market,Rice,2024-12-01,2939.8770967741934,3360.315483870968,3147.6506451612904,3012.68,3328.61,3164.0,84.12287167928764,31
West Bengal,Bardhaman,Bardhaman Market,Rice,2025-01-01,2991.908709677419,3390.640967741935,3198.1532258064517,3025.47,3430.74,3187.23,99.66347724173582,31
West Bengal,Bardhaman,Bardhaman Market,Rice,2025-02-01,3104.0389285714286,3548.977142857143,3347.3917857142856,3145.74,3523.13,3335.67,82.20011895339563,28
West Bengal,Bardhaman,Bardhaman Market,Rice,2025-03-01,3316.768387096774,3728.173548387097,3516.2345161290323,3314.14,3727.24,3526.87,107.06816177366368,31
West Bengal,Bardhaman,Bardhaman Market,Rice,2025-04-01,3447.33,3921.563,3703.1856666666667,3470.75,3928.27,3704.945,105.38667529080963,30
West Bengal,Bardhaman,Bardhaman Market,Rice,2025-05-01,3516.9783870967744,3988.8225806451615,3761.704516129032,3605.09,3985.1,3748.29,93.61673069271038,31
West Bengal,Bardhaman,Bardhaman Market,Rice,2025-06-01,3618.404,4107.645666666666,3840.5009999999997,3694.93,3977.14,3849.0950000000003,65.74851011029928,30
West Bengal,Bardhaman,Bardhaman Market,Rice,2025-07-01,3482.165483870968,4003.54935483871,3737.359032258065,3559.05,3916.36,3731.21,89.71768637806184,31
West Bengal,Bardhaman,Bardhaman Market,Rice,2025-08-01,3367.2148387096777,3871.605483870968,3618.842258064516,3446.91,3798.05,3635.83,88.06890740436077,31
West Bengal,Bardhaman,Bardhaman Market,Rice,2025-09-01,3264.313,3703.279666666667,3482.7953333333335,3293.67,3658.08,3509.96,90.54573699416275,30
West Bengal,Bardhaman,Bardhaman Market,Rice,2025-10-01,3056.8870967741937,3489.706451612903,3287.17064516129,3080.33,3485.93,3290.08,88.85174336820836,31
West Bengal,Bardhaman,Bardhaman Market,Rice,2025-11-01,2984.7936666666665,3383.913,3196.7293333333337,2894.42,3403.97,3200.61,110.33671771174947,30
West Bengal,Bardhaman,Bardhaman Market,Rice,2025-12-01,2958.3367741935485,3359.9593548387097,3157.727096774194,3009.59,3356.16,3158.74,84.59279792801694,31
West Bengal,Bardhaman,Bardhaman Market,Rice,2026-01-01,3039.904516129032,3465.4193548387098,3257.497096774194,3101.37,3447.64,3232.19,94.71793692128033,31
West Bengal,Bardhaman,Bardhaman Market,Rice,2026-02-01,3195.3592857142858,3645.8989285714283,3424.4382142857144,3258.1,3563.98,3415.79,80.02149359661983,28
West Bengal,Bardhaman,Bardhaman Market,Rice,2026-03-01,3294.768064516129,3745.7493548387097,3517.8999999999996,3286.08,3669.88,3549.57,100.95831823084222,31
West Bengal,Bardhaman,Bardhaman Market,Rice,2026-04-01,3478.3436666666666,3963.8066666666664,3723.6553333333336,3493.16,3959.51,3712.335,98.9709080116156,30
West Bengal,Bardhaman,Bardhaman Market,Rice,2026-05-01,3556.201612903226,4068.1209677419356,3828.4422580645164,3600.46,4048.68,3850.65,96.61013744977564,31
West Bengal,Bardhaman,Bardhaman Market,Rice,2026-06-01,3617.550666666667,4096.234,3859.379,3655.45,4020.53,3862.935,95.11243696006727,30
West Bengal,Bardhaman,Bardhaman Market,Rice,2026-07-01,3560.1403225806453,4071.8351612903225,3818.7609677419355,3645.38,4019.55,3799.97,88.13890693501324,31
West Bengal,Bardhaman,Bardhaman Market,Rice,2026-08-01,3437.46935483871,3937.6116129032257,3679.471612903226,3400.75,3912.15,3679.75,115.75332254689339,31
West Bengal,Bardhaman,Bardhaman Market,Tomato,2023-01-01,1633.491935483871,1862.2906451612903,1749.3787096774192,1666.8,1828.32,1738.97,44.15477843087393,31
West Bengal,Bardhaman,Bardhaman Market,Tomato,2023-02-01,1574.5532142857141,1791.6978571428572,1685.0932142857143,1591.03,1762.53,1689.5500000000002,41.801115885652024,28
West Bengal,Bardhaman,Bardhaman Market,Tomato,2023-03-01,1544.7554838709677,1764.3054838709677,1654.9351612903224,1548.82,1787.68,1650.21,53.48118104348905,31
West Bengal,Bardhaman,Bardhaman Market,Tomato,2023-04-01,1560.119,1790.9976666666666,1677.2523333333334,1567.77,1774.68,1675.48,50.39618558932831,30
West Bengal,Bardhaman,Bardhaman Market,Tomato,2023-05-01,1601.4109677419353,1822.0106451612903,1711.5961290322582,1607.53,1816.75,1712.66,57.708362691347745,31
West Bengal,Bardhaman,Bardhaman Market,Tomato,2023-06-01,1642.138,1876.9566666666665,1762.1193333333333,1644.59,1896.28,1758.21,69.26744410856612,30
West Bengal,Bardhaman,Bardhaman Market,Tomato,2023-07-01,1719.876129032258,1951.4916129032258,1840.7964516129034,1691.84,1940.47,1857.98,57.1728690638247,31
West Bengal,Bardhaman,Bardhaman Market,Tomato,2023-08-01,1776.069677419355,2013.1306451612904,1896.6222580645162,1795.42,2029.06,1892.26,47.63305537891923,31
West Bengal,Bardhaman,Bardhaman Market,Tomato,2023-09-01,1810.6053333333334,2059.9280000000003,1935.627,1853.06,2038.36,1937.025,43.750429842223426,30
West Bengal,Bardhaman,Bardhaman Market,Tomato,2023-10-01,1792.3929032258065,2058.659677419355,1925.6254838709676,1821.54,2023.32,1914.11,49.4107529348764,31
West Bengal,Bardhaman,Bardhaman Market,Tomato,2023-11-01,1761.448,2002.9396666666667,1884.8339999999998,1797.34,1987.44,1874.9699999999998,47.2119224860372,30
West Bengal,Bardhaman,Bardhaman Market,Tomato,2023-12-01,1689.483870967742,1928.4390322580646,1813.9996774193548,1699.15,1933.21,1810.01,64.3894975641148,31
West Bengal,Bardhaman,Bardhaman Market,Tomato,2024-01-01,1653.9235483870968,1878.5848387096773,1758.8109677419354,1638.43,1916.31,1764.59,65.05056491452562,31
West Bengal,Bardhaman,Bardhaman Market,Tomato,2024-02-01,1615.3551724137933,1852.9196551724137,1736.4613793103447,1640.39,1834.04,1748.02,49.874656728080296,29
West Bengal,Bardhaman,Bardhaman Market,Tomato,2024-03-01,1580.231935483871,1803.5425806451613,1683.5351612903225,1606.28,1772.94,1687.26,44.25963811201412,31
West Bengal,Bardhaman,Bardhaman Market,Tomato,2024-04-01,1569.2089999999998,1783.6646666666668,1681.0600000000002,1581.44,1774.01,1686.2800000000002,47.533384130488244,30
West Bengal,Bardhaman,Bardhaman Market,Tomato,2024-05-01,1597.3722580645162,1841.2383870967742,1715.8832258064515,1538.97,1855.62,1720.35,61.33890942336123,31
West Bengal,Bardhaman,Bardhaman Market,Tomato,2024-06-01,1704.0089999999998,1941.3443333333335,1822.4313333333334,1759.04,1951.19,1817.395,51.802206765225016,30
West Bengal,Bardhaman,Bardhaman Market,Tomato,2024-07-01,1741.4125806451614,1993.6606451612904,1867.3941935483872,1789.89,2006.74,1867.49,45.12717398450693,31
West Bengal,Bardhaman,Bardhaman Market,Tomato,2024-08-01,1796.3590322580644,2045.7235483870968,1921.414516129032,1827.42,2057.81,1918.07,52.46672811339324,31
West Bengal,Bardhaman,Bardhaman Market,Tomato,2024-09-01,1828.6699999999998,2078.3563333333336,1958.7523333333334,1852.32,2045.01,1962.05,50.809644121437515,30
West Bengal,Bardhaman,Bardhaman Market,Tomato,2024-10-01,1837.4932258064516,2072.7335483870966,1954.9806451612903,1847.02,2055.36,1950.94,47.545373622501174,31
West Bengal,Bardhaman,Bardhaman Market,Tomato,2024-11-01,1781.943,2048.132666666667,1921.157,1814.73,1988.45,1916.1799999999998,44.69629060825882,30
West Bengal,Bardhaman,Bardhaman Market,Tomato,2024-12-01,1699.4499999999998,1959.554193548387,1836.476129032258,1714.33,1933.54,1836.34,51.811528168765705,31
West Bengal,Bardhaman,Bardhaman Market,Tomato,2025-01-01,1667.9864516129032,1902.841612903226,1785.876129032258,1680.51,1897.87,1784.07,52.12544053706213,31
West Bengal,Bardhaman,Bardhaman Market,Tomato,2025-02-01,1637.7492857142856,1867.3539285714285,1748.0560714285714,1627.13,1885.33,1751.905,60.156659453358046,28
West Bengal,Bardhaman,Bardhaman Market,Tomato,2025-03-01,1595.3877419354837,1804.0606451612903,1697.0245161290322,1607.16,1754.86,1700.14,35.20255434280392,31
West Bengal,Bardhaman,Bardhaman Market,Tomato,2025-04-01,1586.067,1796.3100000000002,1686.7783333333332,1577.66,1779.82,1679.6100000000001,51.55726451929579,30
West Bengal,Bardhaman,Bardhaman Market,Tomato,2025-05-01,1629.1629032258065,1856.234193548387,1745.6209677419354,1661.54,1874.98,1752.62,54.54489694156176,31
West Bengal,Bardhaman,Bardhaman Market,Tomato,2025-06-01,1686.0230000000001,1928.2466666666667,1807.4503333333334,1706.76,1895.24,1805.6100000000001,47.80962646417225,30
West Bengal,Bardhaman,Bardhaman Market,Tomato,2025-07-01,1758.0554838709677,1997.081935483871,1880.292258064516,1790.27,2004.27,1869.87,53.97665882642727,31
West Bengal,Bardhaman,Bardhaman Market,Tomato,2025-08-01,1816.9548387096775,2065.9409677419353,1939.4948387096772,1870.93,2052.78,1949.62,47.99291273170581,31
West Bengal,Bardhaman,Bardhaman Market,Tomato,2025-09-01,1848.362,2103.031,1976.6323333333335,1845.23,2081.71,1976.4899999999998,47.97963984020102,30
West Bengal,Bardhaman,Bardhaman Market,Tomato,2025-10-01,1827.9935483870968,2090.7835483870967,1962.7409677419355,1876.3,2039.22,1962.31,44.53382425040084,31
West Bengal,Bardhaman,Bardhaman Market,Tomato,2025-11-01,1796.97,2043.4029999999998,1922.65,1808.99,2017.87,1932.54,50.95778049624461,30
West Bengal,Bardhaman,Bardhaman Market,Tomato,2025-12-01,1753.3945161290324,1981.7316129032258,1867.3374193548386,1795.51,1971.72,1862.3,44.68601197748137,31
West Bengal,Bardhaman,Bardhaman Market,Tomato,2026-01-01,1664.1083870967743,1912.1690322580644,1795.9951612903226,1697.06,1884.96,1800.9,47.52936326601817,31
West Bengal,Bardhaman,Bardhaman Market,Tomato,2026-02-01,1624.3332142857143,1850.0842857142857,1739.465357142857,1642.56,1861.06,1729.3899999999999,58.45870935855258,28
West Bengal,Bardhaman,Bardhaman Market,Tomato,2026-03-01,1596.306129032258,1836.5525806451612,1718.5980645161292,1636.09,1822.04,1716.16,45.64876167866664,31
West Bengal,Bardhaman,Bardhaman Market,Tomato,2026-04-01,1607.109,1848.55,1730.5923333333333,1643.17,1886.35,1724.0349999999999,53.18898931191473,30
West Bengal,Bardhaman,Bardhaman Market,Tomato,2026-05-01,1644.3267741935483,1886.6977419354837,1764.6406451612904,1644.02,1916.65,1761.28,56.272344535925384,31
West Bengal,Bardhaman,Bardhaman Market,Tomato,2026-06-01,1731.0583333333334,1963.3866666666665,1842.2160000000001,1692.66,1973.03,1828.485,67.9182539375906,30
West Bengal,Bardhaman,Bardhaman Market,Tomato,2026-07-01,1792.5777419354838,2029.2306451612903,1907.7041935483871,1737.54,2077.24,1908.68,66.13220974049852,31
West Bengal,Bardhaman,Bardhaman Market,Tomato,2026-08-01,1823.7370967741936,2075.6890322580643,1949.3777419354838,1851.17,2103.74,1947.03,58.45876037627878,31
West Bengal,Bardhaman,Bardhaman Market,Wheat,2023-01-01,3268.690322580645,3705.8835483870967,3479.9196774193547,3259.65,3690.07,3493.82,104.49626932683188,31
West Bengal,Bardhaman,Bardhaman Market,Wheat,2023-02-01,3132.6889285714287,3538.4942857142855,3342.8367857142853,3189.47,3471.84,3330.8,69.16810087153335,28
West Bengal,Bardhaman,Bardhaman Market,Wheat,2023-03-01,3055.5138709677417,3483.0129032258064,3273.3787096774195,3105.72,3483.34,3259.57,91.3096641012307,31
West Bengal,Bardhaman,Bardhaman Market,Wheat,2023-04-01,3055.711333333333,3476.3306666666667,3262.779666666667,3105.32,3408.97,3264.965,82.63370383947385,30
West Bengal,Bardhaman,Bardhaman Market,Wheat,2023-05-01,3039.6629032258065,3468.377419354839,3257.747741935484,3105.02,3425.63,3250.55,87.1465342095209,31
West Bengal,Bardhaman,Bardhaman Market,Wheat,2023-06-01,3116.016666666667,3589.752,3363.798666666667,3126.89,3614.35,3355.16,109.8535613577844,30
West Bengal,Bardhaman,Bardhaman Market,Wheat,2023-07-01,3260.46,3718.8632258064513,3502.5687096774195,3332.5,3704.86,3512.48,102.69147354225447,31
West Bengal,Bardhaman,Bardhaman Market,Wheat,2023-08-01,3366.7106451612904,3852.2670967741933,3601.422258064516,3397.54,3754.63,3582.81,105.76589496649908,31
West Bengal,Bardhaman,Bardhaman Market,Wheat,2023-09-01,3482.205,3989.565,3730.5186666666664,3543.34,3888.75,3725.24,86.67381236501059,30
West Bengal,Bardhaman,Bardhaman Market,Wheat,2023-10-01,3504.431612903226,4000.402258064516,3738.6874193548388,3541.96,3887.86,3734.72,70.43889588230545,31
West Bengal,Bardhaman,Bardhaman Market,Wheat,2023-11-01,3468.3016666666667,3967.52,3718.4306666666666,3566.68,3849.84,3721.9700000000003,75.52703758546865,30
West Bengal,Bardhaman,Bardhaman Market,Wheat,2023-12-01,3387.2522580645164,3863.6812903225805,3618.148064516129,3438.06,3829.57,3609.03,93.25713464821722,31
West Bengal,Bardhaman,Bardhaman Market,Wheat,2024-01-01,3260.4632258064516,3746.308387096774,3501.6612903225805,3314.17,3720.59,3473.91,100.05011746592929,31
West Bengal,Bardhaman,Bardhaman Market,Wheat,2024-02-01,3169.321379310345,3608.326896551724,3404.418275862069,3267.74,3576.8,3403.15,88.79834064042294,29
West Bengal,Bardhaman,Bardhaman Market,Wheat,2024-03-01,3063.6783870967743,3528.788064516129,3302.1051612903225,3124.62,3552.82,3286.37,93.97063704054818,31
West Bengal,Bardhaman,Bardhaman Market,Wheat,2024-04-01,3067.9883333333332,3479.4396666666667,3282.7830000000004,3165.56,3501.01,3260.7,82.61036981538388,30
West Bengal,Bardhaman,Bardhaman Market,Wheat,2024-05-01,3061.48,3526.6951612903226,3298.753548387097,3140.8,3507.87,3286.4,85.70114089277074,31
West Bengal,Bardhaman,Bardhaman Market,Wheat,2024-06-01,3155.754,3584.703,3378.8233333333333,3182.59,3519.72,3387.34,87.63130417416122,30
West Bengal,Bardhaman,Bardhaman Market,Wheat,2024-07-01,3293.436129032258,3743.565483870968,3509.407096774193,3320.51,3663.18,3533.92,89.31123263410748,31
West Bengal,Bardhaman,Bardhaman Market,Wheat,2024-08-01,3414.926774193548,3887.6748387096773,3640.24064516129,3409.38,3805.46,3654.99,95.02320663695741,31
West Bengal,Bardhaman,Bardhaman Market,Wheat,2024-09-01,3480.288666666667,3967.663,3737.874666666667,3586.92,3847.4,3749.385,73.21019124144674,30
West Bengal,Bardhaman,Bardhaman Market,Wheat,2024-10-01,3519.2096774193546,4029.569677419355,3782.0229032258067,3593.64,3956.41,3777.8,90.1255820579835,31
West Bengal,Bardhaman,Bardhaman Market,Wheat,2024-11-01,3506.637666666667,3961.102,3743.998666666667,3562.13,3971.29,3747.385,94.99657197928815,30
West Bengal,Bardhaman,Bardhaman Market,Wheat,2024-12-01,3388.1403225806453,3853.2748387096776,3631.0461290322582,3376.36,3810.29,3654.52,105.84626829124772,31
West Bengal,Bardhaman,Bardhaman Market,Wheat,2025-01-01,3302.312258064516,3775.6096774193547,3532.6335483870967,3262.16,3727.76,3553.45,109.30671679722731,31
West Bengal,Bardhaman,Bardhaman Market,Wheat,2025-02-01,3151.0010714285713,3613.2757142857145,3386.042857142857,3212.26,3592.19,3386.185,98.57259103140936,28
West Bengal,Bardhaman,Bardhaman Market,Wheat,2025-03-01,3111.2551612903226,3544.3787096774195,3334.4735483870963,3176.89,3552.46,3342.28,91.04627850891316,31
West Bengal,Bardhaman,Bardhaman Market,Wheat,2025-04-01,3065.7470000000003,3507.9683333333332,3298.3586666666665,3041.17,3512.66,3309.3450000000003,97.76239816367358,30
West Bengal,Bardhaman,Bardhaman Market,Wheat,2025-05-01,3123.3612903225808,3566.7129032258067,3349.8787096774195,3154.37,3566.6,3372.8,97.0035692725423,31
West Bengal,Bardhaman,Bardhaman Market,Wheat,2025-06-01,3201.9716666666664,3650.6549999999997,3436.275666666667,3256.09,3699.55,3427.0299999999997,98.6397096607346,30
West Bengal,Bardhaman,Bardhaman Market,Wheat,2025-07-01,3318.826129032258,3766.5970967741932,3547.796129032258,3349.33,3750.18,3538.2,92.4348630361737,31
West Bengal,Bardhaman,Bardhaman Market,Wheat,2025-08-01,3416.5609677419357,3899.0890322580644,3669.6645161290326,3419.94,3975.34,3674.83,126.7789953117555,31
West Bengal,Bardhaman,Bardhaman Market,Wheat,2025-09-01,3524.301,4024.1826666666666,3772.565666666667,3619.59,3911.1,3768.085,83.90931330838701,30
West Bengal,Bardhaman,Bardhaman Market,Wheat,2025-10-01,3540.7690322580643,4023.1677419354837,3774.827741935484,3576.12,3905.38,3784.56,82.91546320237565,31
West Bengal,Bardhaman,Bardhaman Market,Wheat,2025-11-01,3541.464,4005.650666666667,3773.498,3600.1,3951.97,3775.1499999999996,72.1774130014799,30
West Bengal,Bardhaman,Bardhaman Market,Wheat,2025-12-01,3427.9735483870963,3891.376774193548,3671.434516129032,3500.56,3912.96,3662.74,99.41359738783918,31
West Bengal,Bardhaman,Bardhaman Market,Wheat,2026-01-01,3317.378064516129,3794.4012903225807,3559.686774193548,3352.94,3812.24,3542.03,106.13048460541705,31
West Bengal,Bardhaman,Bardhaman Market,Wheat,2026-02-01,3219.1475,3621.7396428571424,3427.1653571428574,3225.42,3635.21,3416.6800000000003,95.84288931997548,28
West Bengal,Bardhaman,Bardhaman Market,Wheat,2026-03-01,3146.3548387096776,3598.373225806452,3363.955806451613,3226.89,3568.01,3356.67,78.74328918598692,31
West Bengal,Bardhaman,Bardhaman Market,Wheat,2026-04-01,3118.7509999999997,3543.9033333333336,3340.359,3225.96,3465.94,3337.255,70.26948061471687,30
West Bengal,Bardhaman,Bardhaman Market,Wheat,2026-05-01,3143.391290322581,3591.78,3362.4177419354837,3185.01,3541.14,3376.62,93.6704154899748,31
West Bengal,Bardhaman,Bardhaman Market,Wheat,2026-06-01,3216.6786666666667,3655.1693333333333,3446.961333333333,3303.72,3692.46,3432.045,97.79889554884923,30
West Bengal,Bardhaman,Bardhaman Market,Wheat,2026-07-01,3328.3348387096776,3793.3170967741935,3560.7245161290325,3357.5,3701.91,3577.54,76.45338234674807,31
West Bengal,Bardhaman,Bardhaman Market,Wheat,2026-08-01,3436.068387096774,3909.376129032258,3681.6438709677423,3469.83,3887.25,3674.43,96.66800907150957,31
West Bengal,Malda,Malda Market,Onion,2023-01-01,2820.4393548387097,3230.1874193548388,3015.9748387096774,2847.62,3184.64,3037.2,77.24535687754835,31
West Bengal,Malda,Malda Market,Onion,2023-02-01,2723.285,3116.255357142857,2918.715,2742.96,3108.09,2917.8199999999997,79.0248345165643,28
West Bengal,Malda,Malda Market,Onion,2023-03-01,2673.381935483871,3078.2290322580648,2875.5190322580643,2678.97,2992.36,2870.84,71.65784880736325,31
West Bengal,Malda,Malda Market,Onion,2023-04-01,2721.413666666667,3111.4713333333334,2922.546333333333,2753.41,3085.62,2936.2200000000003,80.5550537160482,30
West Bengal,Malda,Malda Market,Onion,2023-05-01,2774.1564516129033,3162.4954838709677,2971.002903225806,2795.99,3138.87,2966.03,80.63589710104517,31
West Bengal,Malda,Malda Market,Onion,2023-06-01,2868.057333333333,3271.394,3078.968,2894.35,3269.75,3085.23,88.49430448846148,30
West Bengal,Malda,Malda Market,Onion,2023-07-01,2985.686774193548,3391.721935483871,3182.2477419354836,2974.86,3341.26,3178.56,89.1638247538271,31
West Bengal,Malda,Malda Market,Onion,2023-08-01,3042.0512903225804,3447.452580645161,3244.273870967742,3034.35,3509.7,3236.9,106.50737425729159,31
West Bengal,Malda,Malda Market,Onion,2023-09-01,3103.4963333333335,3523.4023333333334,3304.9033333333336,3125.87,3434.68,3305.8,77.60369175955898,30
West Bengal,Malda,Malda Market,Onion,2023-10-01,3080.8522580645163,3495.2070967741934,3294.685483870968,3114.4,3491.31,3304.32,98.23637611525615,31
West Bengal,Malda,Malda Market,Onion,2023-11-01,3051.5440000000003,3469.6566666666668,3247.352,3121.71,3451.15,3247.9,75.7959377220996,30
West Bengal,Malda,Malda Market,Onion,2023-12-01,2925.7654838709677,3332.557741935484,3144.2070967741934,2951.07,3347.45,3127.34,90.28078773816503,31
West Bengal,Malda,Malda Market,Onion,2024-01-01,2818.812258064516,3197.011612903226,3012.2164516129033,2770.92,3176.73,3017.83,85.66804139811548,31
West Bengal,Malda,Malda Market,Onion,2024-02-01,2772.5062068965517,3145.9500000000003,2951.188275862069,2806.32,3125.8,2935.2,79.73831235758297,29
West Bengal,Malda,Malda Market,Onion,2024-03-01,2704.6890322580643,3085.7687096774193,2892.8648387096773,2781.82,3015.75,2890.96,56.11146649725989,31
West Bengal,Malda,Malda Market,Onion,2024-04-01,2723.4356666666663,3121.5453333333335,2931.8456666666666,2830.21,3050.25,2918.54,60.865046403318935,30
West Bengal,Malda,Malda Market,Onion,2024-05-01,2811.513870967742,3172.592580645161,3002.39064516129,2868.73,3233.44,2986.69,91.91860569494739,31
West Bengal,Malda,Malda Market,Onion,2024-06-01,2895.164333333333,3293.7176666666664,3092.1076666666663,2899.41,3249.5,3099.96,88.1475308271284,30
West Bengal,Malda,Malda Market,Onion,2024-07-01,3001.8693548387096,3403.559677419355,3204.3503225806453,3020.01,3327.86,3221.97,82.6091142059549,31
West Bengal,Malda,Malda Market,Onion,2024-08-01,3074.2532258064516,3515.8787096774195,3297.9016129032257,3100.34,3483.65,3309.27,94.08678830727769,31
West Bengal,Malda,Malda Market,Onion,2024-09-01,3136.789333333333,3565.485333333333,3344.5409999999997,3190.08,3438.19,3348.5950000000003,59.5106125192288,30
West Bengal,Malda,Malda Market,Onion,2024-10-01,3112.5409677419357,3540.815483870968,3326.0377419354836,3169.45,3426.25,3333.66,60.14812552965556,31
West Bengal,Malda,Malda Market,Onion,2024-11-01,3045.3546666666666,3466.075,3260.4313333333334,2982.89,3434.39,3260.545,103.34902257460597,30
West Bengal,Malda,Malda Market,Onion,2024-12-01,2921.5045161290323,3335.198064516129,3125.2541935483873,2932.55,3346.08,3110.48,97.15202872385767,31
West Bengal,Malda,Malda Market,Onion,2025-01-01,2849.360322580645,3198.8267741935483,3030.0354838709677,2879.11,3210.88,3041.48,81.67932234614037,31
West Bengal,Malda,Malda Market,Onion,2025-02-01,2746.513214285714,3138.332142857143,2946.1692857142857,2803.27,3104.59,2945.8900000000003,75.68305054773903,28
West Bengal,Malda,Malda Market,Onion,2025-03-01,2721.9148387096775,3097.9938709677417,2907.7593548387094,2754.64,3087.89,2920.81,82.76383469187017,31
West Bengal,Malda,Malda Market,Onion,2025-04-01,2706.734,3091.985333333333,2905.1583333333333,2732.24,3118.36,2913.42,88.18066928220429,30
West Bengal,Malda,Malda Market,Onion,2025-05-01,2810.222258064516,3177.1367741935487,3008.605806451613,2870.4,3214.24,3004.53,90.58567494455896,31
West Bengal,Malda,Malda Market,Onion,2025-06-01,2921.699666666667,3324.0956666666666,3121.737,2950.79,3267.6,3135.67,90.93524331576032,30
West Bengal,Malda,Malda Market,Onion,2025-07-01,3019.7770967741935,3421.448064516129,3221.621935483871,3080.22,3347.83,3222.93,67.69077122815455,31
West Bengal,Malda,Malda Market,Onion,2025-08-01,3091.4461290322583,3526.8035483870967,3314.5838709677423,3159.31,3507.15,3317.77,101.6796845876766,31
West Bengal,Malda,Malda Market,Onion,2025-09-01,3122.713666666667,3549.760333333333,3329.413666666667,3234.03,3442.04,3326.5249999999996,53.705267094374946,30
West Bengal,Malda,Malda Market,Onion,2025-10-01,3130.2951612903225,3573.547096774194,3355.9196774193547,3247.37,3517.06,3344.0,73.91507814079024,31
West Bengal,Malda,Malda Market,Onion,2025-11-01,3064.500333333333,3487.5789999999997,3271.262666666667,3118.82,3422.55,3271.115,86.5850801009732,30
West Bengal,Malda,Malda Market,Onion,2025-12-01,2970.7145161290323,3395.8932258064515,3172.3987096774194,2924.44,3338.57,3179.22,95.72801142619092,31
West Bengal,Malda,Malda Market,Onion,2026-01-01,2877.2854838709677,3254.9261290322584,3065.316451612903,2855.75,3233.54,3080.46,95.97882712863944,31
West Bengal,Malda,Malda Market,Onion,2026-02-01,2778.7707142857143,3172.3767857142857,2977.0271428571427,2777.41,3169.64,2992.55,88.89206363179773,28
West Bengal,Malda,Malda Market,Onion,2026-03-01,2750.776129032258,3131.3067741935483,2923.937741935484,2750.99,3122.29,2914.94,83.48042064698663,31
West Bengal,Malda,Malda Market,Onion,2026-04-01,2767.0703333333336,3146.197333333333,2971.3143333333337,2832.31,3140.55,2955.95,78.71002007295553,30
West Bengal,Malda,Malda Market,Onion,2026-05-01,2851.6325806451614,3242.7361290322583,3055.335806451613,2871.77,3268.06,3045.33,97.88488020030461,31
West Bengal,Malda,Malda Market,Onion,2026-06-01,2938.0153333333337,3343.522,3148.399,2957.02,3376.34,3152.75,92.7204898811103,30
West Bengal,Malda,Malda Market,Onion,2026-07-01,3062.957741935484,3454.162580645161,3249.2683870967744,3047.33,3409.12,3262.34,95.58892816279426,31
West Bengal,Malda,Malda Market,Onion,2026-08-01,3133.4619354838705,3570.980322580645,3338.2883870967744,3196.5,3482.5,3327.96,75.80508277139793,31
West Bengal,Malda,Malda Market,Potato,2023-01-01,1393.0416129032258,1575.2129032258065,1481.868387096774,1346.79,1557.1,1495.91,52.26693199954594,31
West Bengal,Malda,Malda Market,Potato,2023-02-01,1480.5657142857142,1682.9975,1585.3353571428572,1498.71,1670.57,1586.505,45.40807820789598,28
West Bengal,Malda,Malda Market,Potato,2023-03-01,1541.5664516129032,1758.5106451612903,1653.4893548387097,1574.27,1733.34,1648.14,39.99491283780006,31
West Bengal,Malda,Malda Market,Potato,2023-04-01,1589.2543333333333,1822.573,1708.3013333333333,1605.19,1821.08,1706.26,41.916688531791905,30
West Bengal,Malda,Malda Market,Potato,2023-05-01,1617.06,1831.8429032258064,1724.648064516129,1648.86,1790.81,1726.12,35.40004693211158,31
West Bengal,Malda,Malda Market,Potato,2023-06-01,1578.318,1800.3386666666668,1690.6513333333335,1589.73,1798.09,1690.725,45.39543655732243,30
West Bengal,Malda,Malda Market,Potato,2023-07-01,1511.6335483870967,1706.923870967742,1607.2090322580646,1525.42,1678.43,1617.17,41.85951204961965,31
West Bengal,Malda,Malda Market,Potato,2023-08-01,1432.8477419354838,1619.8509677419354,1517.8541935483872,1417.35,1605.42,1516.3,44.487836223264004,31
West Bengal,Malda,Malda Market,Potato,2023-09-01,1327.8529999999998,1499.7703333333334,1412.297,1323.89,1490.36,1420.48,39.58207955279936,30
West Bengal,Malda,Malda Market,Potato,2023-10-01,1286.3445161290322,1458.5929032258064,1374.139677419355,1310.57,1452.77,1375.12,35.628663225355545,31
West Bengal,Malda,Malda Market,Potato,2023-11-01,1280.8473333333334,1458.6483333333333,1370.7543333333333,1295.72,1468.93,1366.7150000000001,43.14524576704655,30
West Bengal,Malda,Malda Market,Potato,2023-12-01,1327.649677419355,1511.9945161290323,1418.5029032258064,1342.36,1499.97,1414.16,36.276911315927364,31
West Bengal,Malda,Malda Market,Potato,2024-01-01,1415.6341935483872,1612.1570967741936,1508.2377419354839,1409.65,1620.62,1508.27,47.85721490083302,31
West Bengal,Malda,Malda Market,Potato,2024-02-01,1517.7293103448276,1710.1589655172413,1612.6296551724138,1530.36,1702.94,1613.76,44.00450484104337,29
West Bengal,Malda,Malda Market,Potato,2024-03-01,1582.4106451612904,1803.5048387096774,1687.3651612903225,1605.81,1796.24,1688.9,44.338433656814985,31
West Bengal,Malda,Malda Market,Potato,2024-04-01,1634.4833333333333,1872.3253333333334,1746.1696666666664,1699.14,1810.5,1736.625,34.00399819122017,30
West Bengal,Malda,Malda Market,Potato,2024-05-01,1627.1964516129033,1856.8787096774192,1739.185806451613,1637.46,1833.23,1736.53,45.38463284521119,31
West Bengal,Malda,Malda Market,Potato,2024-06-01,1592.0753333333334,1807.7463333333333,1706.2166666666667,1638.33,1778.95,1704.88,35.35548119563239,30
West Bengal,Malda,Malda Market,Potato,2024-07-01,1532.1474193548388,1748.3316129032257,1632.7654838709675,1533.5,1774.44,1635.86,49.34082628944046,31
West Bengal,Malda,Malda Market,Potato,2024-08-01,1417.6106451612902,1620.6148387096773,1529.921935483871,1423.06,1624.55,1533.22,50.30260168350171,31
West Bengal,Malda,Malda Market,Potato,2024-09-01,1353.7006666666666,1544.6983333333333,1444.9483333333333,1369.84,1505.45,1450.85,40.1584461063691,30
West Bengal,Malda,Malda Market,Potato,2024-10-01,1308.9045161290323,1480.0916129032257,1396.6845161290323,1327.29,1473.7,1395.99,37.60662741580795,31
West Bengal,Malda,Malda Market,Potato,2024-11-01,1304.7863333333335,1489.5016666666668,1394.7949999999998,1304.32,1469.76,1402.6750000000002,36.4897656648527,30
West Bengal,Malda,Malda Market,Potato,2024-12-01,1352.7554838709677,1555.4725806451613,1449.974193548387,1352.18,1543.66,1448.51,38.78264747488613,31
West Bengal,Malda,Malda Market,Potato,2025-01-01,1454.004193548387,1637.975806451613,1540.7564516129032,1448.05,1629.85,1550.91,49.85095094702379,31
West Bengal,Malda,Malda Market,Potato,2025-02-01,1526.6571428571428,1752.6225,1633.550357142857,1528.31,1717.32,1639.295,43.01158900525077,28
West Bengal,Malda,Malda Market,Potato,2025-03-01,1598.4574193548387,1819.7045161290323,1707.0987096774193,1619.59,1790.28,1697.82,48.66136138265046,31
West Bengal,Malda,Malda Market,Potato,2025-04-01,1663.7426666666665,1882.9616666666666,1766.8593333333333,1701.9,1846.9,1766.04,34.53127267628108,30
West Bengal,Malda,Malda Market,Potato,2025-05-01,1642.0996774193547,1877.551935483871,1764.9093548387098,1704.33,1846.76,1762.64,34.657614068242324,31
West Bengal,Malda,Malda Market,Potato,2025-06-01,1611.828,1835.4533333333334,1727.8839999999998,1640.55,1839.5,1732.365,47.02181442398979,30
West Bengal,Malda,Malda Market,Potato,2025-07-01,1531.2577419354839,1736.7129032258065,1644.404193548387,1579.53,1749.48,1639.78,42.556711634726824,31
West Bengal,Malda,Malda Market,Potato,2025-08-01,1460.2470967741933,1646.8429032258064,1553.2548387096774,1457.99,1643.7,1558.6,45.7920967614114,31
West Bengal,Malda,Malda Market,Potato,2025-09-01,1389.713,1576.8356666666666,1475.894,1364.17,1569.77,1473.3400000000001,52.29823367492673,30
West Bengal,Malda,Malda Market,Potato,2025-10-01,1340.0409677419354,1515.4396774193547,1426.0225806451613,1313.23,1515.48,1434.06,40.32445204982063,31
West Bengal,Malda,Malda Market,Potato,2025-11-01,1316.7473333333332,1500.9186666666667,1409.4816666666666,1321.18,1475.54,1415.575,41.226624815501964,30
West Bengal,Malda,Malda Market,Potato,2025-12-01,1380.7093548387097,1580.383870967742,1483.2374193548387,1392.02,1554.41,1490.71,35.81304743318574,31
West Bengal,Malda,Malda Market,Potato,2026-01-01,1446.0022580645161,1657.303548387097,1547.6758064516127,1460.55,1626.52,1557.52,41.91320458393311,31
West Bengal,Malda,Malda Market,Potato,2026-02-01,1543.3582142857142,1759.6210714285714,1658.3446428571428,1524.84,1760.67,1666.275,58.18577740702888,28
West Bengal,Malda,Malda Market,Potato,2026-03-01,1626.2032258064517,1853.9393548387097,1734.7554838709677,1669.48,1818.6,1733.81,41.24162960235785,31
West Bengal,Malda,Malda Market,Potato,2026-04-01,1687.3006666666665,1909.2106666666666,1791.4143333333334,1716.76,1873.08,1786.275,41.529519346200395,30
West Bengal,Malda,Malda Market,Potato,2026-05-01,1670.587741935484,1922.5490322580645,1791.207741935484,1702.31,1905.86,1790.49,43.66056807613916,31
West Bengal,Malda,Malda Market,Potato,2026-06-01,1641.7936666666667,1869.074,1756.2793333333332,1683.2,1828.32,1755.91,38.29243068566027,30
West Bengal,Malda,Malda Market,Potato,2026-07-01,1572.8370967741935,1786.1935483870968,1685.9722580645162,1629.24,1770.2,1673.28,42.903397589598804,31
West Bengal,Malda,Malda Market,Potato,2026-08-01,1473.78,1688.8877419354837,1580.2548387096774,1468.69,1689.97,1577.65,50.842210538814186,31
West Bengal,Malda,Malda Market,Rice,2023-01-01,2901.4654838709675,3290.8964516129035,3088.004838709677,2937.32,3197.92,3098.57,67.0736282439413,31
West Bengal,Malda,Malda Market,Rice,2023-02-01,3074.9546428571425,3515.1803571428572,3297.1471428571426,3144.61,3517.99,3302.3,81.98170685098638,28
West Bengal,Malda,Malda Market,Rice,2023-03-01,3252.647419354839,3691.891612903226,3482.248064516129,3290.15,3740.67,3483.72,104.05773863323354,31
West Bengal,Malda,Malda Market,Rice,2023-04-01,3362.2196666666664,3871.346,3621.1053333333334,3416.7,3743.21,3641.745,96.51172095097873,30
West Bengal,Malda,Malda Market,Rice,2023-05-01,3404.496451612903,3910.2990322580645,3661.9712903225804,3507.21,3874.86,3652.7,73.67117481267395,31
West Bengal,Malda,Malda Market,Rice,2023-06-01,3364.3263333333334,3857.0793333333336,3597.238,3435.76,3759.38,3598.4049999999997,79.49407886863276,30
West Bengal,Malda,Malda Market,Rice,2023-07-01,3264.8274193548386,3702.5567741935483,3478.563870967742,3167.23,3617.64,3496.64,95.60365145318863,31
West Bengal,Malda,Malda Market,Rice,2023-08-01,3068.095483870968,3472.6354838709676,3268.0232258064516,3005.47,3484.26,3266.47,102.34208998540468,31
West Bengal,Malda,Malda Market,Rice,2023-09-01,2892.7183333333332,3287.2956666666664,3079.2073333333333,2907.08,3305.81,3080.745,106.05463660004592,30
West Bengal,Malda,Malda Market,Rice,2023-10-01,2801.954516129032,3176.58,2991.6987096774196,2784.43,3202.0,3004.35,94.76935178779884,31
West Bengal,Malda,Malda Market,Rice,2023-11-01,2754.7803333333336,3152.0136666666667,2954.2976666666664,2871.34,3135.54,2943.5,59.925163138087775,30
West Bengal,Malda,Malda Market,Rice,2023-12-01,2802.9570967741934,3193.659677419355,3000.1551612903227,2772.68,3177.75,2997.51,86.50115463086675,31
West Bengal,Malda,Malda Market,Rice,2024-01-01,2918.2245161290325,3333.819677419355,3123.3432258064518,2970.25,3287.94,3115.34,90.29559776597065,31
West Bengal,Malda,Malda Market,Rice,2024-02-01,3098.212068965517,3529.5079310344827,3311.041379310345,3141.17,3512.6,3285.76,122.60303333826546,29
West Bengal,Malda,Malda Market,Rice,2024-03-01,3272.066451612903,3756.798709677419,3508.502903225806,3365.72,3724.98,3510.67,93.1408614301854,31
West Bengal,Malda,Malda Market,Rice,2024-04-01,3393.6796666666664,3896.5813333333335,3650.808,3435.58,3868.8,3678.3,114.92639258718356,30
West Bengal,Malda,Malda Market,Rice,2024-05-01,3426.373870967742,3911.9967741935484,3681.68,3578.32,3826.0,3665.61,66.45415703074316,31
West Bengal,Malda,Malda Market,Rice,2024-06-01,3375.195,3826.1156666666666,3599.5080000000003,3343.03,3757.44,3597.8,92.98957462514552,30
West Bengal,Malda,Malda Market,Rice,2024-07-01,3258.7770967741935,3708.141290322581,3492.420322580645,3297.75,3658.89,3487.87,78.29520928229995,31
West Bengal,Malda,Malda Market,Rice,2024-08-01,3096.374516129032,3544.0841935483872,3314.0622580645163,3088.44,3544.53,3323.84,116.08948837598463,31
West Bengal,Malda,Malda Market,Rice,2024-09-01,2901.188,3342.8306666666667,3123.748,2912.23,3326.83,3102.21,107.37577706033309,30
West Bengal,Malda,Malda Market,Rice,2024-10-01,2834.72,3232.905806451613,3027.7135483870966,2844.05,3214.64,3023.58,85.1859387281097,31
West Bengal,Malda,Malda Market,Rice,2024-11-01,2758.4179999999997,3149.397,2956.116,2753.84,3135.0,2954.9449999999997,90.7659772047381,30
West Bengal,Malda,Malda Market,Rice,2024-12-01,2812.406129032258,3232.628387096774,3025.113870967742,2889.31,3200.77,3026.45,74.06155803012433,31
West Bengal,Malda,Malda Market,Rice,2025-01-01,2947.2477419354836,3338.793870967742,3150.3987096774194,3008.16,3334.19,3150.99,90.29574566360411,31
West Bengal,Malda,Malda Market,Rice,2025-02-01,3118.0614285714287,3568.1589285714285,3345.2225,3125.54,3487.42,3333.37,94.09033400290276,28
West Bengal,Malda,Malda Market,Rice,2025-03-01,3317.1129032258063,3744.1990322580646,3532.0887096774195,3382.66,3701.22,3535.39,77.16287582086507,31
West Bengal,Malda,Malda Market,Rice,2025-04-01,3427.371,3909.048333333333,3664.040333333333,3482.43,3821.97,3655.23,85.4793087479245,30
West Bengal,Malda,Malda Market,Rice,2025-05-01,3456.7106451612904,3956.565806451613,3710.408709677419,3532.06,3915.39,3712.14,92.70723102836291,31
West Bengal,Malda,Malda Market,Rice,2025-06-01,3437.7586666666666,3891.0433333333335,3674.5626666666667,3454.92,3835.54,3673.71,92.55747924969359,30
West Bengal,Malda,Malda Market,Rice,2025-07-01,3326.1161290322584,3778.823225806452,3547.0964516129034,3356.41,3718.7,3563.71,90.91366067313122,31
West Bengal,Malda,Malda Market,Rice,2025-08-01,3164.176774193548,3616.07935483871,3383.777419354839,3189.02,3609.28,3375.53,91.42706499236601,31
West Bengal,Malda,Malda Market,Rice,2025-09-01,2945.7019999999998,3365.311666666667,3148.9733333333334,2988.17,3376.11,3140.1549999999997,104.54333222469842,30
West Bengal,Malda,Malda Market,Rice,2025-10-01,2850.592903225807,3240.306129032258,3032.586451612903,2737.05,3170.43,3035.59,86.04851319840404,31
West Bengal,Malda,Malda Market,Rice,2025-11-01,2781.5546666666664,3168.798666666667,2963.5460000000003,2794.82,3099.21,2978.5649999999996,79.07983785935622,30
West Bengal,Malda,Malda Market,Rice,2025-12-01,2829.424193548387,3238.4606451612904,3029.6967741935487,2856.24,3261.35,3021.3,94.47472763962129,31
West Bengal,Malda,Malda Market,Rice,2026-01-01,2970.2635483870968,3405.908709677419,3175.581612903226,3015.85,3384.34,3161.87,91.28278202365702,31
West Bengal,Malda,Malda Market,Rice,2026-02-01,3170.005,3597.4396428571426,3389.148214285714,3180.2,3611.05,3397.52,104.9861054670456,28
West Bengal,Malda,Malda Market,Rice,2026-03-01,3348.1329032258063,3797.9374193548388,3560.6619354838713,3342.58,3800.79,3566.58,115.21746911585194,31
West Bengal,Malda,Malda Market,Rice,2026-04-01,3439.1953333333336,3950.5389999999998,3695.389666666667,3534.87,3873.89,3688.665,85.46729289650806,30
West Bengal,Malda,Malda Market,Rice,2026-05-01,3511.7229032258065,3985.7290322580648,3739.3090322580647,3544.83,3905.48,3743.2,94.52446375955951,31
West Bengal,Malda,Malda Market,Rice,2026-06-01,3432.4023333333334,3879.400666666667,3678.726,3411.98,3810.09,3691.0950000000003,78.41594215112319,30
West Bengal,Malda,Malda Market,Rice,2026-07-01,3323.1951612903226,3761.6612903225805,3552.8645161290324,3411.52,3692.61,3537.34,80.40265322482442,31
West Bengal,Malda,Malda Market,Rice,2026-08-01,3137.903870967742,3555.5329032258064,3357.6354838709676,3094.68,3528.22,3358.38,106.21899766798494,31
West Bengal,Malda,Malda Market,Tomato,2023-01-01,1600.0893548387098,1820.4070967741936,1712.5338709677421,1602.13,1791.14,1715.98,51.0362614015708,31
West Bengal,Malda,Malda Market,Tomato,2023-02-01,1650.0192857142858,1883.2403571428572,1762.7057142857143,1652.81,1859.88,1761.475,56.28526808299486,28
West Bengal,Malda,Malda Market,Tomato,2023-03-01,1751.4835483870968,2010.1200000000001,1881.7864516129032,1739.69,2015.47,1873.28,70.35573994817987,31
West Bengal,Malda,Malda Market,Tomato,2023-04-01,1825.6576666666665,2078.885,1957.4160000000002,1873.78,2047.68,1953.855,48.30218197398835,30
West Bengal,Malda,Malda Market,Tomato,2023-05-01,1886.3267741935483,2164.832903225806,2028.5554838709677,1912.29,2195.97,2021.62,59.49191322293073,31
West Bengal,Malda,Malda Market,Tomato,2023-06-01,1919.415,2169.5009999999997,2042.8113333333336,1895.65,2158.57,2049.3450000000003,54.83774642200098,30
West Bengal,Malda,Malda Market,Tomato,2023-07-01,1891.0522580645163,2149.954193548387,2016.9454838709676,1938.0,2119.92,2022.66,44.79009405651434,31
West Bengal,Malda,Malda Market,Tomato,2023-08-01,1833.6432258064517,2072.68064516129,1963.4925806451615,1859.3,2068.62,1961.73,42.92252430971734,31
West Bengal,Malda,Malda Market,Tomato,2023-09-01,1752.6100000000001,1990.1393333333333,1870.2416666666666,1756.75,1991.25,1869.4099999999999,57.11966145481477,30
West Bengal,Malda,Malda Market,Tomato,2023-10-01,1660.811612903226,1904.0335483870967,1780.196129032258,1663.79,1882.81,1784.14,55.458891482936515,31
West Bengal,Malda,Malda Market,Tomato,2023-11-01,1580.3976666666667,1796.1033333333332,1690.6243333333334,1609.31,1768.29,1690.9650000000001,44.1204836847321,30
West Bengal,Malda,Malda Market,Tomato,2023-12-01,1594.8206451612905,1813.3558064516128,1705.6445161290324,1633.59,1783.74,1693.37,45.14951611691314,31
West Bengal,Malda,Malda Market,Tomato,2024-01-01,1610.94,1842.025806451613,1728.155806451613,1658.66,1791.65,1730.66,32.29209168142084,31
West Bengal,Malda,Malda Market,Tomato,2024-02-01,1699.4472413793103,1928.3779310344828,1812.4179310344828,1713.7,1915.07,1813.03,47.579460708175276,29
West Bengal,Malda,Malda Market,Tomato,2024-03-01,1758.8506451612905,2019.7864516129032,1892.5464516129034,1808.04,2051.66,1885.83,58.66374266662439,31
West Bengal,Malda,Malda Market,Tomato,2024-04-01,1867.5183333333334,2131.136,1996.8980000000001,1880.3,2108.09,2009.665,57.54060050266165,30
West Bengal,Malda,Malda Market,Tomato,2024-05-01,1903.9732258064516,2164.717419354839,2034.2003225806452,1937.85,2167.89,2038.36,62.24681097501422,31
West Bengal,Malda,Malda Market,Tomato,2024-06-01,1937.789,2234.133333333333,2082.6986666666667,1964.57,2153.58,2086.185,44.094368608570676,30
West Bengal,Malda,Malda Market,Tomato,2024-07-01,1913.5503225806451,2185.6948387096772,2047.85,1945.73,2125.76,2056.28,42.88002557524112,31
West Bengal,Malda,Malda Market,Tomato,2024-08-01,1853.8022580645163,2118.4967741935484,1981.4974193548387,1900.99,2067.71,1981.79,42.53381203762023,31
West Bengal,Malda,Malda Market,Tomato,2024-09-01,1759.4873333333335,2011.0610000000001,1891.8806666666667,1788.08,2027.32,1891.33,55.390071121551934,30
West Bengal,Malda,Malda Market,Tomato,2024-10-01,1693.7987096774193,1904.7790322580645,1792.8703225806453,1686.08,1910.87,1796.66,52.0489203528034,31
West Bengal,Malda,Malda Market,Tomato,2024-11-01,1637.7583333333334,1868.2743333333335,1753.6036666666666,1675.5,1832.17,1752.5500000000002,45.10771021205478,30
West Bengal,Malda,Malda Market,Tomato,2024-12-01,1619.946129032258,1840.6683870967743,1728.6451612903227,1597.29,1824.9,1729.9,52.349858062269696,31
West Bengal,Malda,Malda Market,Tomato,2025-01-01,1630.9509677419355,1850.481935483871,1748.44,1661.39,1846.55,1741.1,41.652311660538935,31
West Bengal,Malda,Malda Market,Tomato,2025-02-01,1696.9792857142857,1939.7096428571429,1823.829642857143,1745.27,1947.96,1809.875,52.54255400481794,28
West Bengal,Malda,Malda Market,Tomato,2025-03-01,1791.814193548387,2045.8787096774195,1928.061935483871,1787.23,2043.2,1932.86,59.36201896944741,31
West Bengal,Malda,Malda Market,Tomato,2025-04-01,1892.3953333333334,2141.557,2016.3709999999999,1923.62,2157.32,2009.055,59.40486189031085,30
West Bengal,Malda,Malda Market,Tomato,2025-05-01,1933.99,2210.508387096774,2079.33,2000.79,2146.32,2081.69,39.78596771057207,31
West Bengal,Malda,Malda Market,Tomato,2025-06-01,1959.4676666666667,2233.009,2096.5713333333333,1950.03,2229.78,2094.505,58.875054241622905,30
West Bengal,Malda,Malda Market,Tomato,2025-07-01,1954.6090322580644,2214.743548387097,2086.0309677419355,1967.16,2201.05,2079.24,53.73213001267421,31
West Bengal,Malda,Malda Market,Tomato,2025-08-01,1877.0167741935484,2124.0,1997.9474193548388,1907.91,2098.54,2000.91,48.51136677575275,31
West Bengal,Malda,Malda Market,Tomato,2025-09-01,1770.7133333333334,2023.5040000000001,1903.4653333333333,1795.91,2024.56,1907.975,53.1975750506013,30
West Bengal,Malda,Malda Market,Tomato,2025-10-01,1718.4893548387097,1955.5106451612903,1819.6390322580644,1682.67,1946.44,1815.81,71.16458254660279,31
West Bengal,Malda,Malda Market,Tomato,2025-11-01,1657.233,1890.6326666666669,1775.5780000000002,1650.71,1882.55,1770.3400000000001,47.22957821038661,30
West Bengal,Malda,Malda Market,Tomato,2025-12-01,1635.9580645161288,1866.2958064516129,1747.4374193548385,1630.06,1832.91,1744.82,53.77155666755068,31
West Bengal,Malda,Malda Market,Tomato,2026-01-01,1669.334193548387,1908.4993548387097,1788.5064516129034,1641.94,1883.18,1791.44,55.60507360234835,31
West Bengal,Malda,Malda Market,Tomato,2026-02-01,1730.8260714285714,1970.1714285714286,1852.0882142857142,1753.73,2025.08,1836.105,56.22299338866619,28
West Bengal,Malda,Malda Market,Tomato,2026-03-01,1816.070322580645,2064.3167741935486,1944.5906451612902,1842.1,2056.47,1950.44,47.67350913141632,31
West Bengal,Malda,Malda Market,Tomato,2026-04-01,1904.505,2163.093,2032.5233333333333,1927.84,2162.55,2042.085,57.19247227614381,30
West Bengal,Malda,Malda Market,Tomato,2026-05-01,1974.9119354838708,2244.4212903225807,2107.071290322581,2014.28,2211.18,2097.02,49.87880429881578,31
West Bengal,Malda,Malda Market,Tomato,2026-06-01,1995.655,2276.5956666666666,2131.438,2022.81,2202.32,2141.24,39.68967497108466,30
West Bengal,Malda,Malda Market,Tomato,2026-07-01,1963.0770967741935,2231.6125806451614,2097.469677419355,2035.37,2166.54,2089.01,35.177484701048144,31
West Bengal,Malda,Malda Market,Tomato,2026-08-01,1908.1238709677418,2170.3490322580647,2032.1416129032257,1933.07,2132.44,2030.56,51.84517625242644,31
West Bengal,Malda,Malda Market,Wheat,2023-01-01,3128.685161290323,3564.0738709677416,3341.46,3132.98,3601.96,3337.04,97.49339598147154,31
West Bengal,Malda,Malda Market,Wheat,2023-02-01,3069.494642857143,3487.4474999999998,3269.031428571429,3135.74,3476.93,3260.51,87.23779679975989,28
West Bengal,Malda,Malda Market,Wheat,2023-03-01,3045.980322580645,3463.5967741935483,3255.750322580645,3091.42,3458.78,3238.25,100.77976597458687,31
West Bengal,Malda,Malda Market,Wheat,2023-04-01,3096.705,3518.958,3294.9446666666668,3136.45,3504.65,3293.92,79.14670863539502,30
West Bengal,Malda,Malda Market,Wheat,2023-05-01,3188.5538709677417,3612.718064516129,3408.10935483871,3248.78,3657.97,3389.44,109.43931545032865,31
West Bengal,Malda,Malda Market,Wheat,2023-06-01,3316.4403333333335,3755.7673333333337,3533.385,3317.73,3722.99,3533.88,99.3234076571111,30
West Bengal,Malda,Malda Market,Wheat,2023-07-01,3407.8222580645165,3899.170967741936,3649.5,3470.07,3874.85,3654.34,88.68866289817795,31
West Bengal,Malda,Malda Market,Wheat,2023-08-01,3500.488709677419,3965.105483870968,3738.284193548387,3600.14,3940.69,3723.7,85.95940886155475,31
West Bengal,Malda,Malda Market,Wheat,2023-09-01,3464.2686666666664,3958.614,3705.4230000000002,3497.84,3990.22,3693.035,103.7240941367181,30
West Bengal,Malda,Malda Market,Wheat,2023-10-01,3445.369677419355,3934.389677419355,3692.3848387096773,3399.31,3898.41,3685.79,94.96596038830496,31
West Bengal,Malda,Malda Market,Wheat,2023-11-01,3350.8236666666667,3802.665,3584.910666666666,3326.22,3754.35,3572.9049999999997,110.98332822711635,30
West Bengal,Malda,Malda Market,Wheat,2023-12-01,3232.1312903225808,3672.951290322581,3448.165483870968,3318.52,3638.01,3429.28,87.70174870315526,31
West Bengal,Malda,Malda Market,Wheat,2024-01-01,3140.2787096774196,3565.414193548387,3349.0267741935486,3190.97,3560.61,3355.3,95.36795665166584,31
West Bengal,Malda,Malda Market,Wheat,2024-02-01,3057.3475862068967,3483.694827586207,3271.418620689655,3152.79,3477.73,3266.13,78.52571015388793,29
West Bengal,Malda,Malda Market,Wheat,2024-03-01,3075.098064516129,3453.258387096774,3260.221612903226,3091.79,3447.05,3266.65,85.95101143856212,31
West Bengal,Malda,Malda Market,Wheat,2024-04-01,3097.7636666666667,3527.9506666666666,3313.0243333333333,3142.36,3492.53,3331.0699999999997,91.64139185577847,30
West Bengal,Malda,Malda Market,Wheat,2024-05-01,3194.623548387097,3653.848064516129,3425.563225806452,3191.48,3589.73,3433.71,100.94442359988973,31
West Bengal,Malda,Malda Market,Wheat,2024-06-01,3342.649,3789.8506666666667,3556.3233333333333,3313.4,3731.0,3560.115,110.08007920046968,30
West Bengal,Malda,Malda Market,Wheat,2024-07-01,3411.276129032258,3900.7254838709678,3652.498387096774,3434.72,3864.5,3651.33,97.19633957774246,31
West Bengal,Malda,Malda Market,Wheat,2024-08-01,3468.266129032258,3975.896129032258,3720.6151612903227,3583.19,4004.95,3708.28,109.79971356583664,31
West Bengal,Malda,Malda Market,Wheat,2024-09-01,3481.5693333333334,3941.3036666666667,3728.699666666667,3506.8,3857.36,3731.8599999999997,76.36482032090228,30
West Bengal,Malda,Malda Market,Wheat,2024-10-01,3494.014516129032,3958.964193548387,3709.4435483870966,3514.78,3919.74,3692.28,91.86368707849647,31
West Bengal,Malda,Malda Market,Wheat,2024-11-01,3387.9053333333336,3848.4126666666666,3632.2529999999997,3482.74,3767.47,3621.3599999999997,72.37428278008038,30
West Bengal,Malda,Malda Market,Wheat,2024-12-01,3262.9670967741936,3718.751935483871,3484.626129032258,3296.15,3738.41,3497.06,99.3575194496259,31
West Bengal,Malda,Malda Market,Wheat,2025-01-01,3150.3709677419356,3559.42,3361.862258064516,3139.5,3515.18,3370.6,94.33709099852763,31
West Bengal,Malda,Malda Market,Wheat,2025-02-01,3106.3678571428572,3544.391071428571,3320.085,3201.13,3471.26,3300.585,70.76787540182973,28
West Bengal,Malda,Malda Market,Wheat,2025-03-01,3064.261612903226,3521.70064516129,3277.915483870968,3003.79,3426.15,3280.39,97.58419618765836,31
West Bengal,Malda,Malda Market,Wheat,2025-04-01,3129.795,3546.4666666666667,3336.7616666666668,3192.72,3526.69,3335.1800000000003,80.37476851828433,30
West Bengal,Malda,Malda Market,Wheat,2025-05-01,3196.5032258064516,3668.0329032258064,3445.9083870967743,3201.25,3636.9,3449.78,113.26872866761823,31
West Bengal,Malda,Malda Market,Wheat,2025-06-01,3367.0203333333334,3832.5036666666665,3587.5896666666667,3427.2,3755.35,3584.245,93.60701040219577,30
West Bengal,Malda,Malda Market,Wheat,2025-07-01,3460.2587096774196,3932.844516129032,3699.554193548387,3492.02,3858.38,3684.54,88.4814772998353,31
West Bengal,Malda,Malda Market,Wheat,2025-08-01,3498.4664516129033,3999.7670967741933,3737.1941935483874,3494.42,3930.12,3737.65,98.88290943583013,31
West Bengal,Malda,Malda Market,Wheat,2025-09-01,3546.1923333333334,4040.082,3788.627,3572.98,3922.68,3788.4399999999996,76.65045979797762,30
West Bengal,Malda,Malda Market,Wheat,2025-10-01,3501.878387096774,3977.918387096774,3731.7870967741933,3518.27,3896.81,3736.95,103.40055048833307,31
West Bengal,Malda,Malda Market,Wheat,2025-11-01,3459.4086666666667,3900.854,3667.692,3487.57,3842.01,3663.0150000000003,92.54091510394659,30
West Bengal,Malda,Malda Market,Wheat,2025-12-01,3310.498387096774,3738.7432258064514,3527.087741935484,3233.06,3853.97,3530.03,113.06152946396566,31
West Bengal,Malda,Malda Market,Wheat,2026-01-01,3185.1338709677416,3652.8645161290324,3424.969032258064,3253.02,3625.49,3409.29,99.38319812238016,31
West Bengal,Malda,Malda Market,Wheat,2026-02-01,3122.7428571428572,3550.4975,3340.6889285714283,3131.13,3574.51,3318.265,111.16728173540606,28
West Bengal,Malda,Malda Market,Wheat,2026-03-01,3104.095806451613,3535.581612903226,3329.7887096774193,3133.16,3459.51,3344.45,88.0006987374508,31
West Bengal,Malda,Malda Market,Wheat,2026-04-01,3144.0566666666664,3548.3403333333335,3362.6436666666664,3127.88,3634.48,3365.7349999999997,95.90495756785434,30
West Bengal,Malda,Malda Market,Wheat,2026-05-01,3241.090967741936,3693.070322580645,3469.202258064516,3279.38,3686.59,3477.15,97.85876290892146,31
West Bengal,Malda,Malda Market,Wheat,2026-06-01,3351.411,3838.5539999999996,3594.9273333333335,3395.4,3724.25,3621.055,94.40230735539762,30
West Bengal,Malda,Malda Market,Wheat,2026-07-01,3453.576129032258,3938.963870967742,3701.168387096774,3530.81,3949.56,3686.14,115.75739334478162,31
West Bengal,Malda,Malda Market,Wheat,2026-08-01,3522.5674193548384,4032.6316129032257,3775.2574193548385,3643.3,3950.51,3782.61,80.96073661422727,31
West Bengal,Siliguri,Siliguri Market,Onion,2023-01-01,2817.4387096774194,3181.185161290323,3002.6609677419356,2833.1,3184.16,3009.25,88.005748727184,31
West Bengal,Siliguri,Siliguri Market,Onion,2023-02-01,2776.589285714286,3169.077857142857,2968.1060714285713,2735.11,3096.0,2981.0950000000003,95.27105103585339,28
West Bengal,Siliguri,Siliguri Market,Onion,2023-03-01,2788.8006451612905,3156.1770967741936,2978.11064516129,2854.86,3178.43,2962.49,85.53783330337833,31
West Bengal,Siliguri,Siliguri Market,Onion,2023-04-01,2856.3773333333334,3274.095333333333,3049.262333333333,2895.44,3262.11,3058.42,91.0332611697253,30
West Bengal,Siliguri,Siliguri Market,Onion,2023-05-01,2968.8629032258063,3385.6535483870966,3165.4829032258067,2969.5,3309.33,3164.2,79.66213915420319,31
West Bengal,Siliguri,Siliguri Market,Onion,2023-06-01,3050.7813333333334,3471.022,3256.2576666666664,3081.96,3477.57,3245.6949999999997,100.92142090664451,30
West Bengal,Siliguri,Siliguri Market,Onion,2023-07-01,3172.3983870967745,3615.8932258064515,3379.0951612903223,3141.56,3558.49,3374.04,99.63628140628853,31
West Bengal,Siliguri,Siliguri Market,Onion,2023-08-01,3186.7396774193544,3641.587741935484,3407.377741935484,3236.72,3639.3,3409.35,88.12330114522024,31
West Bengal,Siliguri,Siliguri Market,Onion,2023-09-01,3142.933,3628.947333333333,3384.0923333333335,3082.71,3569.31,3383.5699999999997,92.49669580988888,30
West Bengal,Siliguri,Siliguri Market,Onion,2023-10-01,3069.2770967741935,3509.2393548387095,3292.8067741935483,3165.54,3455.64,3279.42,78.62635569099785,31
West Bengal,Siliguri,Siliguri Market,Onion,2023-11-01,2962.5093333333334,3382.275333333333,3174.511,3051.44,3337.36,3178.115,75.42854853070072,30
West Bengal,Siliguri,Siliguri Market,Onion,2023-12-01,2897.002258064516,3294.7670967741933,3089.220322580645,2877.47,3258.7,3090.74,81.97253106920932,31
West Bengal,Siliguri,Siliguri Market,Onion,2024-01-01,2791.0090322580645,3162.1745161290323,2984.562258064516,2879.9,3154.55,2970.96,72.51930982893126,31
West Bengal,Siliguri,Siliguri Market,Onion,2024-02-01,2782.4065517241384,3155.8886206896555,2966.225172413793,2826.3,3073.33,2968.91,53.71821150495085,29
West Bengal,Siliguri,Siliguri Market,Onion,2024-03-01,2788.6748387096773,3177.642258064516,2980.9809677419357,2822.5,3130.97,2986.84,87.5151249539124,31
West Bengal,Siliguri,Siliguri Market,Onion,2024-04-01,2869.5846666666666,3249.7853333333333,3053.4526666666666,2904.1,3193.58,3059.16,79.223405455421,30
West Bengal,Siliguri,Siliguri Market,Onion,2024-05-01,2974.8996774193547,3405.375161290323,3197.6496774193547,3031.89,3396.11,3221.64,106.69584185849263,31
West Bengal,Siliguri,Siliguri Market,Onion,2024-06-01,3091.471,3526.5029999999997,3301.6659999999997,3131.6,3502.49,3305.5600000000004,96.47461390581404,30
West Bengal,Siliguri,Siliguri Market,Onion,2024-07-01,3183.028387096774,3595.863548387097,3391.282258064516,3206.8,3568.61,3393.34,83.9884961848815,31
West Bengal,Siliguri,Siliguri Market,Onion,2024-08-01,3227.3790322580644,3647.313548387097,3442.0187096774193,3290.16,3614.33,3438.4,73.99101182990343,31
West Bengal,Siliguri,Siliguri Market,Onion,2024-09-01,3184.088,3600.1576666666665,3395.3163333333337,3270.3,3574.0,3373.48,83.17097937519958,30
West Bengal,Siliguri,Siliguri Market,Onion,2024-10-01,3098.064838709677,3522.340322580645,3313.54935483871,3171.09,3443.2,3315.31,63.47567381475005,31
West Bengal,Siliguri,Siliguri Market,Onion,2024-11-01,3002.1826666666666,3420.373666666667,3215.2006666666666,3063.13,3349.31,3225.35,76.24438990931507,30
West Bengal,Siliguri,Siliguri Market,Onion,2024-12-01,2935.4616129032256,3310.9167741935485,3109.891935483871,2888.63,3303.34,3121.88,85.55940966834525,31
West Bengal,Siliguri,Siliguri Market,Onion,2025-01-01,2846.1629032258065,3259.7574193548385,3045.8938709677423,2795.93,3231.54,3041.57,79.17147405799717,31
West Bengal,Siliguri,Siliguri Market,Onion,2025-02-01,2798.4975,3185.343928571429,2988.7125,2832.3,3218.89,2973.54,90.52806131863811,28
West Bengal,Siliguri,Siliguri Market,Onion,2025-03-01,2829.191612903226,3216.3229032258064,3014.516129032258,2796.99,3182.28,3016.11,86.59417484940587,31
West Bengal,Siliguri,Siliguri Market,Onion,2025-04-01,2879.2509999999997,3293.642,3092.561333333333,2910.99,3233.06,3094.06,85.23605266565899,30
West Bengal,Siliguri,Siliguri Market,Onion,2025-05-01,3002.222580645161,3398.0241935483873,3199.5264516129037,3051.18,3372.21,3207.5,74.72633750552254,31
West Bengal,Siliguri,Siliguri Market,Onion,2025-06-01,3126.2913333333336,3554.4306666666666,3332.2956666666664,3106.83,3485.5,3336.445,84.19156771125114,30
West Bengal,Siliguri,Siliguri Market,Onion,2025-07-01,3190.674193548387,3648.8254838709677,3406.1477419354837,3215.3,3577.3,3424.21,91.45976972453276,31
West Bengal,Siliguri,Siliguri Market,Onion,2025-08-01,3193.1183870967743,3643.6370967741937,3424.6438709677423,3278.72,3592.99,3423.54,76.45635960805448,31
West Bengal,Siliguri,Siliguri Market,Onion,2025-09-01,3194.5406666666668,3639.668,3403.159,3203.67,3599.48,3415.08,78.53954845413429,30
West Bengal,Siliguri,Siliguri Market,Onion,2025-10-01,3134.5525806451615,3553.79935483871,3343.408064516129,3182.66,3492.87,3344.83,89.11408165639334,31
West Bengal,Siliguri,Siliguri Market,Onion,2025-11-01,3007.6336666666666,3449.29,3235.7320000000004,3033.64,3448.8,3257.26,111.76087812209023,30
West Bengal,Siliguri,Siliguri Market,Onion,2025-12-01,2916.7848387096774,3340.294516129032,3123.464193548387,2930.4,3256.47,3127.97,78.49802565560442,31
West Bengal,Siliguri,Siliguri Market,Onion,2026-01-01,2804.798709677419,3204.798064516129,3019.9003225806455,2870.73,3215.71,3020.9,84.41384449973715,31
West Bengal,Siliguri,Siliguri Market,Onion,2026-02-01,2794.2557142857145,3220.6592857142855,2993.3214285714284,2872.9,3155.1,2982.9,68.73395019198813,28
West Bengal,Siliguri,Siliguri Market,Onion,2026-03-01,2873.974193548387,3214.9625806451613,3039.417419354839,2838.36,3193.91,3040.8,80.89661364843991,31
West Bengal,Siliguri,Siliguri Market,Onion,2026-04-01,2921.4176666666667,3308.4023333333334,3116.0396666666666,2916.07,3276.06,3103.35,97.95484890511027,30
West Bengal,Siliguri,Siliguri Market,Onion,2026-05-01,3000.296129032258,3399.2870967741933,3200.2200000000003,3036.16,3343.47,3214.51,82.56043709509606,31
West Bengal,Siliguri,Siliguri Market,Onion,2026-06-01,3128.3786666666665,3560.902666666667,3350.951,3132.77,3495.53,3368.37,97.5034939550797,30
West Bengal,Siliguri,Siliguri Market,Onion,2026-07-01,3240.501612903226,3671.657419354839,3449.614193548387,3277.86,3569.2,3467.13,74.29170688460421,31
West Bengal,Siliguri,Siliguri Market,Onion,2026-08-01,3230.5822580645163,3691.998387096774,3465.6312903225808,3322.2,3638.46,3470.96,75.26980066144002,31
West Bengal,Siliguri,Siliguri Market,Potato,2023-01-01,1513.1529032258063,1726.0677419354838,1620.3080645161292,1530.26,1709.63,1629.3,49.93097511694547,31
West Bengal,Siliguri,Siliguri Market,Potato,2023-02-01,1613.5732142857144,1847.4317857142855,1733.7907142857143,1649.75,1836.14,1731.395,44.88903527989649,28
West Bengal,Siliguri,Siliguri Market,Potato,2023-03-01,1690.8664516129033,1929.9070967741936,1812.9054838709678,1717.74,1913.7,1821.6,42.66220332165305,31
West Bengal,Siliguri,Siliguri Market,Potato,2023-04-01,1758.2373333333335,1982.461,1871.445,1777.68,1950.87,1864.095,38.85715890638245,30
West Bengal,Siliguri,Siliguri Market,Potato,2023-05-01,1748.8277419354838,2010.7703225806451,1882.186129032258,1805.35,1948.64,1894.12,40.85213512799705,31
West Bengal,Siliguri,Siliguri Market,Potato,2023-06-01,1742.7123333333334,1963.2713333333334,1848.6843333333334,1759.24,1922.42,1842.28,40.17080022752272,30
West Bengal,Siliguri,Siliguri Market,Potato,2023-07-01,1655.3916129032257,1884.0948387096776,1774.5454838709677,1682.56,1842.24,1774.36,47.57002241178851,31
West Bengal,Siliguri,Siliguri Market,Potato,2023-08-01,1578.3074193548387,1793.6770967741934,1691.7803225806451,1631.03,1782.59,1696.6,39.87601747783335,31
West Bengal,Siliguri,Siliguri Market,Potato,2023-09-01,1469.8626666666667,1693.5793333333334,1586.15,1490.01,1674.17,1592.33,44.90891947348395,30
West Bengal,Siliguri,Siliguri Market,Potato,2023-10-01,1427.6896774193547,1620.898387096774,1532.0367741935484,1443.05,1644.31,1527.45,48.60190972839781,31
West Bengal,Siliguri,Siliguri Market,Potato,2023-11-01,1440.0016666666668,1633.1053333333334,1532.0876666666666,1467.57,1600.84,1528.315,31.87700194479568,30
West Bengal,Siliguri,Siliguri Market,Potato,2023-12-01,1444.0483870967741,1660.465806451613,1554.9170967741936,1485.46,1634.0,1547.0,40.73628171491586,31
West Bengal,Siliguri,Siliguri Market,Potato,2024-01-01,1529.935806451613,1756.1448387096773,1649.8051612903225,1574.33,1714.78,1652.45,32.51089375075859,31
West Bengal,Siliguri,Siliguri Market,Potato,2024-02-01,1627.5713793103448,1850.0127586206897,1746.4806896551725,1636.53,1847.93,1753.48,59.818695114668635,29
West Bengal,Siliguri,Siliguri Market,Potato,2024-03-01,1727.0125806451613,1947.3158064516128,1833.1151612903225,1735.0,1945.36,1848.72,49.8935451984834,31
West Bengal,Siliguri,Siliguri Market,Potato,2024-04-01,1742.6543333333332,1975.1446666666666,1864.299,1799.04,1928.14,1867.415,28.707742839964244,30
West Bengal,Siliguri,Siliguri Market,Potato,2024-05-01,1778.8151612903225,2011.8348387096773,1898.4912903225807,1835.78,2015.7,1894.77,40.810100689407406,31
West Bengal,Siliguri,Siliguri Market,Potato,2024-06-01,1734.3956666666668,1971.7233333333331,1860.5303333333334,1782.48,1951.97,1857.1599999999999,40.763183649763775,30
West Bengal,Siliguri,Siliguri Market,Potato,2024-07-01,1676.7203225806452,1916.3151612903225,1795.4925806451613,1709.31,1901.35,1789.1,43.541129059602426,31
West Bengal,Siliguri,Siliguri Market,Potato,2024-08-01,1584.5387096774193,1817.9083870967743,1698.8799999999999,1592.18,1804.56,1695.7,44.010253653741486,31
West Bengal,Siliguri,Siliguri Market,Potato,2024-09-01,1499.693,1711.3346666666666,1607.7256666666665,1518.41,1705.05,1598.045,53.01567293854184,30
West Bengal,Siliguri,Siliguri Market,Potato,2024-10-01,1449.9045161290323,1651.1425806451612,1551.4306451612904,1457.32,1624.68,1556.46,39.53279195262962,31
West Bengal,Siliguri,Siliguri Market,Potato,2024-11-01,1447.8696666666665,1637.425,1542.4996666666666,1452.43,1613.76,1548.475,40.079848447931965,30
West Bengal,Siliguri,Siliguri Market,Potato,2024-12-01,1484.3412903225808,1691.5654838709677,1586.646129032258,1529.3,1670.76,1585.95,39.125603013663536,31
West Bengal,Siliguri,Siliguri Market,Potato,2025-01-01,1575.1283870967743,1797.1045161290322,1675.5077419354839,1576.59,1824.72,1680.76,55.81771282246507,31
West Bengal,Siliguri,Siliguri Market,Potato,2025-02-01,1646.412142857143,1876.1889285714285,1766.6478571428572,1648.61,1896.84,1768.545,58.700659050949966,28
West Bengal,Siliguri,Siliguri Market,Potato,2025-03-01,1724.9151612903227,1962.3629032258063,1852.935806451613,1789.43,1966.2,1839.35,47.016753097464644,31
West Bengal,Siliguri,Siliguri Market,Potato,2025-04-01,1780.5823333333333,2028.8546666666666,1901.6943333333334,1814.41,2049.11,1898.51,43.8758651498028,30
West Bengal,Siliguri,Siliguri Market,Potato,2025-05-01,1814.9067741935485,2068.2674193548387,1936.7222580645162,1852.38,2001.83,1943.65,37.80894159760601,31
West Bengal,Siliguri,Siliguri Market,Potato,2025-06-01,1770.135,2019.262,1887.6056666666666,1769.15,1958.33,1894.21,46.97142636079745,30
West Bengal,Siliguri,Siliguri Market,Potato,2025-07-01,1707.945806451613,1942.2287096774191,1819.6935483870968,1733.15,1901.79,1807.6,43.12069607882704,31
West Bengal,Siliguri,Siliguri Market,Potato,2025-08-01,1599.337741935484,1825.2048387096775,1707.4119354838708,1583.26,1807.4,1709.29,53.66040715582601,31
West Bengal,Siliguri,Siliguri Market,Potato,2025-09-01,1540.684,1756.9446666666668,1635.6816666666666,1562.45,1729.13,1646.38,40.723444495882134,30
West Bengal,Siliguri,Siliguri Market,Potato,2025-10-01,1484.5387096774193,1675.9151612903227,1575.2941935483873,1474.51,1645.87,1576.54,38.13894962495186,31
West Bengal,Siliguri,Siliguri Market,Potato,2025-11-01,1454.912,1666.349,1568.9806666666666,1505.23,1634.86,1566.59,37.08202501011202,30
West Bengal,Siliguri,Siliguri Market,Potato,2025-12-01,1497.7064516129033,1713.9877419354839,1611.8229032258066,1499.76,1708.79,1618.54,44.668859487980924,31
West Bengal,Siliguri,Siliguri Market,Potato,2026-01-01,1580.6125806451612,1781.0654838709677,1681.336129032258,1589.24,1794.11,1683.54,47.901332944391584,31
West Bengal,Siliguri,Siliguri Market,Potato,2026-02-01,1676.7057142857143,1900.99,1787.3957142857143,1699.04,1861.32,1790.255,46.66601685488636,28
West Bengal,Siliguri,Siliguri Market,Potato,2026-03-01,1740.0670967741937,1990.6922580645162,1864.6548387096775,1716.34,1939.78,1858.43,53.407400353070145,31
West Bengal,Siliguri,Siliguri Market,Potato,2026-04-01,1794.7409999999998,2034.6526666666666,1920.9603333333332,1837.33,2018.48,1918.405,41.78655306586606,30
West Bengal,Siliguri,Siliguri Market,Potato,2026-05-01,1820.965806451613,2067.5090322580645,1946.3651612903225,1852.32,2024.43,1954.03,41.353896702404214,31
West Bengal,Siliguri,Siliguri Market,Potato,2026-06-01,1791.4506666666668,2038.525,1910.8426666666667,1845.05,1990.73,1906.385,41.593275478825596,30
West Bengal,Siliguri,Siliguri Market,Potato,2026-07-01,1717.973870967742,1964.3854838709676,1839.1712903225805,1695.33,1959.57,1842.07,58.268595815238044,31
West Bengal,Siliguri,Siliguri Market,Potato,2026-08-01,1650.0264516129032,1866.1093548387096,1754.2367741935482,1639.67,1857.13,1752.18,48.8000233187852,31
West Bengal,Siliguri,Siliguri Market,Rice,2023-01-01,3047.404516129032,3469.7574193548385,3259.1170967741937,3129.04,3418.05,3243.33,75.84989778914422,31
West Bengal,Siliguri,Siliguri Market,Rice,2023-02-01,3271.219642857143,3722.6310714285714,3496.3035714285716,3286.07,3651.47,3517.795,94.44816560829773,28
West Bengal,Siliguri,Siliguri Market,Rice,2023-03-01,3414.7770967741935,3899.945806451613,3661.7654838709677,3485.19,3848.79,3670.6,93.87677507735752,31
West Bengal,Siliguri,Siliguri Market,Rice,2023-04-01,3512.218,4012.3096666666665,3771.115333333333,3486.96,3926.98,3764.565,97.9679592144478,30
West Bengal,Siliguri,Siliguri Market,Rice,2023-05-01,3524.956129032258,4034.746451612903,3771.781935483871,3635.97,3956.08,3789.99,79.76648337154124,31
West Bengal,Siliguri,Siliguri Market,Rice,2023-06-01,3435.373,3945.1686666666665,3689.8466666666664,3562.27,3955.93,3677.6949999999997,91.18957825107623,30
West Bengal,Siliguri,Siliguri Market,Rice,2023-07-01,3255.180322580645,3728.087419354839,3486.92,3258.24,3667.98,3499.48,110.4054139373006,31
West Bengal,Siliguri,Siliguri Market,Rice,2023-08-01,3105.009677419355,3548.3629032258063,3320.6325806451614,2994.49,3526.56,3326.33,121.00046424064504,31
West Bengal,Siliguri,Siliguri Market,Rice,2023-09-01,2913.9333333333334,3338.0416666666665,3127.817,2897.57,3286.47,3128.745,96.8135901741783,30
West Bengal,Siliguri,Siliguri Market,Rice,2023-10-01,2843.4770967741933,3217.717741935484,3024.5012903225806,2827.8,3188.45,3015.26,88.74680958554445,31
West Bengal,Siliguri,Siliguri Market,Rice,2023-11-01,2785.7406666666666,3217.0063333333333,2992.213333333333,2814.01,3161.04,2970.645,86.67284303367597,30
West Bengal,Siliguri,Siliguri Market,Rice,2023-12-01,2914.624193548387,3309.612258064516,3116.0345161290325,2838.78,3318.87,3104.72,110.77468991421912,31
West Bengal,Siliguri,Siliguri Market,Rice,2024-01-01,3079.8809677419354,3521.624838709677,3317.6941935483874,3076.51,3535.62,3316.72,102.71479603816205,31
West Bengal,Siliguri,Siliguri Market,Rice,2024-02-01,3293.2489655172412,3757.7344827586207,3519.779310344828,3327.26,3709.56,3524.94,98.32425826719009,29
West Bengal,Siliguri,Siliguri Market,Rice,2024-03-01,3464.9093548387095,3954.144193548387,3707.0387096774193,3481.78,3969.46,3709.63,113.52025721552795,31
West Bengal,Siliguri,Siliguri Market,Rice,2024-04-01,3537.5376666666666,4016.362,3777.811,3645.55,3913.13,3774.415,62.574473386958466,30
West Bengal,Siliguri,Siliguri Market,Rice,2024-05-01,3559.6987096774196,4036.95064516129,3803.4412903225802,3680.5,3911.67,3807.04,62.269194028397564,31
West Bengal,Siliguri,Siliguri Market,Rice,2024-06-01,3459.673666666667,3953.911,3702.6473333333333,3504.83,3898.74,3694.0950000000003,84.76318462932925,30
West Bengal,Siliguri,Siliguri Market,Rice,2024-07-01,3313.5809677419356,3779.5609677419357,3530.8067741935483,3392.79,3713.05,3519.68,89.93594681353686,31
West Bengal,Siliguri,Siliguri Market,Rice,2024-08-01,3098.2109677419353,3543.63935483871,3311.4093548387095,3069.38,3526.06,3313.69,113.27093857753859,31
West Bengal,Siliguri,Siliguri Market,Rice,2024-09-01,2902.0576666666666,3315.1106666666665,3124.0586666666663,2961.46,3271.04,3120.42,78.75980800371222,30
West Bengal,Siliguri,Siliguri Market,Rice,2024-10-01,2843.8093548387096,3226.6748387096773,3049.984838709677,2915.24,3144.72,3054.14,59.8158227044187,31
West Bengal,Siliguri,Siliguri Market,Rice,2024-11-01,2808.762,3199.5769999999998,3005.282,2823.5,3174.84,3019.665,94.1359968673349,30
West Bengal,Siliguri,Siliguri Market,Rice,2024-12-01,2898.2048387096775,3287.9880645161293,3105.917419354839,2946.38,3371.17,3103.36,102.29782255642081,31
West Bengal,Siliguri,Siliguri Market,Rice,2025-01-01,3073.9548387096775,3521.9032258064517,3299.1964516129033,3043.92,3471.77,3309.69,94.99755974228628,31
West Bengal,Siliguri,Siliguri Market,Rice,2025-02-01,3251.94,3710.848571428571,3489.5924999999997,3252.18,3608.0,3500.6499999999996,82.48463972046443,28
West Bengal,Siliguri,Siliguri Market,Rice,2025-03-01,3426.126774193548,3891.9051612903227,3666.6512903225807,3483.4,3967.92,3670.09,94.98967665811337,31
West Bengal,Siliguri,Siliguri Market,Rice,2025-04-01,3513.5513333333333,4012.338333333333,3768.7320000000004,3573.58,3958.31,3760.325,110.7999964645834,30
West Bengal,Siliguri,Siliguri Market,Rice,2025-05-01,3577.767741935484,4072.8225806451615,3826.447741935484,3632.07,4037.73,3842.51,89.1833383433504,31
West Bengal,Siliguri,Siliguri Market,Rice,2025-06-01,3500.8929999999996,3939.309333333333,3700.788,3519.93,3905.08,3725.79,106.54206054337236,30
West Bengal,Siliguri,Siliguri Market,Rice,2025-07-01,3313.437096774194,3774.157096774193,3534.487741935484,3222.47,3744.87,3547.15,113.11614372580914,31
West Bengal,Siliguri,Siliguri Market,Rice,2025-08-01,3091.8983870967745,3538.2767741935486,3312.873870967742,3125.79,3525.52,3333.88,99.4573965969825,31
West Bengal,Siliguri,Siliguri Market,Rice,2025-09-01,2936.976,3351.894,3138.2206666666666,2935.97,3342.38,3159.9399999999996,98.31963833486613,30
West Bengal,Siliguri,Siliguri Market,Rice,2025-10-01,2794.3406451612905,3207.4812903225807,3006.0216129032256,2850.79,3151.63,3005.88,75.45002063603748,31
West Bengal,Siliguri,Siliguri Market,Rice,2025-11-01,2853.721,3252.0653333333335,3062.894333333333,2867.53,3211.98,3078.76,97.25102363377007,30
West Bengal,Siliguri,Siliguri Market,Rice,2025-12-01,2931.1725806451614,3349.87,3151.894516129032,3007.14,3327.36,3138.55,96.4652354940614,31
West Bengal,Siliguri,Siliguri Market,Rice,2026-01-01,3096.586451612903,3543.5880645161287,3326.701290322581,3138.08,3485.12,3323.09,95.37644680394766,31
West Bengal,Siliguri,Siliguri Market,Rice,2026-02-01,3291.2374999999997,3750.0760714285716,3521.167857142857,3375.11,3662.78,3518.7,78.13707363805975,28
West Bengal,Siliguri,Siliguri Market,Rice,2026-03-01,3442.2593548387094,3931.5219354838714,3699.1170967741937,3541.15,3859.17,3715.43,81.30075920898277,31
West Bengal,Siliguri,Siliguri Market,Rice,2026-04-01,3593.103,4083.2563333333333,3816.8886666666667,3520.35,3994.61,3807.705,97.46655248511333,30
West Bengal,Siliguri,Siliguri Market,Rice,2026-05-01,3571.95064516129,4063.0032258064516,3808.5835483870965,3588.68,3935.79,3820.46,80.1798078715743,31
West Bengal,Siliguri,Siliguri Market,Rice,2026-06-01,3448.3183333333336,3924.52,3690.211333333333,3533.09,3791.14,3699.6,73.45485292920124,30
West Bengal,Siliguri,Siliguri Market,Rice,2026-07-01,3335.55,3788.7509677419353,3565.7448387096774,3419.55,3720.02,3550.05,86.18602043916258,31
West Bengal,Siliguri,Siliguri Market,Rice,2026-08-01,3129.598064516129,3520.783870967742,3312.9729032258065,3138.4,3540.81,3309.55,90.78148729021636,31
West Bengal,Siliguri,Siliguri Market,Tomato,2023-01-01,1835.370322580645,2077.9951612903224,1959.4948387096772,1859.42,2060.26,1957.09,52.412988458394445,31
West Bengal,Siliguri,Siliguri Market,Tomato,2023-02-01,1740.8607142857143,1981.7907142857143,1861.295,1723.05,1958.96,1881.8600000000001,58.94065844999105,28
West Bengal,Siliguri,Siliguri Market,Tomato,2023-03-01,1700.7564516129032,1934.0835483870967,1815.3487096774193,1718.19,1903.37,1812.0,48.174798303811336,31
West Bengal,Siliguri,Siliguri Market,Tomato,2023-04-01,1688.6436666666666,1909.25,1795.5196666666666,1640.27,1891.09,1802.5549999999998,50.78189716026178,30
West Bengal,Siliguri,Siliguri Market,Tomato,2023-05-01,1663.2683870967742,1898.5406451612903,1781.8387096774193,1661.43,1943.59,1774.0,61.9931819768343,31
West Bengal,Siliguri,Siliguri Market,Tomato,2023-06-01,1718.7259999999999,1959.4976666666666,1839.843,1712.1,1950.49,1852.205,62.339029903507154,30
West Bengal,Siliguri,Siliguri Market,Tomato,2023-07-01,1786.2187096774194,2041.4525806451613,1914.1019354838709,1798.07,2026.73,1918.07,61.63736855833241,31
West Bengal,Siliguri,Siliguri Market,Tomato,2023-08-01,1861.3187096774193,2119.2725806451613,1995.162258064516,1899.19,2098.27,1995.75,46.83039879605813,31
West Bengal,Siliguri,Siliguri Market,Tomato,2023-09-01,1938.6136666666669,2197.0556666666666,2062.492333333333,1896.98,2159.17,2070.75,58.973961272420276,30
West Bengal,Siliguri,Siliguri Market,Tomato,2023-10-01,1931.1325806451614,2199.111612903226,2063.8967741935485,1972.46,2157.83,2056.08,45.653042059071055,31
West Bengal,Siliguri,Siliguri Market,Tomato,2023-11-01,1934.2533333333333,2186.0143333333335,2063.4863333333333,2004.92,2225.62,2052.425,48.314360504093905,30
West Bengal,Siliguri,Siliguri Market,Tomato,2023-12-01,1883.8235483870967,2150.9338709677418,2024.077741935484,1943.87,2142.47,2028.05,52.6575718334775,31
West Bengal,Siliguri,Siliguri Market,Tomato,2024-01-01,1820.407741935484,2079.71,1956.9093548387098,1874.02,2101.2,1951.11,52.39313033439174,31
West Bengal,Siliguri,Siliguri Market,Tomato,2024-02-01,1768.521724137931,2002.421724137931,1883.9924137931034,1786.71,1983.78,1870.9,48.57523918441021,29
West Bengal,Siliguri,Siliguri Market,Tomato,2024-03-01,1747.3493548387098,1967.0164516129032,1854.9012903225807,1768.56,2018.76,1854.54,52.87940259004038,31
West Bengal,Siliguri,Siliguri Market,Tomato,2024-04-01,1683.8243333333335,1921.606,1801.9953333333333,1695.91,1902.19,1792.5,50.918268433145734,30
West Bengal,Siliguri,Siliguri Market,Tomato,2024-05-01,1695.6029032258066,1931.3051612903225,1819.7322580645161,1714.79,1931.08,1828.33,46.395898935838275,31
West Bengal,Siliguri,Siliguri Market,Tomato,2024-06-01,1723.5583333333334,1971.925,1848.3976666666667,1763.44,1937.06,1851.835,45.871650149861296,30
West Bengal,Siliguri,Siliguri Market,Tomato,2024-07-01,1806.6793548387095,2065.831612903226,1928.707741935484,1802.22,2058.7,1931.64,56.689925660542436,31
West Bengal,Siliguri,Siliguri Market,Tomato,2024-08-01,1851.5835483870967,2112.5767741935483,1990.386451612903,1836.11,2105.74,2010.32,62.83078982730174,31
West Bengal,Siliguri,Siliguri Market,Tomato,2024-09-01,1941.8826666666669,2207.4396666666667,2077.926,1986.2,2180.32,2078.835,50.999336344566345,30
West Bengal,Siliguri,Siliguri Market,Tomato,2024-10-01,1950.238064516129,2208.461935483871,2086.295483870968,1991.82,2176.54,2085.42,57.8346879671541,31
West Bengal,Siliguri,Siliguri Market,Tomato,2024-11-01,1932.0346666666667,2200.114,2068.879,1949.97,2176.0,2070.69,57.04096823850561,30
West Bengal,Siliguri,Siliguri Market,Tomato,2024-12-01,1941.430322580645,2196.452903225806,2066.4587096774194,1973.4,2160.56,2069.95,53.13359237130092,31
West Bengal,Siliguri,Siliguri Market,Tomato,2025-01-01,1846.0567741935486,2094.867741935484,1968.9790322580645,1811.01,2043.02,1969.55,50.40934492431857,31
West Bengal,Siliguri,Siliguri Market,Tomato,2025-02-01,1778.0849999999998,2040.7271428571428,1909.7814285714285,1789.7,1994.23,1912.175,44.05462221633888,28
West Bengal,Siliguri,Siliguri Market,Tomato,2025-03-01,1735.0387096774193,1973.6209677419354,1864.3193548387096,1728.71,1950.03,1866.63,52.078094623074385,31
West Bengal,Siliguri,Siliguri Market,Tomato,2025-04-01,1700.1233333333332,1932.429,1819.6203333333333,1714.64,1924.88,1819.8,52.264369974683234,30
West Bengal,Siliguri,Siliguri Market,Tomato,2025-05-01,1696.335483870968,1959.1967741935484,1824.093870967742,1730.54,1947.43,1823.04,49.337043059444305,31
West Bengal,Siliguri,Siliguri Market,Tomato,2025-06-01,1742.1173333333331,2007.2146666666667,1874.2403333333334,1728.28,1988.82,1880.6599999999999,54.36399381965043,30
West Bengal,Siliguri,Siliguri Market,Tomato,2025-07-01,1819.6874193548385,2068.9509677419355,1947.5345161290322,1868.62,2113.2,1936.06,53.709251769051775,31
West Bengal,Siliguri,Siliguri Market,Tomato,2025-08-01,1877.8535483870967,2140.457741935484,2005.7316129032258,1909.67,2110.61,2009.35,47.265210468643566,31
West Bengal,Siliguri,Siliguri Market,Tomato,2025-09-01,1949.8086666666668,2219.472333333333,2077.510333333333,1979.44,2171.87,2071.92,43.87207276674519,30
West Bengal,Siliguri,Siliguri Market,Tomato,2025-10-01,1968.1890322580646,2239.9551612903224,2102.7609677419355,2002.35,2167.02,2105.42,42.05662170256027,31
West Bengal,Siliguri,Siliguri Market,Tomato,2025-11-01,1951.4436666666666,2214.671333333333,2085.6639999999998,1954.44,2207.9,2093.965,51.00615578806015,30
West Bengal,Siliguri,Siliguri Market,Tomato,2025-12-01,1931.6470967741934,2199.702580645161,2058.0170967741933,1929.71,2142.5,2059.13,47.1390661902664,31
West Bengal,Siliguri,Siliguri Market,Tomato,2026-01-01,1853.9396774193547,2106.4887096774196,1983.2048387096775,1856.55,2077.65,1989.83,59.91533653809447,31
West Bengal,Siliguri,Siliguri Market,Tomato,2026-02-01,1803.0332142857144,2054.3460714285716,1930.1353571428572,1801.52,2028.22,1930.04,47.41592266412148,28
West Bengal,Siliguri,Siliguri Market,Tomato,2026-03-01,1746.7425806451613,1992.7167741935484,1872.1741935483872,1750.8,1963.92,1872.6,44.17992936271652,31
West Bengal,Siliguri,Siliguri Market,Tomato,2026-04-01,1700.6223333333332,1943.2586666666668,1823.155,1745.46,1907.97,1825.1,43.94749820269482,30
West Bengal,Siliguri,Siliguri Market,Tomato,2026-05-01,1746.3600000000001,1979.2993548387096,1854.032258064516,1755.8,2015.63,1864.19,60.44227944685068,31
West Bengal,Siliguri,Siliguri Market,Tomato,2026-06-01,1770.193,2023.09,1897.7949999999998,1779.42,2002.2,1889.6,59.64843234347801,30
West Bengal,Siliguri,Siliguri Market,Tomato,2026-07-01,1846.7012903225807,2109.9919354838707,1970.9187096774194,1844.66,2062.71,1987.12,63.47978600793252,31
West Bengal,Siliguri,Siliguri Market,Tomato,2026-08-01,1912.9551612903226,2166.261612903226,2033.8309677419356,1916.13,2165.62,2021.41,64.01813031503069,31
West Bengal,Siliguri,Siliguri Market,Wheat,2023-01-01,3041.4277419354835,3420.964193548387,3220.5270967741935,3004.01,3370.65,3217.18,74.21721723847944,31
West Bengal,Siliguri,Siliguri Market,Wheat,2023-02-01,3036.570714285714,3494.536071428571,3273.9175,3127.18,3454.09,3260.09,95.59333905297112,28
West Bengal,Siliguri,Siliguri Market,Wheat,2023-03-01,3195.142580645161,3656.0641935483873,3437.1161290322584,3241.83,3642.53,3425.72,97.42802778384409,31
West Bengal,Siliguri,Siliguri Market,Wheat,2023-04-01,3305.5009999999997,3772.1193333333335,3545.313,3407.24,3755.11,3533.77,87.36508941968941,30
West Bengal,Siliguri,Siliguri Market,Wheat,2023-05-01,3471.007741935484,3982.9019354838706,3734.0661290322582,3492.12,3961.19,3723.44,126.85807149927871,31
West Bengal,Siliguri,Siliguri Market,Wheat,2023-06-01,3547.900333333333,4054.716333333333,3777.3656666666666,3562.6,3889.27,3793.385,78.0778393957763,30
West Bengal,Siliguri,Siliguri Market,Wheat,2023-07-01,3572.589032258065,4088.0751612903227,3828.1812903225805,3618.64,4063.41,3850.95,101.94208080218671,31
West Bengal,Siliguri,Siliguri Market,Wheat,2023-08-01,3502.66064516129,3993.9509677419355,3751.8432258064518,3576.97,3909.45,3784.47,92.43086268078414,31
West Bengal,Siliguri,Siliguri Market,Wheat,2023-09-01,3339.5966666666664,3833.4206666666664,3602.9453333333336,3406.67,3824.45,3589.275,94.08990461194581,30
West Bengal,Siliguri,Siliguri Market,Wheat,2023-10-01,3199.2603225806447,3658.6151612903227,3436.6922580645164,3235.3,3620.94,3440.74,98.12404593879037,31
West Bengal,Siliguri,Siliguri Market,Wheat,2023-11-01,3143.873666666667,3559.1283333333336,3345.0833333333335,3214.87,3550.45,3335.7749999999996,93.17145831035461,30
West Bengal,Siliguri,Siliguri Market,Wheat,2023-12-01,3031.533870967742,3418.6177419354835,3239.0045161290323,2971.98,3381.6,3242.5,98.52054796974117,31
West Bengal,Siliguri,Siliguri Market,Wheat,2024-01-01,3005.5099999999998,3425.5887096774195,3215.2135483870966,3085.17,3384.27,3209.63,80.66935570786823,31
West Bengal,Siliguri,Siliguri Market,Wheat,2024-02-01,3079.5841379310345,3494.420344827586,3293.4675862068966,3156.08,3469.78,3285.1,80.39498925640174,29
West Bengal,Siliguri,Siliguri Market,Wheat,2024-03-01,3210.8854838709676,3632.9432258064517,3404.6987096774196,3234.58,3617.05,3396.98,118.44248170151155,31
West Bengal,Siliguri,Siliguri Market,Wheat,2024-04-01,3330.1803333333332,3799.889666666667,3557.4883333333332,3375.19,3754.22,3564.355,101.66069050364625,30
West Bengal,Siliguri,Siliguri Market,Wheat,2024-05-01,3474.875806451613,3944.8483870967743,3682.591290322581,3541.09,3882.02,3665.64,100.45498745680206,31
West Bengal,Siliguri,Siliguri Market,Wheat,2024-06-01,3571.713666666667,4064.4403333333335,3807.6259999999997,3697.46,4004.89,3785.795,66.1633426270635,30
West Bengal,Siliguri,Siliguri Market,Wheat,2024-07-01,3565.6780645161293,4065.964193548387,3802.628387096774,3633.83,4087.86,3803.16,90.2453883622048,31
West Bengal,Siliguri,Siliguri Market,Wheat,2024-08-01,3515.2687096774193,4004.9051612903227,3746.36064516129,3599.37,3879.4,3748.23,73.7590993679417,31
West Bengal,Siliguri,Siliguri Market,Wheat,2024-09-01,3372.5443333333333,3835.2273333333337,3593.3283333333334,3391.8,3882.57,3596.43,97.41203809638688,30
West Bengal,Siliguri,Siliguri Market,Wheat,2024-10-01,3241.0558064516126,3674.254838709677,3448.5725806451615,3237.82,3674.08,3455.96,106.13454863105729,31
West Bengal,Siliguri,Siliguri Market,Wheat,2024-11-01,3120.5096666666664,3493.757,3321.8033333333337,3168.99,3531.74,3306.4300000000003,95.66911782674242,30
West Bengal,Siliguri,Siliguri Market,Wheat,2024-12-01,3040.832580645161,3456.4893548387095,3247.9603225806454,3108.05,3426.17,3242.2,85.44316580760476,31
West Bengal,Siliguri,Siliguri Market,Wheat,2025-01-01,3021.9651612903226,3452.1548387096777,3238.450322580645,3066.06,3495.46,3227.04,103.54411753720795,31
West Bengal,Siliguri,Siliguri Market,Wheat,2025-02-01,3099.054285714286,3514.1492857142853,3306.0167857142856,3150.36,3483.52,3304.235,85.18332227020389,28
West Bengal,Siliguri,Siliguri Market,Wheat,2025-03-01,3181.218387096774,3624.6451612903224,3409.797741935484,3276.49,3616.6,3402.67,81.54741862702416,31
West Bengal,Siliguri,Siliguri Market,Wheat,2025-04-01,3351.9590000000003,3846.5333333333333,3595.019333333333,3400.92,3782.31,3602.69,82.14929130314627,30
West Bengal,Siliguri,Siliguri Market,Wheat,2025-05-01,3464.321290322581,3944.253870967742,3711.6948387096772,3478.97,3931.92,3695.66,105.24148465540156,31
West Bengal,Siliguri,Siliguri Market,Wheat,2025-06-01,3582.9566666666665,4045.677666666667,3809.7070000000003,3585.65,4086.65,3815.575,99.80676036635796,30
West Bengal,Siliguri,Siliguri Market,Wheat,2025-07-01,3566.4896774193553,4033.7674193548387,3795.065806451613,3651.38,3924.76,3792.01,78.42729443139012,31
West Bengal,Siliguri,Siliguri Market,Wheat,2025-08-01,3496.7135483870966,3990.6983870967747,3738.627741935484,3596.32,3909.53,3717.9,79.90594703398399,31
West Bengal,Siliguri,Siliguri Market,Wheat,2025-09-01,3421.440666666667,3854.5263333333332,3634.9923333333336,3447.5,3832.17,3642.5,93.96913597058064,30
West Bengal,Siliguri,Siliguri Market,Wheat,2025-10-01,3266.2438709677417,3674.6470967741934,3473.9754838709678,3272.53,3642.14,3460.66,97.23256514970383,31
West Bengal,Siliguri,Siliguri Market,Wheat,2025-11-01,3102.234,3520.839333333334,3323.3179999999998,3107.89,3560.23,3334.6099999999997,99.3545378378134,30
West Bengal,Siliguri,Siliguri Market,Wheat,2025-12-01,3045.3348387096776,3478.1403225806453,3272.837419354839,3120.54,3473.81,3262.23,95.73678780795241,31
West Bengal,Siliguri,Siliguri Market,Wheat,2026-01-01,3035.5974193548386,3436.1161290322584,3229.7170967741936,3084.39,3450.56,3224.33,89.54618529725497,31
West Bengal,Siliguri,Siliguri Market,Wheat,2026-02-01,3075.281071428571,3485.735357142857,3292.3364285714283,3070.39,3424.46,3311.375,85.83381019130914,28
West Bengal,Siliguri,Siliguri Market,Wheat,2026-03-01,3201.0170967741933,3647.711935483871,3421.1170967741937,3298.91,3545.33,3430.87,67.47077743702819,31
West Bengal,Siliguri,Siliguri Market,Wheat,2026-04-01,3360.2076666666667,3831.271,3598.1383333333333,3364.69,3783.9,3599.395,87.03276719771668,30
West Bengal,Siliguri,Siliguri Market,Wheat,2026-05-01,3469.2712903225806,3984.435483870968,3730.0187096774193,3524.83,3906.4,3724.49,82.68290080147312,31
West Bengal,Siliguri,Siliguri Market,Wheat,2026-06-01,3572.1826666666666,4034.3123333333333,3815.933,3657.99,3994.57,3827.31,99.13799119200574,30
West Bengal,Siliguri,Siliguri Market,Wheat,2026-07-01,3571.5264516129037,4070.836451612903,3802.235483870968,3676.46,4057.29,3784.77,88.45817380128342,31
West Bengal,Siliguri,Siliguri Market,Wheat,2026-08-01,3566.7070967741934,4040.871935483871,3775.4570967741934,3553.3,3915.0,3779.59,92.31875512568915,31
