state,district,market,commodity,market_signal,weather_risk_level,uncertainty_level,farmer_explanation,profit_scenario_available,explanation_type,numerical_prediction_source,weather_context_source,economic_scenario_source,llm_status,guarantee_status,data_status,provenance_note
Bihar,Gaya,,Onion,STABLE,MODERATE,LOW,"Onion shows a relatively stable modeled market signal over the forecast horizon. The available weather-risk indicators show a MODERATE contextual risk level. Weather conditions should be monitored before making a cultivation decision. The current modeled uncertainty indicator is LOW, but this does not mean the forecast is guaranteed. The scenario analysis provides downside, expected, and upside economic cases using explicit demo assumptions. Under the expected scenario, the modeled gross margin is approximately ₹340,764. The downside and upside modeled gross margins are approximately ₹278,741 and ₹376,370, respectively. Profit figures are scenario calculations using demo yield and cost assumptions and are not guaranteed.",YES,RULE_BASED_WITH_PROFIT_SCENARIOS,AGRIPULSE_RANDOM_FOREST_FORECAST,AGRIPULSE_WEATHER_RISK_FEATURES,AGRIPULSE_SCENARIO_ANALYSIS,NOT_USED_FOR_NUMERICAL_PREDICTION,NO_GUARANTEE,DEVELOPMENT_DEMO,"Explanation is generated from existing AgriPulse forecast, weather-risk, and scenario outputs. It does not create a new numerical prediction."
Bihar,Gaya,,Onion,STABLE,MODERATE,LOW,"Onion shows a relatively stable modeled market signal over the forecast horizon. The available weather-risk indicators show a MODERATE contextual risk level. Weather conditions should be monitored before making a cultivation decision. The current modeled uncertainty indicator is LOW, but this does not mean the forecast is guaranteed. The scenario analysis provides downside, expected, and upside economic cases using explicit demo assumptions. Under the expected scenario, the modeled gross margin is approximately ₹340,764. The downside and upside modeled gross margins are approximately ₹278,741 and ₹376,370, respectively. Profit figures are scenario calculations using demo yield and cost assumptions and are not guaranteed.",YES,RULE_BASED_WITH_PROFIT_SCENARIOS,AGRIPULSE_RANDOM_FOREST_FORECAST,AGRIPULSE_WEATHER_RISK_FEATURES,AGRIPULSE_SCENARIO_ANALYSIS,NOT_USED_FOR_NUMERICAL_PREDICTION,NO_GUARANTEE,DEVELOPMENT_DEMO,"Explanation is generated from existing AgriPulse forecast, weather-risk, and scenario outputs. It does not create a new numerical prediction."
Bihar,Gaya,,Onion,STABLE,MODERATE,LOW,"Onion shows a relatively stable modeled market signal over the forecast horizon. The available weather-risk indicators show a MODERATE contextual risk level. Weather conditions should be monitored before making a cultivation decision. The current modeled uncertainty indicator is LOW, but this does not mean the forecast is guaranteed. The scenario analysis provides downside, expected, and upside economic cases using explicit demo assumptions. Under the expected scenario, the modeled gross margin is approximately ₹340,764. The downside and upside modeled gross margins are approximately ₹278,741 and ₹376,370, respectively. Profit figures are scenario calculations using demo yield and cost assumptions and are not guaranteed.",YES,RULE_BASED_WITH_PROFIT_SCENARIOS,AGRIPULSE_RANDOM_FOREST_FORECAST,AGRIPULSE_WEATHER_RISK_FEATURES,AGRIPULSE_SCENARIO_ANALYSIS,NOT_USED_FOR_NUMERICAL_PREDICTION,NO_GUARANTEE,DEVELOPMENT_DEMO,"Explanation is generated from existing AgriPulse forecast, weather-risk, and scenario outputs. It does not create a new numerical prediction."
Bihar,Gaya,,Potato,STABLE,MODERATE,LOW,"Potato shows a relatively stable modeled market signal over the forecast horizon. The available weather-risk indicators show a MODERATE contextual risk level. Weather conditions should be monitored before making a cultivation decision. The current modeled uncertainty indicator is LOW, but this does not mean the forecast is guaranteed. The scenario analysis provides downside, expected, and upside economic cases using explicit demo assumptions. Under the expected scenario, the modeled gross margin is approximately ₹135,833. The downside and upside modeled gross margins are approximately ₹96,497 and ₹158,295, respectively. Profit figures are scenario calculations using demo yield and cost assumptions and are not guaranteed.",YES,RULE_BASED_WITH_PROFIT_SCENARIOS,AGRIPULSE_RANDOM_FOREST_FORECAST,AGRIPULSE_WEATHER_RISK_FEATURES,AGRIPULSE_SCENARIO_ANALYSIS,NOT_USED_FOR_NUMERICAL_PREDICTION,NO_GUARANTEE,DEVELOPMENT_DEMO,"Explanation is generated from existing AgriPulse forecast, weather-risk, and scenario outputs. It does not create a new numerical prediction."
Bihar,Gaya,,Potato,STABLE,MODERATE,LOW,"Potato shows a relatively stable modeled market signal over the forecast horizon. The available weather-risk indicators show a MODERATE contextual risk level. Weather conditions should be monitored before making a cultivation decision. The current modeled uncertainty indicator is LOW, but this does not mean the forecast is guaranteed. The scenario analysis provides downside, expected, and upside economic cases using explicit demo assumptions. Under the expected scenario, the modeled gross margin is approximately ₹135,833. The downside and upside modeled gross margins are approximately ₹96,497 and ₹158,295, respectively. Profit figures are scenario calculations using demo yield and cost assumptions and are not guaranteed.",YES,RULE_BASED_WITH_PROFIT_SCENARIOS,AGRIPULSE_RANDOM_FOREST_FORECAST,AGRIPULSE_WEATHER_RISK_FEATURES,AGRIPULSE_SCENARIO_ANALYSIS,NOT_USED_FOR_NUMERICAL_PREDICTION,NO_GUARANTEE,DEVELOPMENT_DEMO,"Explanation is generated from existing AgriPulse forecast, weather-risk, and scenario outputs. It does not create a new numerical prediction."
Bihar,Gaya,,Potato,RISING,MODERATE,LOW,"Potato shows a rising modeled market signal over the forecast horizon. The available weather-risk indicators show a MODERATE contextual risk level. Weather conditions should be monitored before making a cultivation decision. The current modeled uncertainty indicator is LOW, but this does not mean the forecast is guaranteed. The scenario analysis provides downside, expected, and upside economic cases using explicit demo assumptions. Under the expected scenario, the modeled gross margin is approximately ₹135,833. The downside and upside modeled gross margins are approximately ₹96,497 and ₹158,295, respectively. Profit figures are scenario calculations using demo yield and cost assumptions and are not guaranteed.",YES,RULE_BASED_WITH_PROFIT_SCENARIOS,AGRIPULSE_RANDOM_FOREST_FORECAST,AGRIPULSE_WEATHER_RISK_FEATURES,AGRIPULSE_SCENARIO_ANALYSIS,NOT_USED_FOR_NUMERICAL_PREDICTION,NO_GUARANTEE,DEVELOPMENT_DEMO,"Explanation is generated from existing AgriPulse forecast, weather-risk, and scenario outputs. It does not create a new numerical prediction."
Bihar,Gaya,,Rice,FALLING,MODERATE,LOW,"Rice shows a falling modeled market signal over the forecast horizon. The available weather-risk indicators show a MODERATE contextual risk level. Weather conditions should be monitored before making a cultivation decision. The current modeled uncertainty indicator is LOW, but this does not mean the forecast is guaranteed. The scenario analysis provides downside, expected, and upside economic cases using explicit demo assumptions. Under the expected scenario, the modeled gross margin is approximately ₹97,447. The downside and upside modeled gross margins are approximately ₹74,707 and ₹110,655, respectively. Profit figures are scenario calculations using demo yield and cost assumptions and are not guaranteed.",YES,RULE_BASED_WITH_PROFIT_SCENARIOS,AGRIPULSE_RANDOM_FOREST_FORECAST,AGRIPULSE_WEATHER_RISK_FEATURES,AGRIPULSE_SCENARIO_ANALYSIS,NOT_USED_FOR_NUMERICAL_PREDICTION,NO_GUARANTEE,DEVELOPMENT_DEMO,"Explanation is generated from existing AgriPulse forecast, weather-risk, and scenario outputs. It does not create a new numerical prediction."
Bihar,Gaya,,Rice,FALLING,MODERATE,LOW,"Rice shows a falling modeled market signal over the forecast horizon. The available weather-risk indicators show a MODERATE contextual risk level. Weather conditions should be monitored before making a cultivation decision. The current modeled uncertainty indicator is LOW, but this does not mean the forecast is guaranteed. The scenario analysis provides downside, expected, and upside economic cases using explicit demo assumptions. Under the expected scenario, the modeled gross margin is approximately ₹97,447. The downside and upside modeled gross margins are approximately ₹74,707 and ₹110,655, respectively. Profit figures are scenario calculations using demo yield and cost assumptions and are not guaranteed.",YES,RULE_BASED_WITH_PROFIT_SCENARIOS,AGRIPULSE_RANDOM_FOREST_FORECAST,AGRIPULSE_WEATHER_RISK_FEATURES,AGRIPULSE_SCENARIO_ANALYSIS,NOT_USED_FOR_NUMERICAL_PREDICTION,NO_GUARANTEE,DEVELOPMENT_DEMO,"Explanation is generated from existing AgriPulse forecast, weather-risk, and scenario outputs. It does not create a new numerical prediction."
Bihar,Gaya,,Rice,FALLING,MODERATE,LOW,"Rice shows a falling modeled market signal over the forecast horizon. The available weather-risk indicators show a MODERATE contextual risk level. Weather conditions should be monitored before making a cultivation decision. The current modeled uncertainty indicator is LOW, but this does not mean the forecast is guaranteed. The scenario analysis provides downside, expected, and upside economic cases using explicit demo assumptions. Under the expected scenario, the modeled gross margin is approximately ₹97,447. The downside and upside modeled gross margins are approximately ₹74,707 and ₹110,655, respectively. Profit figures are scenario calculations using demo yield and cost assumptions and are not guaranteed.",YES,RULE_BASED_WITH_PROFIT_SCENARIOS,AGRIPULSE_RANDOM_FOREST_FORECAST,AGRIPULSE_WEATHER_RISK_FEATURES,AGRIPULSE_SCENARIO_ANALYSIS,NOT_USED_FOR_NUMERICAL_PREDICTION,NO_GUARANTEE,DEVELOPMENT_DEMO,"Explanation is generated from existing AgriPulse forecast, weather-risk, and scenario outputs. It does not create a new numerical prediction."
Bihar,Gaya,,Tomato,FALLING,MODERATE,LOW,"Tomato shows a falling modeled market signal over the forecast horizon. The available weather-risk indicators show a MODERATE contextual risk level. Weather conditions should be monitored before making a cultivation decision. The current modeled uncertainty indicator is LOW, but this does not mean the forecast is guaranteed. The scenario analysis provides downside, expected, and upside economic cases using explicit demo assumptions. Under the expected scenario, the modeled gross margin is approximately ₹144,157. The downside and upside modeled gross margins are approximately ₹104,182 and ₹171,013, respectively. Profit figures are scenario calculations using demo yield and cost assumptions and are not guaranteed.",YES,RULE_BASED_WITH_PROFIT_SCENARIOS,AGRIPULSE_RANDOM_FOREST_FORECAST,AGRIPULSE_WEATHER_RISK_FEATURES,AGRIPULSE_SCENARIO_ANALYSIS,NOT_USED_FOR_NUMERICAL_PREDICTION,NO_GUARANTEE,DEVELOPMENT_DEMO,"Explanation is generated from existing AgriPulse forecast, weather-risk, and scenario outputs. It does not create a new numerical prediction."
Bihar,Gaya,,Tomato,STABLE,MODERATE,LOW,"Tomato shows a relatively stable modeled market signal over the forecast horizon. The available weather-risk indicators show a MODERATE contextual risk level. Weather conditions should be monitored before making a cultivation decision. The current modeled uncertainty indicator is LOW, but this does not mean the forecast is guaranteed. The scenario analysis provides downside, expected, and upside economic cases using explicit demo assumptions. Under the expected scenario, the modeled gross margin is approximately ₹144,157. The downside and upside modeled gross margins are approximately ₹104,182 and ₹171,013, respectively. Profit figures are scenario calculations using demo yield and cost assumptions and are not guaranteed.",YES,RULE_BASED_WITH_PROFIT_SCENARIOS,AGRIPULSE_RANDOM_FOREST_FORECAST,AGRIPULSE_WEATHER_RISK_FEATURES,AGRIPULSE_SCENARIO_ANALYSIS,NOT_USED_FOR_NUMERICAL_PREDICTION,NO_GUARANTEE,DEVELOPMENT_DEMO,"Explanation is generated from existing AgriPulse forecast, weather-risk, and scenario outputs. It does not create a new numerical prediction."
Bihar,Gaya,,Tomato,RISING,MODERATE,LOW,"Tomato shows a rising modeled market signal over the forecast horizon. The available weather-risk indicators show a MODERATE contextual risk level. Weather conditions should be monitored before making a cultivation decision. The current modeled uncertainty indicator is LOW, but this does not mean the forecast is guaranteed. The scenario analysis provides downside, expected, and upside economic cases using explicit demo assumptions. Under the expected scenario, the modeled gross margin is approximately ₹144,157. The downside and upside modeled gross margins are approximately ₹104,182 and ₹171,013, respectively. Profit figures are scenario calculations using demo yield and cost assumptions and are not guaranteed.",YES,RULE_BASED_WITH_PROFIT_SCENARIOS,AGRIPULSE_RANDOM_FOREST_FORECAST,AGRIPULSE_WEATHER_RISK_FEATURES,AGRIPULSE_SCENARIO_ANALYSIS,NOT_USED_FOR_NUMERICAL_PREDICTION,NO_GUARANTEE,DEVELOPMENT_DEMO,"Explanation is generated from existing AgriPulse forecast, weather-risk, and scenario outputs. It does not create a new numerical prediction."
Bihar,Gaya,,Wheat,FALLING,MODERATE,LOW,"Wheat shows a falling modeled market signal over the forecast horizon. The available weather-risk indicators show a MODERATE contextual risk level. Weather conditions should be monitored before making a cultivation decision. The current modeled uncertainty indicator is LOW, but this does not mean the forecast is guaranteed. The scenario analysis provides downside, expected, and upside economic cases using explicit demo assumptions. Under the expected scenario, the modeled gross margin is approximately ₹72,697. The downside and upside modeled gross margins are approximately ₹53,775 and ₹83,115, respectively. Profit figures are scenario calculations using demo yield and cost assumptions and are not guaranteed.",YES,RULE_BASED_WITH_PROFIT_SCENARIOS,AGRIPULSE_RANDOM_FOREST_FORECAST,AGRIPULSE_WEATHER_RISK_FEATURES,AGRIPULSE_SCENARIO_ANALYSIS,NOT_USED_FOR_NUMERICAL_PREDICTION,NO_GUARANTEE,DEVELOPMENT_DEMO,"Explanation is generated from existing AgriPulse forecast, weather-risk, and scenario outputs. It does not create a new numerical prediction."
Bihar,Gaya,,Wheat,FALLING,MODERATE,LOW,"Wheat shows a falling modeled market signal over the forecast horizon. The available weather-risk indicators show a MODERATE contextual risk level. Weather conditions should be monitored before making a cultivation decision. The current modeled uncertainty indicator is LOW, but this does not mean the forecast is guaranteed. The scenario analysis provides downside, expected, and upside economic cases using explicit demo assumptions. Under the expected scenario, the modeled gross margin is approximately ₹72,697. The downside and upside modeled gross margins are approximately ₹53,775 and ₹83,115, respectively. Profit figures are scenario calculations using demo yield and cost assumptions and are not guaranteed.",YES,RULE_BASED_WITH_PROFIT_SCENARIOS,AGRIPULSE_RANDOM_FOREST_FORECAST,AGRIPULSE_WEATHER_RISK_FEATURES,AGRIPULSE_SCENARIO_ANALYSIS,NOT_USED_FOR_NUMERICAL_PREDICTION,NO_GUARANTEE,DEVELOPMENT_DEMO,"Explanation is generated from existing AgriPulse forecast, weather-risk, and scenario outputs. It does not create a new numerical prediction."
Bihar,Gaya,,Wheat,FALLING,MODERATE,LOW,"Wheat shows a falling modeled market signal over the forecast horizon. The available weather-risk indicators show a MODERATE contextual risk level. Weather conditions should be monitored before making a cultivation decision. The current modeled uncertainty indicator is LOW, but this does not mean the forecast is guaranteed. The scenario analysis provides downside, expected, and upside economic cases using explicit demo assumptions. Under the expected scenario, the modeled gross margin is approximately ₹72,697. The downside and upside modeled gross margins are approximately ₹53,775 and ₹83,115, respectively. Profit figures are scenario calculations using demo yield and cost assumptions and are not guaranteed.",YES,RULE_BASED_WITH_PROFIT_SCENARIOS,AGRIPULSE_RANDOM_FOREST_FORECAST,AGRIPULSE_WEATHER_RISK_FEATURES,AGRIPULSE_SCENARIO_ANALYSIS,NOT_USED_FOR_NUMERICAL_PREDICTION,NO_GUARANTEE,DEVELOPMENT_DEMO,"Explanation is generated from existing AgriPulse forecast, weather-risk, and scenario outputs. It does not create a new numerical prediction."
Bihar,Muzaffarpur,,Onion,RISING,LOW,LOW,"Onion shows a rising modeled market signal over the forecast horizon. The available weather-risk indicators show a LOW contextual risk level. The current modeled uncertainty indicator is LOW, but this does not mean the forecast is guaranteed. The scenario analysis provides downside, expected, and upside economic cases using explicit demo assumptions. Under the expected scenario, the modeled gross margin is approximately ₹340,764. The downside and upside modeled gross margins are approximately ₹278,741 and ₹376,370, respectively. Profit figures are scenario calculations using demo yield and cost assumptions and are not guaranteed.",YES,RULE_BASED_WITH_PROFIT_SCENARIOS,AGRIPULSE_RANDOM_FOREST_FORECAST,AGRIPULSE_WEATHER_RISK_FEATURES,AGRIPULSE_SCENARIO_ANALYSIS,NOT_USED_FOR_NUMERICAL_PREDICTION,NO_GUARANTEE,DEVELOPMENT_DEMO,"Explanation is generated from existing AgriPulse forecast, weather-risk, and scenario outputs. It does not create a new numerical prediction."
Bihar,Muzaffarpur,,Onion,RISING,LOW,LOW,"Onion shows a rising modeled market signal over the forecast horizon. The available weather-risk indicators show a LOW contextual risk level. The current modeled uncertainty indicator is LOW, but this does not mean the forecast is guaranteed. The scenario analysis provides downside, expected, and upside economic cases using explicit demo assumptions. Under the expected scenario, the modeled gross margin is approximately ₹340,764. The downside and upside modeled gross margins are approximately ₹278,741 and ₹376,370, respectively. Profit figures are scenario calculations using demo yield and cost assumptions and are not guaranteed.",YES,RULE_BASED_WITH_PROFIT_SCENARIOS,AGRIPULSE_RANDOM_FOREST_FORECAST,AGRIPULSE_WEATHER_RISK_FEATURES,AGRIPULSE_SCENARIO_ANALYSIS,NOT_USED_FOR_NUMERICAL_PREDICTION,NO_GUARANTEE,DEVELOPMENT_DEMO,"Explanation is generated from existing AgriPulse forecast, weather-risk, and scenario outputs. It does not create a new numerical prediction."
Bihar,Muzaffarpur,,Onion,RISING,LOW,LOW,"Onion shows a rising modeled market signal over the forecast horizon. The available weather-risk indicators show a LOW contextual risk level. The current modeled uncertainty indicator is LOW, but this does not mean the forecast is guaranteed. The scenario analysis provides downside, expected, and upside economic cases using explicit demo assumptions. Under the expected scenario, the modeled gross margin is approximately ₹340,764. The downside and upside modeled gross margins are approximately ₹278,741 and ₹376,370, respectively. Profit figures are scenario calculations using demo yield and cost assumptions and are not guaranteed.",YES,RULE_BASED_WITH_PROFIT_SCENARIOS,AGRIPULSE_RANDOM_FOREST_FORECAST,AGRIPULSE_WEATHER_RISK_FEATURES,AGRIPULSE_SCENARIO_ANALYSIS,NOT_USED_FOR_NUMERICAL_PREDICTION,NO_GUARANTEE,DEVELOPMENT_DEMO,"Explanation is generated from existing AgriPulse forecast, weather-risk, and scenario outputs. It does not create a new numerical prediction."
Bihar,Muzaffarpur,,Potato,RISING,LOW,LOW,"Potato shows a rising modeled market signal over the forecast horizon. The available weather-risk indicators show a LOW contextual risk level. The current modeled uncertainty indicator is LOW, but this does not mean the forecast is guaranteed. The scenario analysis provides downside, expected, and upside economic cases using explicit demo assumptions. Under the expected scenario, the modeled gross margin is approximately ₹135,833. The downside and upside modeled gross margins are approximately ₹96,497 and ₹158,295, respectively. Profit figures are scenario calculations using demo yield and cost assumptions and are not guaranteed.",YES,RULE_BASED_WITH_PROFIT_SCENARIOS,AGRIPULSE_RANDOM_FOREST_FORECAST,AGRIPULSE_WEATHER_RISK_FEATURES,AGRIPULSE_SCENARIO_ANALYSIS,NOT_USED_FOR_NUMERICAL_PREDICTION,NO_GUARANTEE,DEVELOPMENT_DEMO,"Explanation is generated from existing AgriPulse forecast, weather-risk, and scenario outputs. It does not create a new numerical prediction."
Bihar,Muzaffarpur,,Potato,RISING,LOW,LOW,"Potato shows a rising modeled market signal over the forecast horizon. The available weather-risk indicators show a LOW contextual risk level. The current modeled uncertainty indicator is LOW, but this does not mean the forecast is guaranteed. The scenario analysis provides downside, expected, and upside economic cases using explicit demo assumptions. Under the expected scenario, the modeled gross margin is approximately ₹135,833. The downside and upside modeled gross margins are approximately ₹96,497 and ₹158,295, respectively. Profit figures are scenario calculations using demo yield and cost assumptions and are not guaranteed.",YES,RULE_BASED_WITH_PROFIT_SCENARIOS,AGRIPULSE_RANDOM_FOREST_FORECAST,AGRIPULSE_WEATHER_RISK_FEATURES,AGRIPULSE_SCENARIO_ANALYSIS,NOT_USED_FOR_NUMERICAL_PREDICTION,NO_GUARANTEE,DEVELOPMENT_DEMO,"Explanation is generated from existing AgriPulse forecast, weather-risk, and scenario outputs. It does not create a new numerical prediction."
Bihar,Muzaffarpur,,Potato,RISING,LOW,LOW,"Potato shows a rising modeled market signal over the forecast horizon. The available weather-risk indicators show a LOW contextual risk level. The current modeled uncertainty indicator is LOW, but this does not mean the forecast is guaranteed. The scenario analysis provides downside, expected, and upside economic cases using explicit demo assumptions. Under the expected scenario, the modeled gross margin is approximately ₹135,833. The downside and upside modeled gross margins are approximately ₹96,497 and ₹158,295, respectively. Profit figures are scenario calculations using demo yield and cost assumptions and are not guaranteed.",YES,RULE_BASED_WITH_PROFIT_SCENARIOS,AGRIPULSE_RANDOM_FOREST_FORECAST,AGRIPULSE_WEATHER_RISK_FEATURES,AGRIPULSE_SCENARIO_ANALYSIS,NOT_USED_FOR_NUMERICAL_PREDICTION,NO_GUARANTEE,DEVELOPMENT_DEMO,"Explanation is generated from existing AgriPulse forecast, weather-risk, and scenario outputs. It does not create a new numerical prediction."
Bihar,Muzaffarpur,,Rice,RISING,LOW,LOW,"Rice shows a rising modeled market signal over the forecast horizon. The available weather-risk indicators show a LOW contextual risk level. The current modeled uncertainty indicator is LOW, but this does not mean the forecast is guaranteed. The scenario analysis provides downside, expected, and upside economic cases using explicit demo assumptions. Under the expected scenario, the modeled gross margin is approximately ₹97,447. The downside and upside modeled gross margins are approximately ₹74,707 and ₹110,655, respectively. Profit figures are scenario calculations using demo yield and cost assumptions and are not guaranteed.",YES,RULE_BASED_WITH_PROFIT_SCENARIOS,AGRIPULSE_RANDOM_FOREST_FORECAST,AGRIPULSE_WEATHER_RISK_FEATURES,AGRIPULSE_SCENARIO_ANALYSIS,NOT_USED_FOR_NUMERICAL_PREDICTION,NO_GUARANTEE,DEVELOPMENT_DEMO,"Explanation is generated from existing AgriPulse forecast, weather-risk, and scenario outputs. It does not create a new numerical prediction."
Bihar,Muzaffarpur,,Rice,RISING,LOW,LOW,"Rice shows a rising modeled market signal over the forecast horizon. The available weather-risk indicators show a LOW contextual risk level. The current modeled uncertainty indicator is LOW, but this does not mean the forecast is guaranteed. The scenario analysis provides downside, expected, and upside economic cases using explicit demo assumptions. Under the expected scenario, the modeled gross margin is approximately ₹97,447. The downside and upside modeled gross margins are approximately ₹74,707 and ₹110,655, respectively. Profit figures are scenario calculations using demo yield and cost assumptions and are not guaranteed.",YES,RULE_BASED_WITH_PROFIT_SCENARIOS,AGRIPULSE_RANDOM_FOREST_FORECAST,AGRIPULSE_WEATHER_RISK_FEATURES,AGRIPULSE_SCENARIO_ANALYSIS,NOT_USED_FOR_NUMERICAL_PREDICTION,NO_GUARANTEE,DEVELOPMENT_DEMO,"Explanation is generated from existing AgriPulse forecast, weather-risk, and scenario outputs. It does not create a new numerical prediction."
Bihar,Muzaffarpur,,Rice,RISING,LOW,LOW,"Rice shows a rising modeled market signal over the forecast horizon. The available weather-risk indicators show a LOW contextual risk level. The current modeled uncertainty indicator is LOW, but this does not mean the forecast is guaranteed. The scenario analysis provides downside, expected, and upside economic cases using explicit demo assumptions. Under the expected scenario, the modeled gross margin is approximately ₹97,447. The downside and upside modeled gross margins are approximately ₹74,707 and ₹110,655, respectively. Profit figures are scenario calculations using demo yield and cost assumptions and are not guaranteed.",YES,RULE_BASED_WITH_PROFIT_SCENARIOS,AGRIPULSE_RANDOM_FOREST_FORECAST,AGRIPULSE_WEATHER_RISK_FEATURES,AGRIPULSE_SCENARIO_ANALYSIS,NOT_USED_FOR_NUMERICAL_PREDICTION,NO_GUARANTEE,DEVELOPMENT_DEMO,"Explanation is generated from existing AgriPulse forecast, weather-risk, and scenario outputs. It does not create a new numerical prediction."
Bihar,Muzaffarpur,,Tomato,RISING,LOW,LOW,"Tomato shows a rising modeled market signal over the forecast horizon. The available weather-risk indicators show a LOW contextual risk level. The current modeled uncertainty indicator is LOW, but this does not mean the forecast is guaranteed. The scenario analysis provides downside, expected, and upside economic cases using explicit demo assumptions. Under the expected scenario, the modeled gross margin is approximately ₹144,157. The downside and upside modeled gross margins are approximately ₹104,182 and ₹171,013, respectively. Profit figures are scenario calculations using demo yield and cost assumptions and are not guaranteed.",YES,RULE_BASED_WITH_PROFIT_SCENARIOS,AGRIPULSE_RANDOM_FOREST_FORECAST,AGRIPULSE_WEATHER_RISK_FEATURES,AGRIPULSE_SCENARIO_ANALYSIS,NOT_USED_FOR_NUMERICAL_PREDICTION,NO_GUARANTEE,DEVELOPMENT_DEMO,"Explanation is generated from existing AgriPulse forecast, weather-risk, and scenario outputs. It does not create a new numerical prediction."
Bihar,Muzaffarpur,,Tomato,RISING,LOW,LOW,"Tomato shows a rising modeled market signal over the forecast horizon. The available weather-risk indicators show a LOW contextual risk level. The current modeled uncertainty indicator is LOW, but this does not mean the forecast is guaranteed. The scenario analysis provides downside, expected, and upside economic cases using explicit demo assumptions. Under the expected scenario, the modeled gross margin is approximately ₹144,157. The downside and upside modeled gross margins are approximately ₹104,182 and ₹171,013, respectively. Profit figures are scenario calculations using demo yield and cost assumptions and are not guaranteed.",YES,RULE_BASED_WITH_PROFIT_SCENARIOS,AGRIPULSE_RANDOM_FOREST_FORECAST,AGRIPULSE_WEATHER_RISK_FEATURES,AGRIPULSE_SCENARIO_ANALYSIS,NOT_USED_FOR_NUMERICAL_PREDICTION,NO_GUARANTEE,DEVELOPMENT_DEMO,"Explanation is generated from existing AgriPulse forecast, weather-risk, and scenario outputs. It does not create a new numerical prediction."
Bihar,Muzaffarpur,,Tomato,RISING,LOW,LOW,"Tomato shows a rising modeled market signal over the forecast horizon. The available weather-risk indicators show a LOW contextual risk level. The current modeled uncertainty indicator is LOW, but this does not mean the forecast is guaranteed. The scenario analysis provides downside, expected, and upside economic cases using explicit demo assumptions. Under the expected scenario, the modeled gross margin is approximately ₹144,157. The downside and upside modeled gross margins are approximately ₹104,182 and ₹171,013, respectively. Profit figures are scenario calculations using demo yield and cost assumptions and are not guaranteed.",YES,RULE_BASED_WITH_PROFIT_SCENARIOS,AGRIPULSE_RANDOM_FOREST_FORECAST,AGRIPULSE_WEATHER_RISK_FEATURES,AGRIPULSE_SCENARIO_ANALYSIS,NOT_USED_FOR_NUMERICAL_PREDICTION,NO_GUARANTEE,DEVELOPMENT_DEMO,"Explanation is generated from existing AgriPulse forecast, weather-risk, and scenario outputs. It does not create a new numerical prediction."
Bihar,Muzaffarpur,,Wheat,FALLING,LOW,LOW,"Wheat shows a falling modeled market signal over the forecast horizon. The available weather-risk indicators show a LOW contextual risk level. The current modeled uncertainty indicator is LOW, but this does not mean the forecast is guaranteed. The scenario analysis provides downside, expected, and upside economic cases using explicit demo assumptions. Under the expected scenario, the modeled gross margin is approximately ₹72,697. The downside and upside modeled gross margins are approximately ₹53,775 and ₹83,115, respectively. Profit figures are scenario calculations using demo yield and cost assumptions and are not guaranteed.",YES,RULE_BASED_WITH_PROFIT_SCENARIOS,AGRIPULSE_RANDOM_FOREST_FORECAST,AGRIPULSE_WEATHER_RISK_FEATURES,AGRIPULSE_SCENARIO_ANALYSIS,NOT_USED_FOR_NUMERICAL_PREDICTION,NO_GUARANTEE,DEVELOPMENT_DEMO,"Explanation is generated from existing AgriPulse forecast, weather-risk, and scenario outputs. It does not create a new numerical prediction."
Bihar,Muzaffarpur,,Wheat,FALLING,LOW,LOW,"Wheat shows a falling modeled market signal over the forecast horizon. The available weather-risk indicators show a LOW contextual risk level. The current modeled uncertainty indicator is LOW, but this does not mean the forecast is guaranteed. The scenario analysis provides downside, expected, and upside economic cases using explicit demo assumptions. Under the expected scenario, the modeled gross margin is approximately ₹72,697. The downside and upside modeled gross margins are approximately ₹53,775 and ₹83,115, respectively. Profit figures are scenario calculations using demo yield and cost assumptions and are not guaranteed.",YES,RULE_BASED_WITH_PROFIT_SCENARIOS,AGRIPULSE_RANDOM_FOREST_FORECAST,AGRIPULSE_WEATHER_RISK_FEATURES,AGRIPULSE_SCENARIO_ANALYSIS,NOT_USED_FOR_NUMERICAL_PREDICTION,NO_GUARANTEE,DEVELOPMENT_DEMO,"Explanation is generated from existing AgriPulse forecast, weather-risk, and scenario outputs. It does not create a new numerical prediction."
Bihar,Muzaffarpur,,Wheat,FALLING,LOW,LOW,"Wheat shows a falling modeled market signal over the forecast horizon. The available weather-risk indicators show a LOW contextual risk level. The current modeled uncertainty indicator is LOW, but this does not mean the forecast is guaranteed. The scenario analysis provides downside, expected, and upside economic cases using explicit demo assumptions. Under the expected scenario, the modeled gross margin is approximately ₹72,697. The downside and upside modeled gross margins are approximately ₹53,775 and ₹83,115, respectively. Profit figures are scenario calculations using demo yield and cost assumptions and are not guaranteed.",YES,RULE_BASED_WITH_PROFIT_SCENARIOS,AGRIPULSE_RANDOM_FOREST_FORECAST,AGRIPULSE_WEATHER_RISK_FEATURES,AGRIPULSE_SCENARIO_ANALYSIS,NOT_USED_FOR_NUMERICAL_PREDICTION,NO_GUARANTEE,DEVELOPMENT_DEMO,"Explanation is generated from existing AgriPulse forecast, weather-risk, and scenario outputs. It does not create a new numerical prediction."
Bihar,Patna City,,Onion,RISING,LOW,LOW,"Onion shows a rising modeled market signal over the forecast horizon. The available weather-risk indicators show a LOW contextual risk level. The current modeled uncertainty indicator is LOW, but this does not mean the forecast is guaranteed. The scenario analysis provides downside, expected, and upside economic cases using explicit demo assumptions. Under the expected scenario, the modeled gross margin is approximately ₹340,764. The downside and upside modeled gross margins are approximately ₹278,741 and ₹376,370, respectively. Profit figures are scenario calculations using demo yield and cost assumptions and are not guaranteed.",YES,RULE_BASED_WITH_PROFIT_SCENARIOS,AGRIPULSE_RANDOM_FOREST_FORECAST,AGRIPULSE_WEATHER_RISK_FEATURES,AGRIPULSE_SCENARIO_ANALYSIS,NOT_USED_FOR_NUMERICAL_PREDICTION,NO_GUARANTEE,DEVELOPMENT_DEMO,"Explanation is generated from existing AgriPulse forecast, weather-risk, and scenario outputs. It does not create a new numerical prediction."
Bihar,Patna City,,Onion,RISING,LOW,LOW,"Onion shows a rising modeled market signal over the forecast horizon. The available weather-risk indicators show a LOW contextual risk level. The current modeled uncertainty indicator is LOW, but this does not mean the forecast is guaranteed. The scenario analysis provides downside, expected, and upside economic cases using explicit demo assumptions. Under the expected scenario, the modeled gross margin is approximately ₹340,764. The downside and upside modeled gross margins are approximately ₹278,741 and ₹376,370, respectively. Profit figures are scenario calculations using demo yield and cost assumptions and are not guaranteed.",YES,RULE_BASED_WITH_PROFIT_SCENARIOS,AGRIPULSE_RANDOM_FOREST_FORECAST,AGRIPULSE_WEATHER_RISK_FEATURES,AGRIPULSE_SCENARIO_ANALYSIS,NOT_USED_FOR_NUMERICAL_PREDICTION,NO_GUARANTEE,DEVELOPMENT_DEMO,"Explanation is generated from existing AgriPulse forecast, weather-risk, and scenario outputs. It does not create a new numerical prediction."
Bihar,Patna City,,Onion,RISING,LOW,LOW,"Onion shows a rising modeled market signal over the forecast horizon. The available weather-risk indicators show a LOW contextual risk level. The current modeled uncertainty indicator is LOW, but this does not mean the forecast is guaranteed. The scenario analysis provides downside, expected, and upside economic cases using explicit demo assumptions. Under the expected scenario, the modeled gross margin is approximately ₹340,764. The downside and upside modeled gross margins are approximately ₹278,741 and ₹376,370, respectively. Profit figures are scenario calculations using demo yield and cost assumptions and are not guaranteed.",YES,RULE_BASED_WITH_PROFIT_SCENARIOS,AGRIPULSE_RANDOM_FOREST_FORECAST,AGRIPULSE_WEATHER_RISK_FEATURES,AGRIPULSE_SCENARIO_ANALYSIS,NOT_USED_FOR_NUMERICAL_PREDICTION,NO_GUARANTEE,DEVELOPMENT_DEMO,"Explanation is generated from existing AgriPulse forecast, weather-risk, and scenario outputs. It does not create a new numerical prediction."
Bihar,Patna City,,Potato,STABLE,LOW,LOW,"Potato shows a relatively stable modeled market signal over the forecast horizon. The available weather-risk indicators show a LOW contextual risk level. The current modeled uncertainty indicator is LOW, but this does not mean the forecast is guaranteed. The scenario analysis provides downside, expected, and upside economic cases using explicit demo assumptions. Under the expected scenario, the modeled gross margin is approximately ₹135,833. The downside and upside modeled gross margins are approximately ₹96,497 and ₹158,295, respectively. Profit figures are scenario calculations using demo yield and cost assumptions and are not guaranteed.",YES,RULE_BASED_WITH_PROFIT_SCENARIOS,AGRIPULSE_RANDOM_FOREST_FORECAST,AGRIPULSE_WEATHER_RISK_FEATURES,AGRIPULSE_SCENARIO_ANALYSIS,NOT_USED_FOR_NUMERICAL_PREDICTION,NO_GUARANTEE,DEVELOPMENT_DEMO,"Explanation is generated from existing AgriPulse forecast, weather-risk, and scenario outputs. It does not create a new numerical prediction."
Bihar,Patna City,,Potato,FALLING,LOW,LOW,"Potato shows a falling modeled market signal over the forecast horizon. The available weather-risk indicators show a LOW contextual risk level. The current modeled uncertainty indicator is LOW, but this does not mean the forecast is guaranteed. The scenario analysis provides downside, expected, and upside economic cases using explicit demo assumptions. Under the expected scenario, the modeled gross margin is approximately ₹135,833. The downside and upside modeled gross margins are approximately ₹96,497 and ₹158,295, respectively. Profit figures are scenario calculations using demo yield and cost assumptions and are not guaranteed.",YES,RULE_BASED_WITH_PROFIT_SCENARIOS,AGRIPULSE_RANDOM_FOREST_FORECAST,AGRIPULSE_WEATHER_RISK_FEATURES,AGRIPULSE_SCENARIO_ANALYSIS,NOT_USED_FOR_NUMERICAL_PREDICTION,NO_GUARANTEE,DEVELOPMENT_DEMO,"Explanation is generated from existing AgriPulse forecast, weather-risk, and scenario outputs. It does not create a new numerical prediction."
Bihar,Patna City,,Potato,FALLING,LOW,LOW,"Potato shows a falling modeled market signal over the forecast horizon. The available weather-risk indicators show a LOW contextual risk level. The current modeled uncertainty indicator is LOW, but this does not mean the forecast is guaranteed. The scenario analysis provides downside, expected, and upside economic cases using explicit demo assumptions. Under the expected scenario, the modeled gross margin is approximately ₹135,833. The downside and upside modeled gross margins are approximately ₹96,497 and ₹158,295, respectively. Profit figures are scenario calculations using demo yield and cost assumptions and are not guaranteed.",YES,RULE_BASED_WITH_PROFIT_SCENARIOS,AGRIPULSE_RANDOM_FOREST_FORECAST,AGRIPULSE_WEATHER_RISK_FEATURES,AGRIPULSE_SCENARIO_ANALYSIS,NOT_USED_FOR_NUMERICAL_PREDICTION,NO_GUARANTEE,DEVELOPMENT_DEMO,"Explanation is generated from existing AgriPulse forecast, weather-risk, and scenario outputs. It does not create a new numerical prediction."
Bihar,Patna City,,Rice,STABLE,LOW,LOW,"Rice shows a relatively stable modeled market signal over the forecast horizon. The available weather-risk indicators show a LOW contextual risk level. The current modeled uncertainty indicator is LOW, but this does not mean the forecast is guaranteed. The scenario analysis provides downside, expected, and upside economic cases using explicit demo assumptions. Under the expected scenario, the modeled gross margin is approximately ₹97,447. The downside and upside modeled gross margins are approximately ₹74,707 and ₹110,655, respectively. Profit figures are scenario calculations using demo yield and cost assumptions and are not guaranteed.",YES,RULE_BASED_WITH_PROFIT_SCENARIOS,AGRIPULSE_RANDOM_FOREST_FORECAST,AGRIPULSE_WEATHER_RISK_FEATURES,AGRIPULSE_SCENARIO_ANALYSIS,NOT_USED_FOR_NUMERICAL_PREDICTION,NO_GUARANTEE,DEVELOPMENT_DEMO,"Explanation is generated from existing AgriPulse forecast, weather-risk, and scenario outputs. It does not create a new numerical prediction."
Bihar,Patna City,,Rice,FALLING,LOW,LOW,"Rice shows a falling modeled market signal over the forecast horizon. The available weather-risk indicators show a LOW contextual risk level. The current modeled uncertainty indicator is LOW, but this does not mean the forecast is guaranteed. The scenario analysis provides downside, expected, and upside economic cases using explicit demo assumptions. Under the expected scenario, the modeled gross margin is approximately ₹97,447. The downside and upside modeled gross margins are approximately ₹74,707 and ₹110,655, respectively. Profit figures are scenario calculations using demo yield and cost assumptions and are not guaranteed.",YES,RULE_BASED_WITH_PROFIT_SCENARIOS,AGRIPULSE_RANDOM_FOREST_FORECAST,AGRIPULSE_WEATHER_RISK_FEATURES,AGRIPULSE_SCENARIO_ANALYSIS,NOT_USED_FOR_NUMERICAL_PREDICTION,NO_GUARANTEE,DEVELOPMENT_DEMO,"Explanation is generated from existing AgriPulse forecast, weather-risk, and scenario outputs. It does not create a new numerical prediction."
Bihar,Patna City,,Rice,FALLING,LOW,LOW,"Rice shows a falling modeled market signal over the forecast horizon. The available weather-risk indicators show a LOW contextual risk level. The current modeled uncertainty indicator is LOW, but this does not mean the forecast is guaranteed. The scenario analysis provides downside, expected, and upside economic cases using explicit demo assumptions. Under the expected scenario, the modeled gross margin is approximately ₹97,447. The downside and upside modeled gross margins are approximately ₹74,707 and ₹110,655, respectively. Profit figures are scenario calculations using demo yield and cost assumptions and are not guaranteed.",YES,RULE_BASED_WITH_PROFIT_SCENARIOS,AGRIPULSE_RANDOM_FOREST_FORECAST,AGRIPULSE_WEATHER_RISK_FEATURES,AGRIPULSE_SCENARIO_ANALYSIS,NOT_USED_FOR_NUMERICAL_PREDICTION,NO_GUARANTEE,DEVELOPMENT_DEMO,"Explanation is generated from existing AgriPulse forecast, weather-risk, and scenario outputs. It does not create a new numerical prediction."
Bihar,Patna City,,Tomato,FALLING,LOW,LOW,"Tomato shows a falling modeled market signal over the forecast horizon. The available weather-risk indicators show a LOW contextual risk level. The current modeled uncertainty indicator is LOW, but this does not mean the forecast is guaranteed. The scenario analysis provides downside, expected, and upside economic cases using explicit demo assumptions. Under the expected scenario, the modeled gross margin is approximately ₹144,157. The downside and upside modeled gross margins are approximately ₹104,182 and ₹171,013, respectively. Profit figures are scenario calculations using demo yield and cost assumptions and are not guaranteed.",YES,RULE_BASED_WITH_PROFIT_SCENARIOS,AGRIPULSE_RANDOM_FOREST_FORECAST,AGRIPULSE_WEATHER_RISK_FEATURES,AGRIPULSE_SCENARIO_ANALYSIS,NOT_USED_FOR_NUMERICAL_PREDICTION,NO_GUARANTEE,DEVELOPMENT_DEMO,"Explanation is generated from existing AgriPulse forecast, weather-risk, and scenario outputs. It does not create a new numerical prediction."
Bihar,Patna City,,Tomato,FALLING,LOW,LOW,"Tomato shows a falling modeled market signal over the forecast horizon. The available weather-risk indicators show a LOW contextual risk level. The current modeled uncertainty indicator is LOW, but this does not mean the forecast is guaranteed. The scenario analysis provides downside, expected, and upside economic cases using explicit demo assumptions. Under the expected scenario, the modeled gross margin is approximately ₹144,157. The downside and upside modeled gross margins are approximately ₹104,182 and ₹171,013, respectively. Profit figures are scenario calculations using demo yield and cost assumptions and are not guaranteed.",YES,RULE_BASED_WITH_PROFIT_SCENARIOS,AGRIPULSE_RANDOM_FOREST_FORECAST,AGRIPULSE_WEATHER_RISK_FEATURES,AGRIPULSE_SCENARIO_ANALYSIS,NOT_USED_FOR_NUMERICAL_PREDICTION,NO_GUARANTEE,DEVELOPMENT_DEMO,"Explanation is generated from existing AgriPulse forecast, weather-risk, and scenario outputs. It does not create a new numerical prediction."
Bihar,Patna City,,Tomato,FALLING,LOW,LOW,"Tomato shows a falling modeled market signal over the forecast horizon. The available weather-risk indicators show a LOW contextual risk level. The current modeled uncertainty indicator is LOW, but this does not mean the forecast is guaranteed. The scenario analysis provides downside, expected, and upside economic cases using explicit demo assumptions. Under the expected scenario, the modeled gross margin is approximately ₹144,157. The downside and upside modeled gross margins are approximately ₹104,182 and ₹171,013, respectively. Profit figures are scenario calculations using demo yield and cost assumptions and are not guaranteed.",YES,RULE_BASED_WITH_PROFIT_SCENARIOS,AGRIPULSE_RANDOM_FOREST_FORECAST,AGRIPULSE_WEATHER_RISK_FEATURES,AGRIPULSE_SCENARIO_ANALYSIS,NOT_USED_FOR_NUMERICAL_PREDICTION,NO_GUARANTEE,DEVELOPMENT_DEMO,"Explanation is generated from existing AgriPulse forecast, weather-risk, and scenario outputs. It does not create a new numerical prediction."
Bihar,Patna City,,Wheat,STABLE,LOW,LOW,"Wheat shows a relatively stable modeled market signal over the forecast horizon. The available weather-risk indicators show a LOW contextual risk level. The current modeled uncertainty indicator is LOW, but this does not mean the forecast is guaranteed. The scenario analysis provides downside, expected, and upside economic cases using explicit demo assumptions. Under the expected scenario, the modeled gross margin is approximately ₹72,697. The downside and upside modeled gross margins are approximately ₹53,775 and ₹83,115, respectively. Profit figures are scenario calculations using demo yield and cost assumptions and are not guaranteed.",YES,RULE_BASED_WITH_PROFIT_SCENARIOS,AGRIPULSE_RANDOM_FOREST_FORECAST,AGRIPULSE_WEATHER_RISK_FEATURES,AGRIPULSE_SCENARIO_ANALYSIS,NOT_USED_FOR_NUMERICAL_PREDICTION,NO_GUARANTEE,DEVELOPMENT_DEMO,"Explanation is generated from existing AgriPulse forecast, weather-risk, and scenario outputs. It does not create a new numerical prediction."
Bihar,Patna City,,Wheat,RISING,LOW,LOW,"Wheat shows a rising modeled market signal over the forecast horizon. The available weather-risk indicators show a LOW contextual risk level. The current modeled uncertainty indicator is LOW, but this does not mean the forecast is guaranteed. The scenario analysis provides downside, expected, and upside economic cases using explicit demo assumptions. Under the expected scenario, the modeled gross margin is approximately ₹72,697. The downside and upside modeled gross margins are approximately ₹53,775 and ₹83,115, respectively. Profit figures are scenario calculations using demo yield and cost assumptions and are not guaranteed.",YES,RULE_BASED_WITH_PROFIT_SCENARIOS,AGRIPULSE_RANDOM_FOREST_FORECAST,AGRIPULSE_WEATHER_RISK_FEATURES,AGRIPULSE_SCENARIO_ANALYSIS,NOT_USED_FOR_NUMERICAL_PREDICTION,NO_GUARANTEE,DEVELOPMENT_DEMO,"Explanation is generated from existing AgriPulse forecast, weather-risk, and scenario outputs. It does not create a new numerical prediction."
Bihar,Patna City,,Wheat,RISING,LOW,LOW,"Wheat shows a rising modeled market signal over the forecast horizon. The available weather-risk indicators show a LOW contextual risk level. The current modeled uncertainty indicator is LOW, but this does not mean the forecast is guaranteed. The scenario analysis provides downside, expected, and upside economic cases using explicit demo assumptions. Under the expected scenario, the modeled gross margin is approximately ₹72,697. The downside and upside modeled gross margins are approximately ₹53,775 and ₹83,115, respectively. Profit figures are scenario calculations using demo yield and cost assumptions and are not guaranteed.",YES,RULE_BASED_WITH_PROFIT_SCENARIOS,AGRIPULSE_RANDOM_FOREST_FORECAST,AGRIPULSE_WEATHER_RISK_FEATURES,AGRIPULSE_SCENARIO_ANALYSIS,NOT_USED_FOR_NUMERICAL_PREDICTION,NO_GUARANTEE,DEVELOPMENT_DEMO,"Explanation is generated from existing AgriPulse forecast, weather-risk, and scenario outputs. It does not create a new numerical prediction."
Jharkhand,Dhanbad,,Onion,RISING,LOW,LOW,"Onion shows a rising modeled market signal over the forecast horizon. The available weather-risk indicators show a LOW contextual risk level. The current modeled uncertainty indicator is LOW, but this does not mean the forecast is guaranteed. The scenario analysis provides downside, expected, and upside economic cases using explicit demo assumptions. Under the expected scenario, the modeled gross margin is approximately ₹340,764. The downside and upside modeled gross margins are approximately ₹278,741 and ₹376,370, respectively. Profit figures are scenario calculations using demo yield and cost assumptions and are not guaranteed.",YES,RULE_BASED_WITH_PROFIT_SCENARIOS,AGRIPULSE_RANDOM_FOREST_FORECAST,AGRIPULSE_WEATHER_RISK_FEATURES,AGRIPULSE_SCENARIO_ANALYSIS,NOT_USED_FOR_NUMERICAL_PREDICTION,NO_GUARANTEE,DEVELOPMENT_DEMO,"Explanation is generated from existing AgriPulse forecast, weather-risk, and scenario outputs. It does not create a new numerical prediction."
Jharkhand,Dhanbad,,Onion,STABLE,LOW,LOW,"Onion shows a relatively stable modeled market signal over the forecast horizon. The available weather-risk indicators show a LOW contextual risk level. The current modeled uncertainty indicator is LOW, but this does not mean the forecast is guaranteed. The scenario analysis provides downside, expected, and upside economic cases using explicit demo assumptions. Under the expected scenario, the modeled gross margin is approximately ₹340,764. The downside and upside modeled gross margins are approximately ₹278,741 and ₹376,370, respectively. Profit figures are scenario calculations using demo yield and cost assumptions and are not guaranteed.",YES,RULE_BASED_WITH_PROFIT_SCENARIOS,AGRIPULSE_RANDOM_FOREST_FORECAST,AGRIPULSE_WEATHER_RISK_FEATURES,AGRIPULSE_SCENARIO_ANALYSIS,NOT_USED_FOR_NUMERICAL_PREDICTION,NO_GUARANTEE,DEVELOPMENT_DEMO,"Explanation is generated from existing AgriPulse forecast, weather-risk, and scenario outputs. It does not create a new numerical prediction."
Jharkhand,Dhanbad,,Onion,STABLE,LOW,LOW,"Onion shows a relatively stable modeled market signal over the forecast horizon. The available weather-risk indicators show a LOW contextual risk level. The current modeled uncertainty indicator is LOW, but this does not mean the forecast is guaranteed. The scenario analysis provides downside, expected, and upside economic cases using explicit demo assumptions. Under the expected scenario, the modeled gross margin is approximately ₹340,764. The downside and upside modeled gross margins are approximately ₹278,741 and ₹376,370, respectively. Profit figures are scenario calculations using demo yield and cost assumptions and are not guaranteed.",YES,RULE_BASED_WITH_PROFIT_SCENARIOS,AGRIPULSE_RANDOM_FOREST_FORECAST,AGRIPULSE_WEATHER_RISK_FEATURES,AGRIPULSE_SCENARIO_ANALYSIS,NOT_USED_FOR_NUMERICAL_PREDICTION,NO_GUARANTEE,DEVELOPMENT_DEMO,"Explanation is generated from existing AgriPulse forecast, weather-risk, and scenario outputs. It does not create a new numerical prediction."
Jharkhand,Dhanbad,,Potato,FALLING,LOW,LOW,"Potato shows a falling modeled market signal over the forecast horizon. The available weather-risk indicators show a LOW contextual risk level. The current modeled uncertainty indicator is LOW, but this does not mean the forecast is guaranteed. The scenario analysis provides downside, expected, and upside economic cases using explicit demo assumptions. Under the expected scenario, the modeled gross margin is approximately ₹135,833. The downside and upside modeled gross margins are approximately ₹96,497 and ₹158,295, respectively. Profit figures are scenario calculations using demo yield and cost assumptions and are not guaranteed.",YES,RULE_BASED_WITH_PROFIT_SCENARIOS,AGRIPULSE_RANDOM_FOREST_FORECAST,AGRIPULSE_WEATHER_RISK_FEATURES,AGRIPULSE_SCENARIO_ANALYSIS,NOT_USED_FOR_NUMERICAL_PREDICTION,NO_GUARANTEE,DEVELOPMENT_DEMO,"Explanation is generated from existing AgriPulse forecast, weather-risk, and scenario outputs. It does not create a new numerical prediction."
Jharkhand,Dhanbad,,Potato,FALLING,LOW,LOW,"Potato shows a falling modeled market signal over the forecast horizon. The available weather-risk indicators show a LOW contextual risk level. The current modeled uncertainty indicator is LOW, but this does not mean the forecast is guaranteed. The scenario analysis provides downside, expected, and upside economic cases using explicit demo assumptions. Under the expected scenario, the modeled gross margin is approximately ₹135,833. The downside and upside modeled gross margins are approximately ₹96,497 and ₹158,295, respectively. Profit figures are scenario calculations using demo yield and cost assumptions and are not guaranteed.",YES,RULE_BASED_WITH_PROFIT_SCENARIOS,AGRIPULSE_RANDOM_FOREST_FORECAST,AGRIPULSE_WEATHER_RISK_FEATURES,AGRIPULSE_SCENARIO_ANALYSIS,NOT_USED_FOR_NUMERICAL_PREDICTION,NO_GUARANTEE,DEVELOPMENT_DEMO,"Explanation is generated from existing AgriPulse forecast, weather-risk, and scenario outputs. It does not create a new numerical prediction."
Jharkhand,Dhanbad,,Potato,FALLING,LOW,LOW,"Potato shows a falling modeled market signal over the forecast horizon. The available weather-risk indicators show a LOW contextual risk level. The current modeled uncertainty indicator is LOW, but this does not mean the forecast is guaranteed. The scenario analysis provides downside, expected, and upside economic cases using explicit demo assumptions. Under the expected scenario, the modeled gross margin is approximately ₹135,833. The downside and upside modeled gross margins are approximately ₹96,497 and ₹158,295, respectively. Profit figures are scenario calculations using demo yield and cost assumptions and are not guaranteed.",YES,RULE_BASED_WITH_PROFIT_SCENARIOS,AGRIPULSE_RANDOM_FOREST_FORECAST,AGRIPULSE_WEATHER_RISK_FEATURES,AGRIPULSE_SCENARIO_ANALYSIS,NOT_USED_FOR_NUMERICAL_PREDICTION,NO_GUARANTEE,DEVELOPMENT_DEMO,"Explanation is generated from existing AgriPulse forecast, weather-risk, and scenario outputs. It does not create a new numerical prediction."
Jharkhand,Dhanbad,,Rice,STABLE,LOW,LOW,"Rice shows a relatively stable modeled market signal over the forecast horizon. The available weather-risk indicators show a LOW contextual risk level. The current modeled uncertainty indicator is LOW, but this does not mean the forecast is guaranteed. The scenario analysis provides downside, expected, and upside economic cases using explicit demo assumptions. Under the expected scenario, the modeled gross margin is approximately ₹97,447. The downside and upside modeled gross margins are approximately ₹74,707 and ₹110,655, respectively. Profit figures are scenario calculations using demo yield and cost assumptions and are not guaranteed.",YES,RULE_BASED_WITH_PROFIT_SCENARIOS,AGRIPULSE_RANDOM_FOREST_FORECAST,AGRIPULSE_WEATHER_RISK_FEATURES,AGRIPULSE_SCENARIO_ANALYSIS,NOT_USED_FOR_NUMERICAL_PREDICTION,NO_GUARANTEE,DEVELOPMENT_DEMO,"Explanation is generated from existing AgriPulse forecast, weather-risk, and scenario outputs. It does not create a new numerical prediction."
Jharkhand,Dhanbad,,Rice,STABLE,LOW,LOW,"Rice shows a relatively stable modeled market signal over the forecast horizon. The available weather-risk indicators show a LOW contextual risk level. The current modeled uncertainty indicator is LOW, but this does not mean the forecast is guaranteed. The scenario analysis provides downside, expected, and upside economic cases using explicit demo assumptions. Under the expected scenario, the modeled gross margin is approximately ₹97,447. The downside and upside modeled gross margins are approximately ₹74,707 and ₹110,655, respectively. Profit figures are scenario calculations using demo yield and cost assumptions and are not guaranteed.",YES,RULE_BASED_WITH_PROFIT_SCENARIOS,AGRIPULSE_RANDOM_FOREST_FORECAST,AGRIPULSE_WEATHER_RISK_FEATURES,AGRIPULSE_SCENARIO_ANALYSIS,NOT_USED_FOR_NUMERICAL_PREDICTION,NO_GUARANTEE,DEVELOPMENT_DEMO,"Explanation is generated from existing AgriPulse forecast, weather-risk, and scenario outputs. It does not create a new numerical prediction."
Jharkhand,Dhanbad,,Rice,FALLING,LOW,LOW,"Rice shows a falling modeled market signal over the forecast horizon. The available weather-risk indicators show a LOW contextual risk level. The current modeled uncertainty indicator is LOW, but this does not mean the forecast is guaranteed. The scenario analysis provides downside, expected, and upside economic cases using explicit demo assumptions. Under the expected scenario, the modeled gross margin is approximately ₹97,447. The downside and upside modeled gross margins are approximately ₹74,707 and ₹110,655, respectively. Profit figures are scenario calculations using demo yield and cost assumptions and are not guaranteed.",YES,RULE_BASED_WITH_PROFIT_SCENARIOS,AGRIPULSE_RANDOM_FOREST_FORECAST,AGRIPULSE_WEATHER_RISK_FEATURES,AGRIPULSE_SCENARIO_ANALYSIS,NOT_USED_FOR_NUMERICAL_PREDICTION,NO_GUARANTEE,DEVELOPMENT_DEMO,"Explanation is generated from existing AgriPulse forecast, weather-risk, and scenario outputs. It does not create a new numerical prediction."
Jharkhand,Dhanbad,,Tomato,RISING,LOW,LOW,"Tomato shows a rising modeled market signal over the forecast horizon. The available weather-risk indicators show a LOW contextual risk level. The current modeled uncertainty indicator is LOW, but this does not mean the forecast is guaranteed. The scenario analysis provides downside, expected, and upside economic cases using explicit demo assumptions. Under the expected scenario, the modeled gross margin is approximately ₹144,157. The downside and upside modeled gross margins are approximately ₹104,182 and ₹171,013, respectively. Profit figures are scenario calculations using demo yield and cost assumptions and are not guaranteed.",YES,RULE_BASED_WITH_PROFIT_SCENARIOS,AGRIPULSE_RANDOM_FOREST_FORECAST,AGRIPULSE_WEATHER_RISK_FEATURES,AGRIPULSE_SCENARIO_ANALYSIS,NOT_USED_FOR_NUMERICAL_PREDICTION,NO_GUARANTEE,DEVELOPMENT_DEMO,"Explanation is generated from existing AgriPulse forecast, weather-risk, and scenario outputs. It does not create a new numerical prediction."
Jharkhand,Dhanbad,,Tomato,RISING,LOW,LOW,"Tomato shows a rising modeled market signal over the forecast horizon. The available weather-risk indicators show a LOW contextual risk level. The current modeled uncertainty indicator is LOW, but this does not mean the forecast is guaranteed. The scenario analysis provides downside, expected, and upside economic cases using explicit demo assumptions. Under the expected scenario, the modeled gross margin is approximately ₹144,157. The downside and upside modeled gross margins are approximately ₹104,182 and ₹171,013, respectively. Profit figures are scenario calculations using demo yield and cost assumptions and are not guaranteed.",YES,RULE_BASED_WITH_PROFIT_SCENARIOS,AGRIPULSE_RANDOM_FOREST_FORECAST,AGRIPULSE_WEATHER_RISK_FEATURES,AGRIPULSE_SCENARIO_ANALYSIS,NOT_USED_FOR_NUMERICAL_PREDICTION,NO_GUARANTEE,DEVELOPMENT_DEMO,"Explanation is generated from existing AgriPulse forecast, weather-risk, and scenario outputs. It does not create a new numerical prediction."
Jharkhand,Dhanbad,,Tomato,RISING,LOW,LOW,"Tomato shows a rising modeled market signal over the forecast horizon. The available weather-risk indicators show a LOW contextual risk level. The current modeled uncertainty indicator is LOW, but this does not mean the forecast is guaranteed. The scenario analysis provides downside, expected, and upside economic cases using explicit demo assumptions. Under the expected scenario, the modeled gross margin is approximately ₹144,157. The downside and upside modeled gross margins are approximately ₹104,182 and ₹171,013, respectively. Profit figures are scenario calculations using demo yield and cost assumptions and are not guaranteed.",YES,RULE_BASED_WITH_PROFIT_SCENARIOS,AGRIPULSE_RANDOM_FOREST_FORECAST,AGRIPULSE_WEATHER_RISK_FEATURES,AGRIPULSE_SCENARIO_ANALYSIS,NOT_USED_FOR_NUMERICAL_PREDICTION,NO_GUARANTEE,DEVELOPMENT_DEMO,"Explanation is generated from existing AgriPulse forecast, weather-risk, and scenario outputs. It does not create a new numerical prediction."
Jharkhand,Dhanbad,,Wheat,RISING,LOW,LOW,"Wheat shows a rising modeled market signal over the forecast horizon. The available weather-risk indicators show a LOW contextual risk level. The current modeled uncertainty indicator is LOW, but this does not mean the forecast is guaranteed. The scenario analysis provides downside, expected, and upside economic cases using explicit demo assumptions. Under the expected scenario, the modeled gross margin is approximately ₹72,697. The downside and upside modeled gross margins are approximately ₹53,775 and ₹83,115, respectively. Profit figures are scenario calculations using demo yield and cost assumptions and are not guaranteed.",YES,RULE_BASED_WITH_PROFIT_SCENARIOS,AGRIPULSE_RANDOM_FOREST_FORECAST,AGRIPULSE_WEATHER_RISK_FEATURES,AGRIPULSE_SCENARIO_ANALYSIS,NOT_USED_FOR_NUMERICAL_PREDICTION,NO_GUARANTEE,DEVELOPMENT_DEMO,"Explanation is generated from existing AgriPulse forecast, weather-risk, and scenario outputs. It does not create a new numerical prediction."
Jharkhand,Dhanbad,,Wheat,RISING,LOW,LOW,"Wheat shows a rising modeled market signal over the forecast horizon. The available weather-risk indicators show a LOW contextual risk level. The current modeled uncertainty indicator is LOW, but this does not mean the forecast is guaranteed. The scenario analysis provides downside, expected, and upside economic cases using explicit demo assumptions. Under the expected scenario, the modeled gross margin is approximately ₹72,697. The downside and upside modeled gross margins are approximately ₹53,775 and ₹83,115, respectively. Profit figures are scenario calculations using demo yield and cost assumptions and are not guaranteed.",YES,RULE_BASED_WITH_PROFIT_SCENARIOS,AGRIPULSE_RANDOM_FOREST_FORECAST,AGRIPULSE_WEATHER_RISK_FEATURES,AGRIPULSE_SCENARIO_ANALYSIS,NOT_USED_FOR_NUMERICAL_PREDICTION,NO_GUARANTEE,DEVELOPMENT_DEMO,"Explanation is generated from existing AgriPulse forecast, weather-risk, and scenario outputs. It does not create a new numerical prediction."
Jharkhand,Dhanbad,,Wheat,RISING,LOW,LOW,"Wheat shows a rising modeled market signal over the forecast horizon. The available weather-risk indicators show a LOW contextual risk level. The current modeled uncertainty indicator is LOW, but this does not mean the forecast is guaranteed. The scenario analysis provides downside, expected, and upside economic cases using explicit demo assumptions. Under the expected scenario, the modeled gross margin is approximately ₹72,697. The downside and upside modeled gross margins are approximately ₹53,775 and ₹83,115, respectively. Profit figures are scenario calculations using demo yield and cost assumptions and are not guaranteed.",YES,RULE_BASED_WITH_PROFIT_SCENARIOS,AGRIPULSE_RANDOM_FOREST_FORECAST,AGRIPULSE_WEATHER_RISK_FEATURES,AGRIPULSE_SCENARIO_ANALYSIS,NOT_USED_FOR_NUMERICAL_PREDICTION,NO_GUARANTEE,DEVELOPMENT_DEMO,"Explanation is generated from existing AgriPulse forecast, weather-risk, and scenario outputs. It does not create a new numerical prediction."
Jharkhand,Jamshedpur,,Onion,FALLING,LOW,LOW,"Onion shows a falling modeled market signal over the forecast horizon. The available weather-risk indicators show a LOW contextual risk level. The current modeled uncertainty indicator is LOW, but this does not mean the forecast is guaranteed. The scenario analysis provides downside, expected, and upside economic cases using explicit demo assumptions. Under the expected scenario, the modeled gross margin is approximately ₹340,764. The downside and upside modeled gross margins are approximately ₹278,741 and ₹376,370, respectively. Profit figures are scenario calculations using demo yield and cost assumptions and are not guaranteed.",YES,RULE_BASED_WITH_PROFIT_SCENARIOS,AGRIPULSE_RANDOM_FOREST_FORECAST,AGRIPULSE_WEATHER_RISK_FEATURES,AGRIPULSE_SCENARIO_ANALYSIS,NOT_USED_FOR_NUMERICAL_PREDICTION,NO_GUARANTEE,DEVELOPMENT_DEMO,"Explanation is generated from existing AgriPulse forecast, weather-risk, and scenario outputs. It does not create a new numerical prediction."
Jharkhand,Jamshedpur,,Onion,STABLE,LOW,LOW,"Onion shows a relatively stable modeled market signal over the forecast horizon. The available weather-risk indicators show a LOW contextual risk level. The current modeled uncertainty indicator is LOW, but this does not mean the forecast is guaranteed. The scenario analysis provides downside, expected, and upside economic cases using explicit demo assumptions. Under the expected scenario, the modeled gross margin is approximately ₹340,764. The downside and upside modeled gross margins are approximately ₹278,741 and ₹376,370, respectively. Profit figures are scenario calculations using demo yield and cost assumptions and are not guaranteed.",YES,RULE_BASED_WITH_PROFIT_SCENARIOS,AGRIPULSE_RANDOM_FOREST_FORECAST,AGRIPULSE_WEATHER_RISK_FEATURES,AGRIPULSE_SCENARIO_ANALYSIS,NOT_USED_FOR_NUMERICAL_PREDICTION,NO_GUARANTEE,DEVELOPMENT_DEMO,"Explanation is generated from existing AgriPulse forecast, weather-risk, and scenario outputs. It does not create a new numerical prediction."
Jharkhand,Jamshedpur,,Onion,STABLE,LOW,LOW,"Onion shows a relatively stable modeled market signal over the forecast horizon. The available weather-risk indicators show a LOW contextual risk level. The current modeled uncertainty indicator is LOW, but this does not mean the forecast is guaranteed. The scenario analysis provides downside, expected, and upside economic cases using explicit demo assumptions. Under the expected scenario, the modeled gross margin is approximately ₹340,764. The downside and upside modeled gross margins are approximately ₹278,741 and ₹376,370, respectively. Profit figures are scenario calculations using demo yield and cost assumptions and are not guaranteed.",YES,RULE_BASED_WITH_PROFIT_SCENARIOS,AGRIPULSE_RANDOM_FOREST_FORECAST,AGRIPULSE_WEATHER_RISK_FEATURES,AGRIPULSE_SCENARIO_ANALYSIS,NOT_USED_FOR_NUMERICAL_PREDICTION,NO_GUARANTEE,DEVELOPMENT_DEMO,"Explanation is generated from existing AgriPulse forecast, weather-risk, and scenario outputs. It does not create a new numerical prediction."
Jharkhand,Jamshedpur,,Potato,FALLING,LOW,LOW,"Potato shows a falling modeled market signal over the forecast horizon. The available weather-risk indicators show a LOW contextual risk level. The current modeled uncertainty indicator is LOW, but this does not mean the forecast is guaranteed. The scenario analysis provides downside, expected, and upside economic cases using explicit demo assumptions. Under the expected scenario, the modeled gross margin is approximately ₹135,833. The downside and upside modeled gross margins are approximately ₹96,497 and ₹158,295, respectively. Profit figures are scenario calculations using demo yield and cost assumptions and are not guaranteed.",YES,RULE_BASED_WITH_PROFIT_SCENARIOS,AGRIPULSE_RANDOM_FOREST_FORECAST,AGRIPULSE_WEATHER_RISK_FEATURES,AGRIPULSE_SCENARIO_ANALYSIS,NOT_USED_FOR_NUMERICAL_PREDICTION,NO_GUARANTEE,DEVELOPMENT_DEMO,"Explanation is generated from existing AgriPulse forecast, weather-risk, and scenario outputs. It does not create a new numerical prediction."
Jharkhand,Jamshedpur,,Potato,FALLING,LOW,LOW,"Potato shows a falling modeled market signal over the forecast horizon. The available weather-risk indicators show a LOW contextual risk level. The current modeled uncertainty indicator is LOW, but this does not mean the forecast is guaranteed. The scenario analysis provides downside, expected, and upside economic cases using explicit demo assumptions. Under the expected scenario, the modeled gross margin is approximately ₹135,833. The downside and upside modeled gross margins are approximately ₹96,497 and ₹158,295, respectively. Profit figures are scenario calculations using demo yield and cost assumptions and are not guaranteed.",YES,RULE_BASED_WITH_PROFIT_SCENARIOS,AGRIPULSE_RANDOM_FOREST_FORECAST,AGRIPULSE_WEATHER_RISK_FEATURES,AGRIPULSE_SCENARIO_ANALYSIS,NOT_USED_FOR_NUMERICAL_PREDICTION,NO_GUARANTEE,DEVELOPMENT_DEMO,"Explanation is generated from existing AgriPulse forecast, weather-risk, and scenario outputs. It does not create a new numerical prediction."
Jharkhand,Jamshedpur,,Potato,FALLING,LOW,LOW,"Potato shows a falling modeled market signal over the forecast horizon. The available weather-risk indicators show a LOW contextual risk level. The current modeled uncertainty indicator is LOW, but this does not mean the forecast is guaranteed. The scenario analysis provides downside, expected, and upside economic cases using explicit demo assumptions. Under the expected scenario, the modeled gross margin is approximately ₹135,833. The downside and upside modeled gross margins are approximately ₹96,497 and ₹158,295, respectively. Profit figures are scenario calculations using demo yield and cost assumptions and are not guaranteed.",YES,RULE_BASED_WITH_PROFIT_SCENARIOS,AGRIPULSE_RANDOM_FOREST_FORECAST,AGRIPULSE_WEATHER_RISK_FEATURES,AGRIPULSE_SCENARIO_ANALYSIS,NOT_USED_FOR_NUMERICAL_PREDICTION,NO_GUARANTEE,DEVELOPMENT_DEMO,"Explanation is generated from existing AgriPulse forecast, weather-risk, and scenario outputs. It does not create a new numerical prediction."
Jharkhand,Jamshedpur,,Rice,RISING,LOW,LOW,"Rice shows a rising modeled market signal over the forecast horizon. The available weather-risk indicators show a LOW contextual risk level. The current modeled uncertainty indicator is LOW, but this does not mean the forecast is guaranteed. The scenario analysis provides downside, expected, and upside economic cases using explicit demo assumptions. Under the expected scenario, the modeled gross margin is approximately ₹97,447. The downside and upside modeled gross margins are approximately ₹74,707 and ₹110,655, respectively. Profit figures are scenario calculations using demo yield and cost assumptions and are not guaranteed.",YES,RULE_BASED_WITH_PROFIT_SCENARIOS,AGRIPULSE_RANDOM_FOREST_FORECAST,AGRIPULSE_WEATHER_RISK_FEATURES,AGRIPULSE_SCENARIO_ANALYSIS,NOT_USED_FOR_NUMERICAL_PREDICTION,NO_GUARANTEE,DEVELOPMENT_DEMO,"Explanation is generated from existing AgriPulse forecast, weather-risk, and scenario outputs. It does not create a new numerical prediction."
Jharkhand,Jamshedpur,,Rice,RISING,LOW,LOW,"Rice shows a rising modeled market signal over the forecast horizon. The available weather-risk indicators show a LOW contextual risk level. The current modeled uncertainty indicator is LOW, but this does not mean the forecast is guaranteed. The scenario analysis provides downside, expected, and upside economic cases using explicit demo assumptions. Under the expected scenario, the modeled gross margin is approximately ₹97,447. The downside and upside modeled gross margins are approximately ₹74,707 and ₹110,655, respectively. Profit figures are scenario calculations using demo yield and cost assumptions and are not guaranteed.",YES,RULE_BASED_WITH_PROFIT_SCENARIOS,AGRIPULSE_RANDOM_FOREST_FORECAST,AGRIPULSE_WEATHER_RISK_FEATURES,AGRIPULSE_SCENARIO_ANALYSIS,NOT_USED_FOR_NUMERICAL_PREDICTION,NO_GUARANTEE,DEVELOPMENT_DEMO,"Explanation is generated from existing AgriPulse forecast, weather-risk, and scenario outputs. It does not create a new numerical prediction."
Jharkhand,Jamshedpur,,Rice,RISING,LOW,LOW,"Rice shows a rising modeled market signal over the forecast horizon. The available weather-risk indicators show a LOW contextual risk level. The current modeled uncertainty indicator is LOW, but this does not mean the forecast is guaranteed. The scenario analysis provides downside, expected, and upside economic cases using explicit demo assumptions. Under the expected scenario, the modeled gross margin is approximately ₹97,447. The downside and upside modeled gross margins are approximately ₹74,707 and ₹110,655, respectively. Profit figures are scenario calculations using demo yield and cost assumptions and are not guaranteed.",YES,RULE_BASED_WITH_PROFIT_SCENARIOS,AGRIPULSE_RANDOM_FOREST_FORECAST,AGRIPULSE_WEATHER_RISK_FEATURES,AGRIPULSE_SCENARIO_ANALYSIS,NOT_USED_FOR_NUMERICAL_PREDICTION,NO_GUARANTEE,DEVELOPMENT_DEMO,"Explanation is generated from existing AgriPulse forecast, weather-risk, and scenario outputs. It does not create a new numerical prediction."
Jharkhand,Jamshedpur,,Tomato,RISING,LOW,LOW,"Tomato shows a rising modeled market signal over the forecast horizon. The available weather-risk indicators show a LOW contextual risk level. The current modeled uncertainty indicator is LOW, but this does not mean the forecast is guaranteed. The scenario analysis provides downside, expected, and upside economic cases using explicit demo assumptions. Under the expected scenario, the modeled gross margin is approximately ₹144,157. The downside and upside modeled gross margins are approximately ₹104,182 and ₹171,013, respectively. Profit figures are scenario calculations using demo yield and cost assumptions and are not guaranteed.",YES,RULE_BASED_WITH_PROFIT_SCENARIOS,AGRIPULSE_RANDOM_FOREST_FORECAST,AGRIPULSE_WEATHER_RISK_FEATURES,AGRIPULSE_SCENARIO_ANALYSIS,NOT_USED_FOR_NUMERICAL_PREDICTION,NO_GUARANTEE,DEVELOPMENT_DEMO,"Explanation is generated from existing AgriPulse forecast, weather-risk, and scenario outputs. It does not create a new numerical prediction."
Jharkhand,Jamshedpur,,Tomato,RISING,LOW,LOW,"Tomato shows a rising modeled market signal over the forecast horizon. The available weather-risk indicators show a LOW contextual risk level. The current modeled uncertainty indicator is LOW, but this does not mean the forecast is guaranteed. The scenario analysis provides downside, expected, and upside economic cases using explicit demo assumptions. Under the expected scenario, the modeled gross margin is approximately ₹144,157. The downside and upside modeled gross margins are approximately ₹104,182 and ₹171,013, respectively. Profit figures are scenario calculations using demo yield and cost assumptions and are not guaranteed.",YES,RULE_BASED_WITH_PROFIT_SCENARIOS,AGRIPULSE_RANDOM_FOREST_FORECAST,AGRIPULSE_WEATHER_RISK_FEATURES,AGRIPULSE_SCENARIO_ANALYSIS,NOT_USED_FOR_NUMERICAL_PREDICTION,NO_GUARANTEE,DEVELOPMENT_DEMO,"Explanation is generated from existing AgriPulse forecast, weather-risk, and scenario outputs. It does not create a new numerical prediction."
Jharkhand,Jamshedpur,,Tomato,RISING,LOW,LOW,"Tomato shows a rising modeled market signal over the forecast horizon. The available weather-risk indicators show a LOW contextual risk level. The current modeled uncertainty indicator is LOW, but this does not mean the forecast is guaranteed. The scenario analysis provides downside, expected, and upside economic cases using explicit demo assumptions. Under the expected scenario, the modeled gross margin is approximately ₹144,157. The downside and upside modeled gross margins are approximately ₹104,182 and ₹171,013, respectively. Profit figures are scenario calculations using demo yield and cost assumptions and are not guaranteed.",YES,RULE_BASED_WITH_PROFIT_SCENARIOS,AGRIPULSE_RANDOM_FOREST_FORECAST,AGRIPULSE_WEATHER_RISK_FEATURES,AGRIPULSE_SCENARIO_ANALYSIS,NOT_USED_FOR_NUMERICAL_PREDICTION,NO_GUARANTEE,DEVELOPMENT_DEMO,"Explanation is generated from existing AgriPulse forecast, weather-risk, and scenario outputs. It does not create a new numerical prediction."
Jharkhand,Jamshedpur,,Wheat,RISING,LOW,LOW,"Wheat shows a rising modeled market signal over the forecast horizon. The available weather-risk indicators show a LOW contextual risk level. The current modeled uncertainty indicator is LOW, but this does not mean the forecast is guaranteed. The scenario analysis provides downside, expected, and upside economic cases using explicit demo assumptions. Under the expected scenario, the modeled gross margin is approximately ₹72,697. The downside and upside modeled gross margins are approximately ₹53,775 and ₹83,115, respectively. Profit figures are scenario calculations using demo yield and cost assumptions and are not guaranteed.",YES,RULE_BASED_WITH_PROFIT_SCENARIOS,AGRIPULSE_RANDOM_FOREST_FORECAST,AGRIPULSE_WEATHER_RISK_FEATURES,AGRIPULSE_SCENARIO_ANALYSIS,NOT_USED_FOR_NUMERICAL_PREDICTION,NO_GUARANTEE,DEVELOPMENT_DEMO,"Explanation is generated from existing AgriPulse forecast, weather-risk, and scenario outputs. It does not create a new numerical prediction."
Jharkhand,Jamshedpur,,Wheat,RISING,LOW,LOW,"Wheat shows a rising modeled market signal over the forecast horizon. The available weather-risk indicators show a LOW contextual risk level. The current modeled uncertainty indicator is LOW, but this does not mean the forecast is guaranteed. The scenario analysis provides downside, expected, and upside economic cases using explicit demo assumptions. Under the expected scenario, the modeled gross margin is approximately ₹72,697. The downside and upside modeled gross margins are approximately ₹53,775 and ₹83,115, respectively. Profit figures are scenario calculations using demo yield and cost assumptions and are not guaranteed.",YES,RULE_BASED_WITH_PROFIT_SCENARIOS,AGRIPULSE_RANDOM_FOREST_FORECAST,AGRIPULSE_WEATHER_RISK_FEATURES,AGRIPULSE_SCENARIO_ANALYSIS,NOT_USED_FOR_NUMERICAL_PREDICTION,NO_GUARANTEE,DEVELOPMENT_DEMO,"Explanation is generated from existing AgriPulse forecast, weather-risk, and scenario outputs. It does not create a new numerical prediction."
Jharkhand,Jamshedpur,,Wheat,RISING,LOW,LOW,"Wheat shows a rising modeled market signal over the forecast horizon. The available weather-risk indicators show a LOW contextual risk level. The current modeled uncertainty indicator is LOW, but this does not mean the forecast is guaranteed. The scenario analysis provides downside, expected, and upside economic cases using explicit demo assumptions. Under the expected scenario, the modeled gross margin is approximately ₹72,697. The downside and upside modeled gross margins are approximately ₹53,775 and ₹83,115, respectively. Profit figures are scenario calculations using demo yield and cost assumptions and are not guaranteed.",YES,RULE_BASED_WITH_PROFIT_SCENARIOS,AGRIPULSE_RANDOM_FOREST_FORECAST,AGRIPULSE_WEATHER_RISK_FEATURES,AGRIPULSE_SCENARIO_ANALYSIS,NOT_USED_FOR_NUMERICAL_PREDICTION,NO_GUARANTEE,DEVELOPMENT_DEMO,"Explanation is generated from existing AgriPulse forecast, weather-risk, and scenario outputs. It does not create a new numerical prediction."
Jharkhand,Ranchi,,Onion,RISING,LOW,LOW,"Onion shows a rising modeled market signal over the forecast horizon. The available weather-risk indicators show a LOW contextual risk level. The current modeled uncertainty indicator is LOW, but this does not mean the forecast is guaranteed. The scenario analysis provides downside, expected, and upside economic cases using explicit demo assumptions. Under the expected scenario, the modeled gross margin is approximately ₹340,764. The downside and upside modeled gross margins are approximately ₹278,741 and ₹376,370, respectively. Profit figures are scenario calculations using demo yield and cost assumptions and are not guaranteed.",YES,RULE_BASED_WITH_PROFIT_SCENARIOS,AGRIPULSE_RANDOM_FOREST_FORECAST,AGRIPULSE_WEATHER_RISK_FEATURES,AGRIPULSE_SCENARIO_ANALYSIS,NOT_USED_FOR_NUMERICAL_PREDICTION,NO_GUARANTEE,DEVELOPMENT_DEMO,"Explanation is generated from existing AgriPulse forecast, weather-risk, and scenario outputs. It does not create a new numerical prediction."
Jharkhand,Ranchi,,Onion,RISING,LOW,LOW,"Onion shows a rising modeled market signal over the forecast horizon. The available weather-risk indicators show a LOW contextual risk level. The current modeled uncertainty indicator is LOW, but this does not mean the forecast is guaranteed. The scenario analysis provides downside, expected, and upside economic cases using explicit demo assumptions. Under the expected scenario, the modeled gross margin is approximately ₹340,764. The downside and upside modeled gross margins are approximately ₹278,741 and ₹376,370, respectively. Profit figures are scenario calculations using demo yield and cost assumptions and are not guaranteed.",YES,RULE_BASED_WITH_PROFIT_SCENARIOS,AGRIPULSE_RANDOM_FOREST_FORECAST,AGRIPULSE_WEATHER_RISK_FEATURES,AGRIPULSE_SCENARIO_ANALYSIS,NOT_USED_FOR_NUMERICAL_PREDICTION,NO_GUARANTEE,DEVELOPMENT_DEMO,"Explanation is generated from existing AgriPulse forecast, weather-risk, and scenario outputs. It does not create a new numerical prediction."
Jharkhand,Ranchi,,Onion,RISING,LOW,LOW,"Onion shows a rising modeled market signal over the forecast horizon. The available weather-risk indicators show a LOW contextual risk level. The current modeled uncertainty indicator is LOW, but this does not mean the forecast is guaranteed. The scenario analysis provides downside, expected, and upside economic cases using explicit demo assumptions. Under the expected scenario, the modeled gross margin is approximately ₹340,764. The downside and upside modeled gross margins are approximately ₹278,741 and ₹376,370, respectively. Profit figures are scenario calculations using demo yield and cost assumptions and are not guaranteed.",YES,RULE_BASED_WITH_PROFIT_SCENARIOS,AGRIPULSE_RANDOM_FOREST_FORECAST,AGRIPULSE_WEATHER_RISK_FEATURES,AGRIPULSE_SCENARIO_ANALYSIS,NOT_USED_FOR_NUMERICAL_PREDICTION,NO_GUARANTEE,DEVELOPMENT_DEMO,"Explanation is generated from existing AgriPulse forecast, weather-risk, and scenario outputs. It does not create a new numerical prediction."
Jharkhand,Ranchi,,Potato,STABLE,LOW,LOW,"Potato shows a relatively stable modeled market signal over the forecast horizon. The available weather-risk indicators show a LOW contextual risk level. The current modeled uncertainty indicator is LOW, but this does not mean the forecast is guaranteed. The scenario analysis provides downside, expected, and upside economic cases using explicit demo assumptions. Under the expected scenario, the modeled gross margin is approximately ₹135,833. The downside and upside modeled gross margins are approximately ₹96,497 and ₹158,295, respectively. Profit figures are scenario calculations using demo yield and cost assumptions and are not guaranteed.",YES,RULE_BASED_WITH_PROFIT_SCENARIOS,AGRIPULSE_RANDOM_FOREST_FORECAST,AGRIPULSE_WEATHER_RISK_FEATURES,AGRIPULSE_SCENARIO_ANALYSIS,NOT_USED_FOR_NUMERICAL_PREDICTION,NO_GUARANTEE,DEVELOPMENT_DEMO,"Explanation is generated from existing AgriPulse forecast, weather-risk, and scenario outputs. It does not create a new numerical prediction."
Jharkhand,Ranchi,,Potato,STABLE,LOW,LOW,"Potato shows a relatively stable modeled market signal over the forecast horizon. The available weather-risk indicators show a LOW contextual risk level. The current modeled uncertainty indicator is LOW, but this does not mean the forecast is guaranteed. The scenario analysis provides downside, expected, and upside economic cases using explicit demo assumptions. Under the expected scenario, the modeled gross margin is approximately ₹135,833. The downside and upside modeled gross margins are approximately ₹96,497 and ₹158,295, respectively. Profit figures are scenario calculations using demo yield and cost assumptions and are not guaranteed.",YES,RULE_BASED_WITH_PROFIT_SCENARIOS,AGRIPULSE_RANDOM_FOREST_FORECAST,AGRIPULSE_WEATHER_RISK_FEATURES,AGRIPULSE_SCENARIO_ANALYSIS,NOT_USED_FOR_NUMERICAL_PREDICTION,NO_GUARANTEE,DEVELOPMENT_DEMO,"Explanation is generated from existing AgriPulse forecast, weather-risk, and scenario outputs. It does not create a new numerical prediction."
Jharkhand,Ranchi,,Potato,RISING,LOW,LOW,"Potato shows a rising modeled market signal over the forecast horizon. The available weather-risk indicators show a LOW contextual risk level. The current modeled uncertainty indicator is LOW, but this does not mean the forecast is guaranteed. The scenario analysis provides downside, expected, and upside economic cases using explicit demo assumptions. Under the expected scenario, the modeled gross margin is approximately ₹135,833. The downside and upside modeled gross margins are approximately ₹96,497 and ₹158,295, respectively. Profit figures are scenario calculations using demo yield and cost assumptions and are not guaranteed.",YES,RULE_BASED_WITH_PROFIT_SCENARIOS,AGRIPULSE_RANDOM_FOREST_FORECAST,AGRIPULSE_WEATHER_RISK_FEATURES,AGRIPULSE_SCENARIO_ANALYSIS,NOT_USED_FOR_NUMERICAL_PREDICTION,NO_GUARANTEE,DEVELOPMENT_DEMO,"Explanation is generated from existing AgriPulse forecast, weather-risk, and scenario outputs. It does not create a new numerical prediction."
Jharkhand,Ranchi,,Rice,STABLE,LOW,LOW,"Rice shows a relatively stable modeled market signal over the forecast horizon. The available weather-risk indicators show a LOW contextual risk level. The current modeled uncertainty indicator is LOW, but this does not mean the forecast is guaranteed. The scenario analysis provides downside, expected, and upside economic cases using explicit demo assumptions. Under the expected scenario, the modeled gross margin is approximately ₹97,447. The downside and upside modeled gross margins are approximately ₹74,707 and ₹110,655, respectively. Profit figures are scenario calculations using demo yield and cost assumptions and are not guaranteed.",YES,RULE_BASED_WITH_PROFIT_SCENARIOS,AGRIPULSE_RANDOM_FOREST_FORECAST,AGRIPULSE_WEATHER_RISK_FEATURES,AGRIPULSE_SCENARIO_ANALYSIS,NOT_USED_FOR_NUMERICAL_PREDICTION,NO_GUARANTEE,DEVELOPMENT_DEMO,"Explanation is generated from existing AgriPulse forecast, weather-risk, and scenario outputs. It does not create a new numerical prediction."
Jharkhand,Ranchi,,Rice,STABLE,LOW,LOW,"Rice shows a relatively stable modeled market signal over the forecast horizon. The available weather-risk indicators show a LOW contextual risk level. The current modeled uncertainty indicator is LOW, but this does not mean the forecast is guaranteed. The scenario analysis provides downside, expected, and upside economic cases using explicit demo assumptions. Under the expected scenario, the modeled gross margin is approximately ₹97,447. The downside and upside modeled gross margins are approximately ₹74,707 and ₹110,655, respectively. Profit figures are scenario calculations using demo yield and cost assumptions and are not guaranteed.",YES,RULE_BASED_WITH_PROFIT_SCENARIOS,AGRIPULSE_RANDOM_FOREST_FORECAST,AGRIPULSE_WEATHER_RISK_FEATURES,AGRIPULSE_SCENARIO_ANALYSIS,NOT_USED_FOR_NUMERICAL_PREDICTION,NO_GUARANTEE,DEVELOPMENT_DEMO,"Explanation is generated from existing AgriPulse forecast, weather-risk, and scenario outputs. It does not create a new numerical prediction."
Jharkhand,Ranchi,,Rice,FALLING,LOW,LOW,"Rice shows a falling modeled market signal over the forecast horizon. The available weather-risk indicators show a LOW contextual risk level. The current modeled uncertainty indicator is LOW, but this does not mean the forecast is guaranteed. The scenario analysis provides downside, expected, and upside economic cases using explicit demo assumptions. Under the expected scenario, the modeled gross margin is approximately ₹97,447. The downside and upside modeled gross margins are approximately ₹74,707 and ₹110,655, respectively. Profit figures are scenario calculations using demo yield and cost assumptions and are not guaranteed.",YES,RULE_BASED_WITH_PROFIT_SCENARIOS,AGRIPULSE_RANDOM_FOREST_FORECAST,AGRIPULSE_WEATHER_RISK_FEATURES,AGRIPULSE_SCENARIO_ANALYSIS,NOT_USED_FOR_NUMERICAL_PREDICTION,NO_GUARANTEE,DEVELOPMENT_DEMO,"Explanation is generated from existing AgriPulse forecast, weather-risk, and scenario outputs. It does not create a new numerical prediction."
Jharkhand,Ranchi,,Tomato,STABLE,LOW,LOW,"Tomato shows a relatively stable modeled market signal over the forecast horizon. The available weather-risk indicators show a LOW contextual risk level. The current modeled uncertainty indicator is LOW, but this does not mean the forecast is guaranteed. The scenario analysis provides downside, expected, and upside economic cases using explicit demo assumptions. Under the expected scenario, the modeled gross margin is approximately ₹144,157. The downside and upside modeled gross margins are approximately ₹104,182 and ₹171,013, respectively. Profit figures are scenario calculations using demo yield and cost assumptions and are not guaranteed.",YES,RULE_BASED_WITH_PROFIT_SCENARIOS,AGRIPULSE_RANDOM_FOREST_FORECAST,AGRIPULSE_WEATHER_RISK_FEATURES,AGRIPULSE_SCENARIO_ANALYSIS,NOT_USED_FOR_NUMERICAL_PREDICTION,NO_GUARANTEE,DEVELOPMENT_DEMO,"Explanation is generated from existing AgriPulse forecast, weather-risk, and scenario outputs. It does not create a new numerical prediction."
Jharkhand,Ranchi,,Tomato,RISING,LOW,LOW,"Tomato shows a rising modeled market signal over the forecast horizon. The available weather-risk indicators show a LOW contextual risk level. The current modeled uncertainty indicator is LOW, but this does not mean the forecast is guaranteed. The scenario analysis provides downside, expected, and upside economic cases using explicit demo assumptions. Under the expected scenario, the modeled gross margin is approximately ₹144,157. The downside and upside modeled gross margins are approximately ₹104,182 and ₹171,013, respectively. Profit figures are scenario calculations using demo yield and cost assumptions and are not guaranteed.",YES,RULE_BASED_WITH_PROFIT_SCENARIOS,AGRIPULSE_RANDOM_FOREST_FORECAST,AGRIPULSE_WEATHER_RISK_FEATURES,AGRIPULSE_SCENARIO_ANALYSIS,NOT_USED_FOR_NUMERICAL_PREDICTION,NO_GUARANTEE,DEVELOPMENT_DEMO,"Explanation is generated from existing AgriPulse forecast, weather-risk, and scenario outputs. It does not create a new numerical prediction."
Jharkhand,Ranchi,,Tomato,RISING,LOW,LOW,"Tomato shows a rising modeled market signal over the forecast horizon. The available weather-risk indicators show a LOW contextual risk level. The current modeled uncertainty indicator is LOW, but this does not mean the forecast is guaranteed. The scenario analysis provides downside, expected, and upside economic cases using explicit demo assumptions. Under the expected scenario, the modeled gross margin is approximately ₹144,157. The downside and upside modeled gross margins are approximately ₹104,182 and ₹171,013, respectively. Profit figures are scenario calculations using demo yield and cost assumptions and are not guaranteed.",YES,RULE_BASED_WITH_PROFIT_SCENARIOS,AGRIPULSE_RANDOM_FOREST_FORECAST,AGRIPULSE_WEATHER_RISK_FEATURES,AGRIPULSE_SCENARIO_ANALYSIS,NOT_USED_FOR_NUMERICAL_PREDICTION,NO_GUARANTEE,DEVELOPMENT_DEMO,"Explanation is generated from existing AgriPulse forecast, weather-risk, and scenario outputs. It does not create a new numerical prediction."
Jharkhand,Ranchi,,Wheat,STABLE,LOW,LOW,"Wheat shows a relatively stable modeled market signal over the forecast horizon. The available weather-risk indicators show a LOW contextual risk level. The current modeled uncertainty indicator is LOW, but this does not mean the forecast is guaranteed. The scenario analysis provides downside, expected, and upside economic cases using explicit demo assumptions. Under the expected scenario, the modeled gross margin is approximately ₹72,697. The downside and upside modeled gross margins are approximately ₹53,775 and ₹83,115, respectively. Profit figures are scenario calculations using demo yield and cost assumptions and are not guaranteed.",YES,RULE_BASED_WITH_PROFIT_SCENARIOS,AGRIPULSE_RANDOM_FOREST_FORECAST,AGRIPULSE_WEATHER_RISK_FEATURES,AGRIPULSE_SCENARIO_ANALYSIS,NOT_USED_FOR_NUMERICAL_PREDICTION,NO_GUARANTEE,DEVELOPMENT_DEMO,"Explanation is generated from existing AgriPulse forecast, weather-risk, and scenario outputs. It does not create a new numerical prediction."
Jharkhand,Ranchi,,Wheat,STABLE,LOW,LOW,"Wheat shows a relatively stable modeled market signal over the forecast horizon. The available weather-risk indicators show a LOW contextual risk level. The current modeled uncertainty indicator is LOW, but this does not mean the forecast is guaranteed. The scenario analysis provides downside, expected, and upside economic cases using explicit demo assumptions. Under the expected scenario, the modeled gross margin is approximately ₹72,697. The downside and upside modeled gross margins are approximately ₹53,775 and ₹83,115, respectively. Profit figures are scenario calculations using demo yield and cost assumptions and are not guaranteed.",YES,RULE_BASED_WITH_PROFIT_SCENARIOS,AGRIPULSE_RANDOM_FOREST_FORECAST,AGRIPULSE_WEATHER_RISK_FEATURES,AGRIPULSE_SCENARIO_ANALYSIS,NOT_USED_FOR_NUMERICAL_PREDICTION,NO_GUARANTEE,DEVELOPMENT_DEMO,"Explanation is generated from existing AgriPulse forecast, weather-risk, and scenario outputs. It does not create a new numerical prediction."
Jharkhand,Ranchi,,Wheat,STABLE,LOW,LOW,"Wheat shows a relatively stable modeled market signal over the forecast horizon. The available weather-risk indicators show a LOW contextual risk level. The current modeled uncertainty indicator is LOW, but this does not mean the forecast is guaranteed. The scenario analysis provides downside, expected, and upside economic cases using explicit demo assumptions. Under the expected scenario, the modeled gross margin is approximately ₹72,697. The downside and upside modeled gross margins are approximately ₹53,775 and ₹83,115, respectively. Profit figures are scenario calculations using demo yield and cost assumptions and are not guaranteed.",YES,RULE_BASED_WITH_PROFIT_SCENARIOS,AGRIPULSE_RANDOM_FOREST_FORECAST,AGRIPULSE_WEATHER_RISK_FEATURES,AGRIPULSE_SCENARIO_ANALYSIS,NOT_USED_FOR_NUMERICAL_PREDICTION,NO_GUARANTEE,DEVELOPMENT_DEMO,"Explanation is generated from existing AgriPulse forecast, weather-risk, and scenario outputs. It does not create a new numerical prediction."
Uttar Pradesh,Kanpur,,Onion,FALLING,HIGH,LOW,"Onion shows a falling modeled market signal over the forecast horizon. The available weather-risk indicators show a HIGH contextual risk level. Additional weather monitoring is recommended before making a decision. The current modeled uncertainty indicator is LOW, but this does not mean the forecast is guaranteed. The scenario analysis provides downside, expected, and upside economic cases using explicit demo assumptions. Under the expected scenario, the modeled gross margin is approximately ₹340,764. The downside and upside modeled gross margins are approximately ₹278,741 and ₹376,370, respectively. Profit figures are scenario calculations using demo yield and cost assumptions and are not guaranteed.",YES,RULE_BASED_WITH_PROFIT_SCENARIOS,AGRIPULSE_RANDOM_FOREST_FORECAST,AGRIPULSE_WEATHER_RISK_FEATURES,AGRIPULSE_SCENARIO_ANALYSIS,NOT_USED_FOR_NUMERICAL_PREDICTION,NO_GUARANTEE,DEVELOPMENT_DEMO,"Explanation is generated from existing AgriPulse forecast, weather-risk, and scenario outputs. It does not create a new numerical prediction."
Uttar Pradesh,Kanpur,,Onion,FALLING,HIGH,LOW,"Onion shows a falling modeled market signal over the forecast horizon. The available weather-risk indicators show a HIGH contextual risk level. Additional weather monitoring is recommended before making a decision. The current modeled uncertainty indicator is LOW, but this does not mean the forecast is guaranteed. The scenario analysis provides downside, expected, and upside economic cases using explicit demo assumptions. Under the expected scenario, the modeled gross margin is approximately ₹340,764. The downside and upside modeled gross margins are approximately ₹278,741 and ₹376,370, respectively. Profit figures are scenario calculations using demo yield and cost assumptions and are not guaranteed.",YES,RULE_BASED_WITH_PROFIT_SCENARIOS,AGRIPULSE_RANDOM_FOREST_FORECAST,AGRIPULSE_WEATHER_RISK_FEATURES,AGRIPULSE_SCENARIO_ANALYSIS,NOT_USED_FOR_NUMERICAL_PREDICTION,NO_GUARANTEE,DEVELOPMENT_DEMO,"Explanation is generated from existing AgriPulse forecast, weather-risk, and scenario outputs. It does not create a new numerical prediction."
Uttar Pradesh,Kanpur,,Onion,STABLE,HIGH,LOW,"Onion shows a relatively stable modeled market signal over the forecast horizon. The available weather-risk indicators show a HIGH contextual risk level. Additional weather monitoring is recommended before making a decision. The current modeled uncertainty indicator is LOW, but this does not mean the forecast is guaranteed. The scenario analysis provides downside, expected, and upside economic cases using explicit demo assumptions. Under the expected scenario, the modeled gross margin is approximately ₹340,764. The downside and upside modeled gross margins are approximately ₹278,741 and ₹376,370, respectively. Profit figures are scenario calculations using demo yield and cost assumptions and are not guaranteed.",YES,RULE_BASED_WITH_PROFIT_SCENARIOS,AGRIPULSE_RANDOM_FOREST_FORECAST,AGRIPULSE_WEATHER_RISK_FEATURES,AGRIPULSE_SCENARIO_ANALYSIS,NOT_USED_FOR_NUMERICAL_PREDICTION,NO_GUARANTEE,DEVELOPMENT_DEMO,"Explanation is generated from existing AgriPulse forecast, weather-risk, and scenario outputs. It does not create a new numerical prediction."
Uttar Pradesh,Kanpur,,Potato,RISING,HIGH,LOW,"Potato shows a rising modeled market signal over the forecast horizon. The available weather-risk indicators show a HIGH contextual risk level. Additional weather monitoring is recommended before making a decision. The current modeled uncertainty indicator is LOW, but this does not mean the forecast is guaranteed. The scenario analysis provides downside, expected, and upside economic cases using explicit demo assumptions. Under the expected scenario, the modeled gross margin is approximately ₹135,833. The downside and upside modeled gross margins are approximately ₹96,497 and ₹158,295, respectively. Profit figures are scenario calculations using demo yield and cost assumptions and are not guaranteed.",YES,RULE_BASED_WITH_PROFIT_SCENARIOS,AGRIPULSE_RANDOM_FOREST_FORECAST,AGRIPULSE_WEATHER_RISK_FEATURES,AGRIPULSE_SCENARIO_ANALYSIS,NOT_USED_FOR_NUMERICAL_PREDICTION,NO_GUARANTEE,DEVELOPMENT_DEMO,"Explanation is generated from existing AgriPulse forecast, weather-risk, and scenario outputs. It does not create a new numerical prediction."
Uttar Pradesh,Kanpur,,Potato,RISING,HIGH,LOW,"Potato shows a rising modeled market signal over the forecast horizon. The available weather-risk indicators show a HIGH contextual risk level. Additional weather monitoring is recommended before making a decision. The current modeled uncertainty indicator is LOW, but this does not mean the forecast is guaranteed. The scenario analysis provides downside, expected, and upside economic cases using explicit demo assumptions. Under the expected scenario, the modeled gross margin is approximately ₹135,833. The downside and upside modeled gross margins are approximately ₹96,497 and ₹158,295, respectively. Profit figures are scenario calculations using demo yield and cost assumptions and are not guaranteed.",YES,RULE_BASED_WITH_PROFIT_SCENARIOS,AGRIPULSE_RANDOM_FOREST_FORECAST,AGRIPULSE_WEATHER_RISK_FEATURES,AGRIPULSE_SCENARIO_ANALYSIS,NOT_USED_FOR_NUMERICAL_PREDICTION,NO_GUARANTEE,DEVELOPMENT_DEMO,"Explanation is generated from existing AgriPulse forecast, weather-risk, and scenario outputs. It does not create a new numerical prediction."
Uttar Pradesh,Kanpur,,Potato,RISING,HIGH,LOW,"Potato shows a rising modeled market signal over the forecast horizon. The available weather-risk indicators show a HIGH contextual risk level. Additional weather monitoring is recommended before making a decision. The current modeled uncertainty indicator is LOW, but this does not mean the forecast is guaranteed. The scenario analysis provides downside, expected, and upside economic cases using explicit demo assumptions. Under the expected scenario, the modeled gross margin is approximately ₹135,833. The downside and upside modeled gross margins are approximately ₹96,497 and ₹158,295, respectively. Profit figures are scenario calculations using demo yield and cost assumptions and are not guaranteed.",YES,RULE_BASED_WITH_PROFIT_SCENARIOS,AGRIPULSE_RANDOM_FOREST_FORECAST,AGRIPULSE_WEATHER_RISK_FEATURES,AGRIPULSE_SCENARIO_ANALYSIS,NOT_USED_FOR_NUMERICAL_PREDICTION,NO_GUARANTEE,DEVELOPMENT_DEMO,"Explanation is generated from existing AgriPulse forecast, weather-risk, and scenario outputs. It does not create a new numerical prediction."
Uttar Pradesh,Kanpur,,Rice,STABLE,HIGH,LOW,"Rice shows a relatively stable modeled market signal over the forecast horizon. The available weather-risk indicators show a HIGH contextual risk level. Additional weather monitoring is recommended before making a decision. The current modeled uncertainty indicator is LOW, but this does not mean the forecast is guaranteed. The scenario analysis provides downside, expected, and upside economic cases using explicit demo assumptions. Under the expected scenario, the modeled gross margin is approximately ₹97,447. The downside and upside modeled gross margins are approximately ₹74,707 and ₹110,655, respectively. Profit figures are scenario calculations using demo yield and cost assumptions and are not guaranteed.",YES,RULE_BASED_WITH_PROFIT_SCENARIOS,AGRIPULSE_RANDOM_FOREST_FORECAST,AGRIPULSE_WEATHER_RISK_FEATURES,AGRIPULSE_SCENARIO_ANALYSIS,NOT_USED_FOR_NUMERICAL_PREDICTION,NO_GUARANTEE,DEVELOPMENT_DEMO,"Explanation is generated from existing AgriPulse forecast, weather-risk, and scenario outputs. It does not create a new numerical prediction."
Uttar Pradesh,Kanpur,,Rice,FALLING,HIGH,LOW,"Rice shows a falling modeled market signal over the forecast horizon. The available weather-risk indicators show a HIGH contextual risk level. Additional weather monitoring is recommended before making a decision. The current modeled uncertainty indicator is LOW, but this does not mean the forecast is guaranteed. The scenario analysis provides downside, expected, and upside economic cases using explicit demo assumptions. Under the expected scenario, the modeled gross margin is approximately ₹97,447. The downside and upside modeled gross margins are approximately ₹74,707 and ₹110,655, respectively. Profit figures are scenario calculations using demo yield and cost assumptions and are not guaranteed.",YES,RULE_BASED_WITH_PROFIT_SCENARIOS,AGRIPULSE_RANDOM_FOREST_FORECAST,AGRIPULSE_WEATHER_RISK_FEATURES,AGRIPULSE_SCENARIO_ANALYSIS,NOT_USED_FOR_NUMERICAL_PREDICTION,NO_GUARANTEE,DEVELOPMENT_DEMO,"Explanation is generated from existing AgriPulse forecast, weather-risk, and scenario outputs. It does not create a new numerical prediction."
Uttar Pradesh,Kanpur,,Rice,FALLING,HIGH,LOW,"Rice shows a falling modeled market signal over the forecast horizon. The available weather-risk indicators show a HIGH contextual risk level. Additional weather monitoring is recommended before making a decision. The current modeled uncertainty indicator is LOW, but this does not mean the forecast is guaranteed. The scenario analysis provides downside, expected, and upside economic cases using explicit demo assumptions. Under the expected scenario, the modeled gross margin is approximately ₹97,447. The downside and upside modeled gross margins are approximately ₹74,707 and ₹110,655, respectively. Profit figures are scenario calculations using demo yield and cost assumptions and are not guaranteed.",YES,RULE_BASED_WITH_PROFIT_SCENARIOS,AGRIPULSE_RANDOM_FOREST_FORECAST,AGRIPULSE_WEATHER_RISK_FEATURES,AGRIPULSE_SCENARIO_ANALYSIS,NOT_USED_FOR_NUMERICAL_PREDICTION,NO_GUARANTEE,DEVELOPMENT_DEMO,"Explanation is generated from existing AgriPulse forecast, weather-risk, and scenario outputs. It does not create a new numerical prediction."
Uttar Pradesh,Kanpur,,Tomato,STABLE,HIGH,LOW,"Tomato shows a relatively stable modeled market signal over the forecast horizon. The available weather-risk indicators show a HIGH contextual risk level. Additional weather monitoring is recommended before making a decision. The current modeled uncertainty indicator is LOW, but this does not mean the forecast is guaranteed. The scenario analysis provides downside, expected, and upside economic cases using explicit demo assumptions. Under the expected scenario, the modeled gross margin is approximately ₹144,157. The downside and upside modeled gross margins are approximately ₹104,182 and ₹171,013, respectively. Profit figures are scenario calculations using demo yield and cost assumptions and are not guaranteed.",YES,RULE_BASED_WITH_PROFIT_SCENARIOS,AGRIPULSE_RANDOM_FOREST_FORECAST,AGRIPULSE_WEATHER_RISK_FEATURES,AGRIPULSE_SCENARIO_ANALYSIS,NOT_USED_FOR_NUMERICAL_PREDICTION,NO_GUARANTEE,DEVELOPMENT_DEMO,"Explanation is generated from existing AgriPulse forecast, weather-risk, and scenario outputs. It does not create a new numerical prediction."
Uttar Pradesh,Kanpur,,Tomato,RISING,HIGH,LOW,"Tomato shows a rising modeled market signal over the forecast horizon. The available weather-risk indicators show a HIGH contextual risk level. Additional weather monitoring is recommended before making a decision. The current modeled uncertainty indicator is LOW, but this does not mean the forecast is guaranteed. The scenario analysis provides downside, expected, and upside economic cases using explicit demo assumptions. Under the expected scenario, the modeled gross margin is approximately ₹144,157. The downside and upside modeled gross margins are approximately ₹104,182 and ₹171,013, respectively. Profit figures are scenario calculations using demo yield and cost assumptions and are not guaranteed.",YES,RULE_BASED_WITH_PROFIT_SCENARIOS,AGRIPULSE_RANDOM_FOREST_FORECAST,AGRIPULSE_WEATHER_RISK_FEATURES,AGRIPULSE_SCENARIO_ANALYSIS,NOT_USED_FOR_NUMERICAL_PREDICTION,NO_GUARANTEE,DEVELOPMENT_DEMO,"Explanation is generated from existing AgriPulse forecast, weather-risk, and scenario outputs. It does not create a new numerical prediction."
Uttar Pradesh,Kanpur,,Tomato,STABLE,HIGH,LOW,"Tomato shows a relatively stable modeled market signal over the forecast horizon. The available weather-risk indicators show a HIGH contextual risk level. Additional weather monitoring is recommended before making a decision. The current modeled uncertainty indicator is LOW, but this does not mean the forecast is guaranteed. The scenario analysis provides downside, expected, and upside economic cases using explicit demo assumptions. Under the expected scenario, the modeled gross margin is approximately ₹144,157. The downside and upside modeled gross margins are approximately ₹104,182 and ₹171,013, respectively. Profit figures are scenario calculations using demo yield and cost assumptions and are not guaranteed.",YES,RULE_BASED_WITH_PROFIT_SCENARIOS,AGRIPULSE_RANDOM_FOREST_FORECAST,AGRIPULSE_WEATHER_RISK_FEATURES,AGRIPULSE_SCENARIO_ANALYSIS,NOT_USED_FOR_NUMERICAL_PREDICTION,NO_GUARANTEE,DEVELOPMENT_DEMO,"Explanation is generated from existing AgriPulse forecast, weather-risk, and scenario outputs. It does not create a new numerical prediction."
Uttar Pradesh,Kanpur,,Wheat,FALLING,HIGH,LOW,"Wheat shows a falling modeled market signal over the forecast horizon. The available weather-risk indicators show a HIGH contextual risk level. Additional weather monitoring is recommended before making a decision. The current modeled uncertainty indicator is LOW, but this does not mean the forecast is guaranteed. The scenario analysis provides downside, expected, and upside economic cases using explicit demo assumptions. Under the expected scenario, the modeled gross margin is approximately ₹72,697. The downside and upside modeled gross margins are approximately ₹53,775 and ₹83,115, respectively. Profit figures are scenario calculations using demo yield and cost assumptions and are not guaranteed.",YES,RULE_BASED_WITH_PROFIT_SCENARIOS,AGRIPULSE_RANDOM_FOREST_FORECAST,AGRIPULSE_WEATHER_RISK_FEATURES,AGRIPULSE_SCENARIO_ANALYSIS,NOT_USED_FOR_NUMERICAL_PREDICTION,NO_GUARANTEE,DEVELOPMENT_DEMO,"Explanation is generated from existing AgriPulse forecast, weather-risk, and scenario outputs. It does not create a new numerical prediction."
Uttar Pradesh,Kanpur,,Wheat,FALLING,HIGH,LOW,"Wheat shows a falling modeled market signal over the forecast horizon. The available weather-risk indicators show a HIGH contextual risk level. Additional weather monitoring is recommended before making a decision. The current modeled uncertainty indicator is LOW, but this does not mean the forecast is guaranteed. The scenario analysis provides downside, expected, and upside economic cases using explicit demo assumptions. Under the expected scenario, the modeled gross margin is approximately ₹72,697. The downside and upside modeled gross margins are approximately ₹53,775 and ₹83,115, respectively. Profit figures are scenario calculations using demo yield and cost assumptions and are not guaranteed.",YES,RULE_BASED_WITH_PROFIT_SCENARIOS,AGRIPULSE_RANDOM_FOREST_FORECAST,AGRIPULSE_WEATHER_RISK_FEATURES,AGRIPULSE_SCENARIO_ANALYSIS,NOT_USED_FOR_NUMERICAL_PREDICTION,NO_GUARANTEE,DEVELOPMENT_DEMO,"Explanation is generated from existing AgriPulse forecast, weather-risk, and scenario outputs. It does not create a new numerical prediction."
Uttar Pradesh,Kanpur,,Wheat,FALLING,HIGH,LOW,"Wheat shows a falling modeled market signal over the forecast horizon. The available weather-risk indicators show a HIGH contextual risk level. Additional weather monitoring is recommended before making a decision. The current modeled uncertainty indicator is LOW, but this does not mean the forecast is guaranteed. The scenario analysis provides downside, expected, and upside economic cases using explicit demo assumptions. Under the expected scenario, the modeled gross margin is approximately ₹72,697. The downside and upside modeled gross margins are approximately ₹53,775 and ₹83,115, respectively. Profit figures are scenario calculations using demo yield and cost assumptions and are not guaranteed.",YES,RULE_BASED_WITH_PROFIT_SCENARIOS,AGRIPULSE_RANDOM_FOREST_FORECAST,AGRIPULSE_WEATHER_RISK_FEATURES,AGRIPULSE_SCENARIO_ANALYSIS,NOT_USED_FOR_NUMERICAL_PREDICTION,NO_GUARANTEE,DEVELOPMENT_DEMO,"Explanation is generated from existing AgriPulse forecast, weather-risk, and scenario outputs. It does not create a new numerical prediction."
Uttar Pradesh,Lucknow,,Onion,RISING,LOW,LOW,"Onion shows a rising modeled market signal over the forecast horizon. The available weather-risk indicators show a LOW contextual risk level. The current modeled uncertainty indicator is LOW, but this does not mean the forecast is guaranteed. The scenario analysis provides downside, expected, and upside economic cases using explicit demo assumptions. Under the expected scenario, the modeled gross margin is approximately ₹340,764. The downside and upside modeled gross margins are approximately ₹278,741 and ₹376,370, respectively. Profit figures are scenario calculations using demo yield and cost assumptions and are not guaranteed.",YES,RULE_BASED_WITH_PROFIT_SCENARIOS,AGRIPULSE_RANDOM_FOREST_FORECAST,AGRIPULSE_WEATHER_RISK_FEATURES,AGRIPULSE_SCENARIO_ANALYSIS,NOT_USED_FOR_NUMERICAL_PREDICTION,NO_GUARANTEE,DEVELOPMENT_DEMO,"Explanation is generated from existing AgriPulse forecast, weather-risk, and scenario outputs. It does not create a new numerical prediction."
Uttar Pradesh,Lucknow,,Onion,RISING,LOW,LOW,"Onion shows a rising modeled market signal over the forecast horizon. The available weather-risk indicators show a LOW contextual risk level. The current modeled uncertainty indicator is LOW, but this does not mean the forecast is guaranteed. The scenario analysis provides downside, expected, and upside economic cases using explicit demo assumptions. Under the expected scenario, the modeled gross margin is approximately ₹340,764. The downside and upside modeled gross margins are approximately ₹278,741 and ₹376,370, respectively. Profit figures are scenario calculations using demo yield and cost assumptions and are not guaranteed.",YES,RULE_BASED_WITH_PROFIT_SCENARIOS,AGRIPULSE_RANDOM_FOREST_FORECAST,AGRIPULSE_WEATHER_RISK_FEATURES,AGRIPULSE_SCENARIO_ANALYSIS,NOT_USED_FOR_NUMERICAL_PREDICTION,NO_GUARANTEE,DEVELOPMENT_DEMO,"Explanation is generated from existing AgriPulse forecast, weather-risk, and scenario outputs. It does not create a new numerical prediction."
Uttar Pradesh,Lucknow,,Onion,RISING,LOW,LOW,"Onion shows a rising modeled market signal over the forecast horizon. The available weather-risk indicators show a LOW contextual risk level. The current modeled uncertainty indicator is LOW, but this does not mean the forecast is guaranteed. The scenario analysis provides downside, expected, and upside economic cases using explicit demo assumptions. Under the expected scenario, the modeled gross margin is approximately ₹340,764. The downside and upside modeled gross margins are approximately ₹278,741 and ₹376,370, respectively. Profit figures are scenario calculations using demo yield and cost assumptions and are not guaranteed.",YES,RULE_BASED_WITH_PROFIT_SCENARIOS,AGRIPULSE_RANDOM_FOREST_FORECAST,AGRIPULSE_WEATHER_RISK_FEATURES,AGRIPULSE_SCENARIO_ANALYSIS,NOT_USED_FOR_NUMERICAL_PREDICTION,NO_GUARANTEE,DEVELOPMENT_DEMO,"Explanation is generated from existing AgriPulse forecast, weather-risk, and scenario outputs. It does not create a new numerical prediction."
Uttar Pradesh,Lucknow,,Potato,FALLING,LOW,LOW,"Potato shows a falling modeled market signal over the forecast horizon. The available weather-risk indicators show a LOW contextual risk level. The current modeled uncertainty indicator is LOW, but this does not mean the forecast is guaranteed. The scenario analysis provides downside, expected, and upside economic cases using explicit demo assumptions. Under the expected scenario, the modeled gross margin is approximately ₹135,833. The downside and upside modeled gross margins are approximately ₹96,497 and ₹158,295, respectively. Profit figures are scenario calculations using demo yield and cost assumptions and are not guaranteed.",YES,RULE_BASED_WITH_PROFIT_SCENARIOS,AGRIPULSE_RANDOM_FOREST_FORECAST,AGRIPULSE_WEATHER_RISK_FEATURES,AGRIPULSE_SCENARIO_ANALYSIS,NOT_USED_FOR_NUMERICAL_PREDICTION,NO_GUARANTEE,DEVELOPMENT_DEMO,"Explanation is generated from existing AgriPulse forecast, weather-risk, and scenario outputs. It does not create a new numerical prediction."
Uttar Pradesh,Lucknow,,Potato,FALLING,LOW,LOW,"Potato shows a falling modeled market signal over the forecast horizon. The available weather-risk indicators show a LOW contextual risk level. The current modeled uncertainty indicator is LOW, but this does not mean the forecast is guaranteed. The scenario analysis provides downside, expected, and upside economic cases using explicit demo assumptions. Under the expected scenario, the modeled gross margin is approximately ₹135,833. The downside and upside modeled gross margins are approximately ₹96,497 and ₹158,295, respectively. Profit figures are scenario calculations using demo yield and cost assumptions and are not guaranteed.",YES,RULE_BASED_WITH_PROFIT_SCENARIOS,AGRIPULSE_RANDOM_FOREST_FORECAST,AGRIPULSE_WEATHER_RISK_FEATURES,AGRIPULSE_SCENARIO_ANALYSIS,NOT_USED_FOR_NUMERICAL_PREDICTION,NO_GUARANTEE,DEVELOPMENT_DEMO,"Explanation is generated from existing AgriPulse forecast, weather-risk, and scenario outputs. It does not create a new numerical prediction."
Uttar Pradesh,Lucknow,,Potato,FALLING,LOW,LOW,"Potato shows a falling modeled market signal over the forecast horizon. The available weather-risk indicators show a LOW contextual risk level. The current modeled uncertainty indicator is LOW, but this does not mean the forecast is guaranteed. The scenario analysis provides downside, expected, and upside economic cases using explicit demo assumptions. Under the expected scenario, the modeled gross margin is approximately ₹135,833. The downside and upside modeled gross margins are approximately ₹96,497 and ₹158,295, respectively. Profit figures are scenario calculations using demo yield and cost assumptions and are not guaranteed.",YES,RULE_BASED_WITH_PROFIT_SCENARIOS,AGRIPULSE_RANDOM_FOREST_FORECAST,AGRIPULSE_WEATHER_RISK_FEATURES,AGRIPULSE_SCENARIO_ANALYSIS,NOT_USED_FOR_NUMERICAL_PREDICTION,NO_GUARANTEE,DEVELOPMENT_DEMO,"Explanation is generated from existing AgriPulse forecast, weather-risk, and scenario outputs. It does not create a new numerical prediction."
Uttar Pradesh,Lucknow,,Rice,FALLING,LOW,LOW,"Rice shows a falling modeled market signal over the forecast horizon. The available weather-risk indicators show a LOW contextual risk level. The current modeled uncertainty indicator is LOW, but this does not mean the forecast is guaranteed. The scenario analysis provides downside, expected, and upside economic cases using explicit demo assumptions. Under the expected scenario, the modeled gross margin is approximately ₹97,447. The downside and upside modeled gross margins are approximately ₹74,707 and ₹110,655, respectively. Profit figures are scenario calculations using demo yield and cost assumptions and are not guaranteed.",YES,RULE_BASED_WITH_PROFIT_SCENARIOS,AGRIPULSE_RANDOM_FOREST_FORECAST,AGRIPULSE_WEATHER_RISK_FEATURES,AGRIPULSE_SCENARIO_ANALYSIS,NOT_USED_FOR_NUMERICAL_PREDICTION,NO_GUARANTEE,DEVELOPMENT_DEMO,"Explanation is generated from existing AgriPulse forecast, weather-risk, and scenario outputs. It does not create a new numerical prediction."
Uttar Pradesh,Lucknow,,Rice,FALLING,LOW,LOW,"Rice shows a falling modeled market signal over the forecast horizon. The available weather-risk indicators show a LOW contextual risk level. The current modeled uncertainty indicator is LOW, but this does not mean the forecast is guaranteed. The scenario analysis provides downside, expected, and upside economic cases using explicit demo assumptions. Under the expected scenario, the modeled gross margin is approximately ₹97,447. The downside and upside modeled gross margins are approximately ₹74,707 and ₹110,655, respectively. Profit figures are scenario calculations using demo yield and cost assumptions and are not guaranteed.",YES,RULE_BASED_WITH_PROFIT_SCENARIOS,AGRIPULSE_RANDOM_FOREST_FORECAST,AGRIPULSE_WEATHER_RISK_FEATURES,AGRIPULSE_SCENARIO_ANALYSIS,NOT_USED_FOR_NUMERICAL_PREDICTION,NO_GUARANTEE,DEVELOPMENT_DEMO,"Explanation is generated from existing AgriPulse forecast, weather-risk, and scenario outputs. It does not create a new numerical prediction."
Uttar Pradesh,Lucknow,,Rice,STABLE,LOW,LOW,"Rice shows a relatively stable modeled market signal over the forecast horizon. The available weather-risk indicators show a LOW contextual risk level. The current modeled uncertainty indicator is LOW, but this does not mean the forecast is guaranteed. The scenario analysis provides downside, expected, and upside economic cases using explicit demo assumptions. Under the expected scenario, the modeled gross margin is approximately ₹97,447. The downside and upside modeled gross margins are approximately ₹74,707 and ₹110,655, respectively. Profit figures are scenario calculations using demo yield and cost assumptions and are not guaranteed.",YES,RULE_BASED_WITH_PROFIT_SCENARIOS,AGRIPULSE_RANDOM_FOREST_FORECAST,AGRIPULSE_WEATHER_RISK_FEATURES,AGRIPULSE_SCENARIO_ANALYSIS,NOT_USED_FOR_NUMERICAL_PREDICTION,NO_GUARANTEE,DEVELOPMENT_DEMO,"Explanation is generated from existing AgriPulse forecast, weather-risk, and scenario outputs. It does not create a new numerical prediction."
Uttar Pradesh,Lucknow,,Tomato,FALLING,LOW,LOW,"Tomato shows a falling modeled market signal over the forecast horizon. The available weather-risk indicators show a LOW contextual risk level. The current modeled uncertainty indicator is LOW, but this does not mean the forecast is guaranteed. The scenario analysis provides downside, expected, and upside economic cases using explicit demo assumptions. Under the expected scenario, the modeled gross margin is approximately ₹144,157. The downside and upside modeled gross margins are approximately ₹104,182 and ₹171,013, respectively. Profit figures are scenario calculations using demo yield and cost assumptions and are not guaranteed.",YES,RULE_BASED_WITH_PROFIT_SCENARIOS,AGRIPULSE_RANDOM_FOREST_FORECAST,AGRIPULSE_WEATHER_RISK_FEATURES,AGRIPULSE_SCENARIO_ANALYSIS,NOT_USED_FOR_NUMERICAL_PREDICTION,NO_GUARANTEE,DEVELOPMENT_DEMO,"Explanation is generated from existing AgriPulse forecast, weather-risk, and scenario outputs. It does not create a new numerical prediction."
Uttar Pradesh,Lucknow,,Tomato,FALLING,LOW,LOW,"Tomato shows a falling modeled market signal over the forecast horizon. The available weather-risk indicators show a LOW contextual risk level. The current modeled uncertainty indicator is LOW, but this does not mean the forecast is guaranteed. The scenario analysis provides downside, expected, and upside economic cases using explicit demo assumptions. Under the expected scenario, the modeled gross margin is approximately ₹144,157. The downside and upside modeled gross margins are approximately ₹104,182 and ₹171,013, respectively. Profit figures are scenario calculations using demo yield and cost assumptions and are not guaranteed.",YES,RULE_BASED_WITH_PROFIT_SCENARIOS,AGRIPULSE_RANDOM_FOREST_FORECAST,AGRIPULSE_WEATHER_RISK_FEATURES,AGRIPULSE_SCENARIO_ANALYSIS,NOT_USED_FOR_NUMERICAL_PREDICTION,NO_GUARANTEE,DEVELOPMENT_DEMO,"Explanation is generated from existing AgriPulse forecast, weather-risk, and scenario outputs. It does not create a new numerical prediction."
Uttar Pradesh,Lucknow,,Tomato,FALLING,LOW,LOW,"Tomato shows a falling modeled market signal over the forecast horizon. The available weather-risk indicators show a LOW contextual risk level. The current modeled uncertainty indicator is LOW, but this does not mean the forecast is guaranteed. The scenario analysis provides downside, expected, and upside economic cases using explicit demo assumptions. Under the expected scenario, the modeled gross margin is approximately ₹144,157. The downside and upside modeled gross margins are approximately ₹104,182 and ₹171,013, respectively. Profit figures are scenario calculations using demo yield and cost assumptions and are not guaranteed.",YES,RULE_BASED_WITH_PROFIT_SCENARIOS,AGRIPULSE_RANDOM_FOREST_FORECAST,AGRIPULSE_WEATHER_RISK_FEATURES,AGRIPULSE_SCENARIO_ANALYSIS,NOT_USED_FOR_NUMERICAL_PREDICTION,NO_GUARANTEE,DEVELOPMENT_DEMO,"Explanation is generated from existing AgriPulse forecast, weather-risk, and scenario outputs. It does not create a new numerical prediction."
Uttar Pradesh,Lucknow,,Wheat,FALLING,LOW,LOW,"Wheat shows a falling modeled market signal over the forecast horizon. The available weather-risk indicators show a LOW contextual risk level. The current modeled uncertainty indicator is LOW, but this does not mean the forecast is guaranteed. The scenario analysis provides downside, expected, and upside economic cases using explicit demo assumptions. Under the expected scenario, the modeled gross margin is approximately ₹72,697. The downside and upside modeled gross margins are approximately ₹53,775 and ₹83,115, respectively. Profit figures are scenario calculations using demo yield and cost assumptions and are not guaranteed.",YES,RULE_BASED_WITH_PROFIT_SCENARIOS,AGRIPULSE_RANDOM_FOREST_FORECAST,AGRIPULSE_WEATHER_RISK_FEATURES,AGRIPULSE_SCENARIO_ANALYSIS,NOT_USED_FOR_NUMERICAL_PREDICTION,NO_GUARANTEE,DEVELOPMENT_DEMO,"Explanation is generated from existing AgriPulse forecast, weather-risk, and scenario outputs. It does not create a new numerical prediction."
Uttar Pradesh,Lucknow,,Wheat,FALLING,LOW,LOW,"Wheat shows a falling modeled market signal over the forecast horizon. The available weather-risk indicators show a LOW contextual risk level. The current modeled uncertainty indicator is LOW, but this does not mean the forecast is guaranteed. The scenario analysis provides downside, expected, and upside economic cases using explicit demo assumptions. Under the expected scenario, the modeled gross margin is approximately ₹72,697. The downside and upside modeled gross margins are approximately ₹53,775 and ₹83,115, respectively. Profit figures are scenario calculations using demo yield and cost assumptions and are not guaranteed.",YES,RULE_BASED_WITH_PROFIT_SCENARIOS,AGRIPULSE_RANDOM_FOREST_FORECAST,AGRIPULSE_WEATHER_RISK_FEATURES,AGRIPULSE_SCENARIO_ANALYSIS,NOT_USED_FOR_NUMERICAL_PREDICTION,NO_GUARANTEE,DEVELOPMENT_DEMO,"Explanation is generated from existing AgriPulse forecast, weather-risk, and scenario outputs. It does not create a new numerical prediction."
Uttar Pradesh,Lucknow,,Wheat,FALLING,LOW,LOW,"Wheat shows a falling modeled market signal over the forecast horizon. The available weather-risk indicators show a LOW contextual risk level. The current modeled uncertainty indicator is LOW, but this does not mean the forecast is guaranteed. The scenario analysis provides downside, expected, and upside economic cases using explicit demo assumptions. Under the expected scenario, the modeled gross margin is approximately ₹72,697. The downside and upside modeled gross margins are approximately ₹53,775 and ₹83,115, respectively. Profit figures are scenario calculations using demo yield and cost assumptions and are not guaranteed.",YES,RULE_BASED_WITH_PROFIT_SCENARIOS,AGRIPULSE_RANDOM_FOREST_FORECAST,AGRIPULSE_WEATHER_RISK_FEATURES,AGRIPULSE_SCENARIO_ANALYSIS,NOT_USED_FOR_NUMERICAL_PREDICTION,NO_GUARANTEE,DEVELOPMENT_DEMO,"Explanation is generated from existing AgriPulse forecast, weather-risk, and scenario outputs. It does not create a new numerical prediction."
Uttar Pradesh,Varanasi,,Onion,RISING,LOW,LOW,"Onion shows a rising modeled market signal over the forecast horizon. The available weather-risk indicators show a LOW contextual risk level. The current modeled uncertainty indicator is LOW, but this does not mean the forecast is guaranteed. The scenario analysis provides downside, expected, and upside economic cases using explicit demo assumptions. Under the expected scenario, the modeled gross margin is approximately ₹340,764. The downside and upside modeled gross margins are approximately ₹278,741 and ₹376,370, respectively. Profit figures are scenario calculations using demo yield and cost assumptions and are not guaranteed.",YES,RULE_BASED_WITH_PROFIT_SCENARIOS,AGRIPULSE_RANDOM_FOREST_FORECAST,AGRIPULSE_WEATHER_RISK_FEATURES,AGRIPULSE_SCENARIO_ANALYSIS,NOT_USED_FOR_NUMERICAL_PREDICTION,NO_GUARANTEE,DEVELOPMENT_DEMO,"Explanation is generated from existing AgriPulse forecast, weather-risk, and scenario outputs. It does not create a new numerical prediction."
Uttar Pradesh,Varanasi,,Onion,RISING,LOW,LOW,"Onion shows a rising modeled market signal over the forecast horizon. The available weather-risk indicators show a LOW contextual risk level. The current modeled uncertainty indicator is LOW, but this does not mean the forecast is guaranteed. The scenario analysis provides downside, expected, and upside economic cases using explicit demo assumptions. Under the expected scenario, the modeled gross margin is approximately ₹340,764. The downside and upside modeled gross margins are approximately ₹278,741 and ₹376,370, respectively. Profit figures are scenario calculations using demo yield and cost assumptions and are not guaranteed.",YES,RULE_BASED_WITH_PROFIT_SCENARIOS,AGRIPULSE_RANDOM_FOREST_FORECAST,AGRIPULSE_WEATHER_RISK_FEATURES,AGRIPULSE_SCENARIO_ANALYSIS,NOT_USED_FOR_NUMERICAL_PREDICTION,NO_GUARANTEE,DEVELOPMENT_DEMO,"Explanation is generated from existing AgriPulse forecast, weather-risk, and scenario outputs. It does not create a new numerical prediction."
Uttar Pradesh,Varanasi,,Onion,RISING,LOW,LOW,"Onion shows a rising modeled market signal over the forecast horizon. The available weather-risk indicators show a LOW contextual risk level. The current modeled uncertainty indicator is LOW, but this does not mean the forecast is guaranteed. The scenario analysis provides downside, expected, and upside economic cases using explicit demo assumptions. Under the expected scenario, the modeled gross margin is approximately ₹340,764. The downside and upside modeled gross margins are approximately ₹278,741 and ₹376,370, respectively. Profit figures are scenario calculations using demo yield and cost assumptions and are not guaranteed.",YES,RULE_BASED_WITH_PROFIT_SCENARIOS,AGRIPULSE_RANDOM_FOREST_FORECAST,AGRIPULSE_WEATHER_RISK_FEATURES,AGRIPULSE_SCENARIO_ANALYSIS,NOT_USED_FOR_NUMERICAL_PREDICTION,NO_GUARANTEE,DEVELOPMENT_DEMO,"Explanation is generated from existing AgriPulse forecast, weather-risk, and scenario outputs. It does not create a new numerical prediction."
Uttar Pradesh,Varanasi,,Potato,FALLING,LOW,LOW,"Potato shows a falling modeled market signal over the forecast horizon. The available weather-risk indicators show a LOW contextual risk level. The current modeled uncertainty indicator is LOW, but this does not mean the forecast is guaranteed. The scenario analysis provides downside, expected, and upside economic cases using explicit demo assumptions. Under the expected scenario, the modeled gross margin is approximately ₹135,833. The downside and upside modeled gross margins are approximately ₹96,497 and ₹158,295, respectively. Profit figures are scenario calculations using demo yield and cost assumptions and are not guaranteed.",YES,RULE_BASED_WITH_PROFIT_SCENARIOS,AGRIPULSE_RANDOM_FOREST_FORECAST,AGRIPULSE_WEATHER_RISK_FEATURES,AGRIPULSE_SCENARIO_ANALYSIS,NOT_USED_FOR_NUMERICAL_PREDICTION,NO_GUARANTEE,DEVELOPMENT_DEMO,"Explanation is generated from existing AgriPulse forecast, weather-risk, and scenario outputs. It does not create a new numerical prediction."
Uttar Pradesh,Varanasi,,Potato,FALLING,LOW,LOW,"Potato shows a falling modeled market signal over the forecast horizon. The available weather-risk indicators show a LOW contextual risk level. The current modeled uncertainty indicator is LOW, but this does not mean the forecast is guaranteed. The scenario analysis provides downside, expected, and upside economic cases using explicit demo assumptions. Under the expected scenario, the modeled gross margin is approximately ₹135,833. The downside and upside modeled gross margins are approximately ₹96,497 and ₹158,295, respectively. Profit figures are scenario calculations using demo yield and cost assumptions and are not guaranteed.",YES,RULE_BASED_WITH_PROFIT_SCENARIOS,AGRIPULSE_RANDOM_FOREST_FORECAST,AGRIPULSE_WEATHER_RISK_FEATURES,AGRIPULSE_SCENARIO_ANALYSIS,NOT_USED_FOR_NUMERICAL_PREDICTION,NO_GUARANTEE,DEVELOPMENT_DEMO,"Explanation is generated from existing AgriPulse forecast, weather-risk, and scenario outputs. It does not create a new numerical prediction."
Uttar Pradesh,Varanasi,,Potato,FALLING,LOW,LOW,"Potato shows a falling modeled market signal over the forecast horizon. The available weather-risk indicators show a LOW contextual risk level. The current modeled uncertainty indicator is LOW, but this does not mean the forecast is guaranteed. The scenario analysis provides downside, expected, and upside economic cases using explicit demo assumptions. Under the expected scenario, the modeled gross margin is approximately ₹135,833. The downside and upside modeled gross margins are approximately ₹96,497 and ₹158,295, respectively. Profit figures are scenario calculations using demo yield and cost assumptions and are not guaranteed.",YES,RULE_BASED_WITH_PROFIT_SCENARIOS,AGRIPULSE_RANDOM_FOREST_FORECAST,AGRIPULSE_WEATHER_RISK_FEATURES,AGRIPULSE_SCENARIO_ANALYSIS,NOT_USED_FOR_NUMERICAL_PREDICTION,NO_GUARANTEE,DEVELOPMENT_DEMO,"Explanation is generated from existing AgriPulse forecast, weather-risk, and scenario outputs. It does not create a new numerical prediction."
Uttar Pradesh,Varanasi,,Rice,STABLE,LOW,LOW,"Rice shows a relatively stable modeled market signal over the forecast horizon. The available weather-risk indicators show a LOW contextual risk level. The current modeled uncertainty indicator is LOW, but this does not mean the forecast is guaranteed. The scenario analysis provides downside, expected, and upside economic cases using explicit demo assumptions. Under the expected scenario, the modeled gross margin is approximately ₹97,447. The downside and upside modeled gross margins are approximately ₹74,707 and ₹110,655, respectively. Profit figures are scenario calculations using demo yield and cost assumptions and are not guaranteed.",YES,RULE_BASED_WITH_PROFIT_SCENARIOS,AGRIPULSE_RANDOM_FOREST_FORECAST,AGRIPULSE_WEATHER_RISK_FEATURES,AGRIPULSE_SCENARIO_ANALYSIS,NOT_USED_FOR_NUMERICAL_PREDICTION,NO_GUARANTEE,DEVELOPMENT_DEMO,"Explanation is generated from existing AgriPulse forecast, weather-risk, and scenario outputs. It does not create a new numerical prediction."
Uttar Pradesh,Varanasi,,Rice,FALLING,LOW,LOW,"Rice shows a falling modeled market signal over the forecast horizon. The available weather-risk indicators show a LOW contextual risk level. The current modeled uncertainty indicator is LOW, but this does not mean the forecast is guaranteed. The scenario analysis provides downside, expected, and upside economic cases using explicit demo assumptions. Under the expected scenario, the modeled gross margin is approximately ₹97,447. The downside and upside modeled gross margins are approximately ₹74,707 and ₹110,655, respectively. Profit figures are scenario calculations using demo yield and cost assumptions and are not guaranteed.",YES,RULE_BASED_WITH_PROFIT_SCENARIOS,AGRIPULSE_RANDOM_FOREST_FORECAST,AGRIPULSE_WEATHER_RISK_FEATURES,AGRIPULSE_SCENARIO_ANALYSIS,NOT_USED_FOR_NUMERICAL_PREDICTION,NO_GUARANTEE,DEVELOPMENT_DEMO,"Explanation is generated from existing AgriPulse forecast, weather-risk, and scenario outputs. It does not create a new numerical prediction."
Uttar Pradesh,Varanasi,,Rice,FALLING,LOW,LOW,"Rice shows a falling modeled market signal over the forecast horizon. The available weather-risk indicators show a LOW contextual risk level. The current modeled uncertainty indicator is LOW, but this does not mean the forecast is guaranteed. The scenario analysis provides downside, expected, and upside economic cases using explicit demo assumptions. Under the expected scenario, the modeled gross margin is approximately ₹97,447. The downside and upside modeled gross margins are approximately ₹74,707 and ₹110,655, respectively. Profit figures are scenario calculations using demo yield and cost assumptions and are not guaranteed.",YES,RULE_BASED_WITH_PROFIT_SCENARIOS,AGRIPULSE_RANDOM_FOREST_FORECAST,AGRIPULSE_WEATHER_RISK_FEATURES,AGRIPULSE_SCENARIO_ANALYSIS,NOT_USED_FOR_NUMERICAL_PREDICTION,NO_GUARANTEE,DEVELOPMENT_DEMO,"Explanation is generated from existing AgriPulse forecast, weather-risk, and scenario outputs. It does not create a new numerical prediction."
Uttar Pradesh,Varanasi,,Tomato,STABLE,LOW,LOW,"Tomato shows a relatively stable modeled market signal over the forecast horizon. The available weather-risk indicators show a LOW contextual risk level. The current modeled uncertainty indicator is LOW, but this does not mean the forecast is guaranteed. The scenario analysis provides downside, expected, and upside economic cases using explicit demo assumptions. Under the expected scenario, the modeled gross margin is approximately ₹144,157. The downside and upside modeled gross margins are approximately ₹104,182 and ₹171,013, respectively. Profit figures are scenario calculations using demo yield and cost assumptions and are not guaranteed.",YES,RULE_BASED_WITH_PROFIT_SCENARIOS,AGRIPULSE_RANDOM_FOREST_FORECAST,AGRIPULSE_WEATHER_RISK_FEATURES,AGRIPULSE_SCENARIO_ANALYSIS,NOT_USED_FOR_NUMERICAL_PREDICTION,NO_GUARANTEE,DEVELOPMENT_DEMO,"Explanation is generated from existing AgriPulse forecast, weather-risk, and scenario outputs. It does not create a new numerical prediction."
Uttar Pradesh,Varanasi,,Tomato,RISING,LOW,LOW,"Tomato shows a rising modeled market signal over the forecast horizon. The available weather-risk indicators show a LOW contextual risk level. The current modeled uncertainty indicator is LOW, but this does not mean the forecast is guaranteed. The scenario analysis provides downside, expected, and upside economic cases using explicit demo assumptions. Under the expected scenario, the modeled gross margin is approximately ₹144,157. The downside and upside modeled gross margins are approximately ₹104,182 and ₹171,013, respectively. Profit figures are scenario calculations using demo yield and cost assumptions and are not guaranteed.",YES,RULE_BASED_WITH_PROFIT_SCENARIOS,AGRIPULSE_RANDOM_FOREST_FORECAST,AGRIPULSE_WEATHER_RISK_FEATURES,AGRIPULSE_SCENARIO_ANALYSIS,NOT_USED_FOR_NUMERICAL_PREDICTION,NO_GUARANTEE,DEVELOPMENT_DEMO,"Explanation is generated from existing AgriPulse forecast, weather-risk, and scenario outputs. It does not create a new numerical prediction."
Uttar Pradesh,Varanasi,,Tomato,RISING,LOW,LOW,"Tomato shows a rising modeled market signal over the forecast horizon. The available weather-risk indicators show a LOW contextual risk level. The current modeled uncertainty indicator is LOW, but this does not mean the forecast is guaranteed. The scenario analysis provides downside, expected, and upside economic cases using explicit demo assumptions. Under the expected scenario, the modeled gross margin is approximately ₹144,157. The downside and upside modeled gross margins are approximately ₹104,182 and ₹171,013, respectively. Profit figures are scenario calculations using demo yield and cost assumptions and are not guaranteed.",YES,RULE_BASED_WITH_PROFIT_SCENARIOS,AGRIPULSE_RANDOM_FOREST_FORECAST,AGRIPULSE_WEATHER_RISK_FEATURES,AGRIPULSE_SCENARIO_ANALYSIS,NOT_USED_FOR_NUMERICAL_PREDICTION,NO_GUARANTEE,DEVELOPMENT_DEMO,"Explanation is generated from existing AgriPulse forecast, weather-risk, and scenario outputs. It does not create a new numerical prediction."
Uttar Pradesh,Varanasi,,Wheat,FALLING,LOW,LOW,"Wheat shows a falling modeled market signal over the forecast horizon. The available weather-risk indicators show a LOW contextual risk level. The current modeled uncertainty indicator is LOW, but this does not mean the forecast is guaranteed. The scenario analysis provides downside, expected, and upside economic cases using explicit demo assumptions. Under the expected scenario, the modeled gross margin is approximately ₹72,697. The downside and upside modeled gross margins are approximately ₹53,775 and ₹83,115, respectively. Profit figures are scenario calculations using demo yield and cost assumptions and are not guaranteed.",YES,RULE_BASED_WITH_PROFIT_SCENARIOS,AGRIPULSE_RANDOM_FOREST_FORECAST,AGRIPULSE_WEATHER_RISK_FEATURES,AGRIPULSE_SCENARIO_ANALYSIS,NOT_USED_FOR_NUMERICAL_PREDICTION,NO_GUARANTEE,DEVELOPMENT_DEMO,"Explanation is generated from existing AgriPulse forecast, weather-risk, and scenario outputs. It does not create a new numerical prediction."
Uttar Pradesh,Varanasi,,Wheat,STABLE,LOW,LOW,"Wheat shows a relatively stable modeled market signal over the forecast horizon. The available weather-risk indicators show a LOW contextual risk level. The current modeled uncertainty indicator is LOW, but this does not mean the forecast is guaranteed. The scenario analysis provides downside, expected, and upside economic cases using explicit demo assumptions. Under the expected scenario, the modeled gross margin is approximately ₹72,697. The downside and upside modeled gross margins are approximately ₹53,775 and ₹83,115, respectively. Profit figures are scenario calculations using demo yield and cost assumptions and are not guaranteed.",YES,RULE_BASED_WITH_PROFIT_SCENARIOS,AGRIPULSE_RANDOM_FOREST_FORECAST,AGRIPULSE_WEATHER_RISK_FEATURES,AGRIPULSE_SCENARIO_ANALYSIS,NOT_USED_FOR_NUMERICAL_PREDICTION,NO_GUARANTEE,DEVELOPMENT_DEMO,"Explanation is generated from existing AgriPulse forecast, weather-risk, and scenario outputs. It does not create a new numerical prediction."
Uttar Pradesh,Varanasi,,Wheat,RISING,LOW,LOW,"Wheat shows a rising modeled market signal over the forecast horizon. The available weather-risk indicators show a LOW contextual risk level. The current modeled uncertainty indicator is LOW, but this does not mean the forecast is guaranteed. The scenario analysis provides downside, expected, and upside economic cases using explicit demo assumptions. Under the expected scenario, the modeled gross margin is approximately ₹72,697. The downside and upside modeled gross margins are approximately ₹53,775 and ₹83,115, respectively. Profit figures are scenario calculations using demo yield and cost assumptions and are not guaranteed.",YES,RULE_BASED_WITH_PROFIT_SCENARIOS,AGRIPULSE_RANDOM_FOREST_FORECAST,AGRIPULSE_WEATHER_RISK_FEATURES,AGRIPULSE_SCENARIO_ANALYSIS,NOT_USED_FOR_NUMERICAL_PREDICTION,NO_GUARANTEE,DEVELOPMENT_DEMO,"Explanation is generated from existing AgriPulse forecast, weather-risk, and scenario outputs. It does not create a new numerical prediction."
West Bengal,Bardhaman,,Onion,STABLE,LOW,LOW,"Onion shows a relatively stable modeled market signal over the forecast horizon. The available weather-risk indicators show a LOW contextual risk level. The current modeled uncertainty indicator is LOW, but this does not mean the forecast is guaranteed. The scenario analysis provides downside, expected, and upside economic cases using explicit demo assumptions. Under the expected scenario, the modeled gross margin is approximately ₹340,764. The downside and upside modeled gross margins are approximately ₹278,741 and ₹376,370, respectively. Profit figures are scenario calculations using demo yield and cost assumptions and are not guaranteed.",YES,RULE_BASED_WITH_PROFIT_SCENARIOS,AGRIPULSE_RANDOM_FOREST_FORECAST,AGRIPULSE_WEATHER_RISK_FEATURES,AGRIPULSE_SCENARIO_ANALYSIS,NOT_USED_FOR_NUMERICAL_PREDICTION,NO_GUARANTEE,DEVELOPMENT_DEMO,"Explanation is generated from existing AgriPulse forecast, weather-risk, and scenario outputs. It does not create a new numerical prediction."
West Bengal,Bardhaman,,Onion,RISING,LOW,LOW,"Onion shows a rising modeled market signal over the forecast horizon. The available weather-risk indicators show a LOW contextual risk level. The current modeled uncertainty indicator is LOW, but this does not mean the forecast is guaranteed. The scenario analysis provides downside, expected, and upside economic cases using explicit demo assumptions. Under the expected scenario, the modeled gross margin is approximately ₹340,764. The downside and upside modeled gross margins are approximately ₹278,741 and ₹376,370, respectively. Profit figures are scenario calculations using demo yield and cost assumptions and are not guaranteed.",YES,RULE_BASED_WITH_PROFIT_SCENARIOS,AGRIPULSE_RANDOM_FOREST_FORECAST,AGRIPULSE_WEATHER_RISK_FEATURES,AGRIPULSE_SCENARIO_ANALYSIS,NOT_USED_FOR_NUMERICAL_PREDICTION,NO_GUARANTEE,DEVELOPMENT_DEMO,"Explanation is generated from existing AgriPulse forecast, weather-risk, and scenario outputs. It does not create a new numerical prediction."
West Bengal,Bardhaman,,Onion,RISING,LOW,LOW,"Onion shows a rising modeled market signal over the forecast horizon. The available weather-risk indicators show a LOW contextual risk level. The current modeled uncertainty indicator is LOW, but this does not mean the forecast is guaranteed. The scenario analysis provides downside, expected, and upside economic cases using explicit demo assumptions. Under the expected scenario, the modeled gross margin is approximately ₹340,764. The downside and upside modeled gross margins are approximately ₹278,741 and ₹376,370, respectively. Profit figures are scenario calculations using demo yield and cost assumptions and are not guaranteed.",YES,RULE_BASED_WITH_PROFIT_SCENARIOS,AGRIPULSE_RANDOM_FOREST_FORECAST,AGRIPULSE_WEATHER_RISK_FEATURES,AGRIPULSE_SCENARIO_ANALYSIS,NOT_USED_FOR_NUMERICAL_PREDICTION,NO_GUARANTEE,DEVELOPMENT_DEMO,"Explanation is generated from existing AgriPulse forecast, weather-risk, and scenario outputs. It does not create a new numerical prediction."
West Bengal,Bardhaman,,Potato,RISING,LOW,LOW,"Potato shows a rising modeled market signal over the forecast horizon. The available weather-risk indicators show a LOW contextual risk level. The current modeled uncertainty indicator is LOW, but this does not mean the forecast is guaranteed. The scenario analysis provides downside, expected, and upside economic cases using explicit demo assumptions. Under the expected scenario, the modeled gross margin is approximately ₹135,833. The downside and upside modeled gross margins are approximately ₹96,497 and ₹158,295, respectively. Profit figures are scenario calculations using demo yield and cost assumptions and are not guaranteed.",YES,RULE_BASED_WITH_PROFIT_SCENARIOS,AGRIPULSE_RANDOM_FOREST_FORECAST,AGRIPULSE_WEATHER_RISK_FEATURES,AGRIPULSE_SCENARIO_ANALYSIS,NOT_USED_FOR_NUMERICAL_PREDICTION,NO_GUARANTEE,DEVELOPMENT_DEMO,"Explanation is generated from existing AgriPulse forecast, weather-risk, and scenario outputs. It does not create a new numerical prediction."
West Bengal,Bardhaman,,Potato,RISING,LOW,LOW,"Potato shows a rising modeled market signal over the forecast horizon. The available weather-risk indicators show a LOW contextual risk level. The current modeled uncertainty indicator is LOW, but this does not mean the forecast is guaranteed. The scenario analysis provides downside, expected, and upside economic cases using explicit demo assumptions. Under the expected scenario, the modeled gross margin is approximately ₹135,833. The downside and upside modeled gross margins are approximately ₹96,497 and ₹158,295, respectively. Profit figures are scenario calculations using demo yield and cost assumptions and are not guaranteed.",YES,RULE_BASED_WITH_PROFIT_SCENARIOS,AGRIPULSE_RANDOM_FOREST_FORECAST,AGRIPULSE_WEATHER_RISK_FEATURES,AGRIPULSE_SCENARIO_ANALYSIS,NOT_USED_FOR_NUMERICAL_PREDICTION,NO_GUARANTEE,DEVELOPMENT_DEMO,"Explanation is generated from existing AgriPulse forecast, weather-risk, and scenario outputs. It does not create a new numerical prediction."
West Bengal,Bardhaman,,Potato,RISING,LOW,LOW,"Potato shows a rising modeled market signal over the forecast horizon. The available weather-risk indicators show a LOW contextual risk level. The current modeled uncertainty indicator is LOW, but this does not mean the forecast is guaranteed. The scenario analysis provides downside, expected, and upside economic cases using explicit demo assumptions. Under the expected scenario, the modeled gross margin is approximately ₹135,833. The downside and upside modeled gross margins are approximately ₹96,497 and ₹158,295, respectively. Profit figures are scenario calculations using demo yield and cost assumptions and are not guaranteed.",YES,RULE_BASED_WITH_PROFIT_SCENARIOS,AGRIPULSE_RANDOM_FOREST_FORECAST,AGRIPULSE_WEATHER_RISK_FEATURES,AGRIPULSE_SCENARIO_ANALYSIS,NOT_USED_FOR_NUMERICAL_PREDICTION,NO_GUARANTEE,DEVELOPMENT_DEMO,"Explanation is generated from existing AgriPulse forecast, weather-risk, and scenario outputs. It does not create a new numerical prediction."
West Bengal,Bardhaman,,Rice,FALLING,LOW,LOW,"Rice shows a falling modeled market signal over the forecast horizon. The available weather-risk indicators show a LOW contextual risk level. The current modeled uncertainty indicator is LOW, but this does not mean the forecast is guaranteed. The scenario analysis provides downside, expected, and upside economic cases using explicit demo assumptions. Under the expected scenario, the modeled gross margin is approximately ₹97,447. The downside and upside modeled gross margins are approximately ₹74,707 and ₹110,655, respectively. Profit figures are scenario calculations using demo yield and cost assumptions and are not guaranteed.",YES,RULE_BASED_WITH_PROFIT_SCENARIOS,AGRIPULSE_RANDOM_FOREST_FORECAST,AGRIPULSE_WEATHER_RISK_FEATURES,AGRIPULSE_SCENARIO_ANALYSIS,NOT_USED_FOR_NUMERICAL_PREDICTION,NO_GUARANTEE,DEVELOPMENT_DEMO,"Explanation is generated from existing AgriPulse forecast, weather-risk, and scenario outputs. It does not create a new numerical prediction."
West Bengal,Bardhaman,,Rice,FALLING,LOW,LOW,"Rice shows a falling modeled market signal over the forecast horizon. The available weather-risk indicators show a LOW contextual risk level. The current modeled uncertainty indicator is LOW, but this does not mean the forecast is guaranteed. The scenario analysis provides downside, expected, and upside economic cases using explicit demo assumptions. Under the expected scenario, the modeled gross margin is approximately ₹97,447. The downside and upside modeled gross margins are approximately ₹74,707 and ₹110,655, respectively. Profit figures are scenario calculations using demo yield and cost assumptions and are not guaranteed.",YES,RULE_BASED_WITH_PROFIT_SCENARIOS,AGRIPULSE_RANDOM_FOREST_FORECAST,AGRIPULSE_WEATHER_RISK_FEATURES,AGRIPULSE_SCENARIO_ANALYSIS,NOT_USED_FOR_NUMERICAL_PREDICTION,NO_GUARANTEE,DEVELOPMENT_DEMO,"Explanation is generated from existing AgriPulse forecast, weather-risk, and scenario outputs. It does not create a new numerical prediction."
West Bengal,Bardhaman,,Rice,FALLING,LOW,LOW,"Rice shows a falling modeled market signal over the forecast horizon. The available weather-risk indicators show a LOW contextual risk level. The current modeled uncertainty indicator is LOW, but this does not mean the forecast is guaranteed. The scenario analysis provides downside, expected, and upside economic cases using explicit demo assumptions. Under the expected scenario, the modeled gross margin is approximately ₹97,447. The downside and upside modeled gross margins are approximately ₹74,707 and ₹110,655, respectively. Profit figures are scenario calculations using demo yield and cost assumptions and are not guaranteed.",YES,RULE_BASED_WITH_PROFIT_SCENARIOS,AGRIPULSE_RANDOM_FOREST_FORECAST,AGRIPULSE_WEATHER_RISK_FEATURES,AGRIPULSE_SCENARIO_ANALYSIS,NOT_USED_FOR_NUMERICAL_PREDICTION,NO_GUARANTEE,DEVELOPMENT_DEMO,"Explanation is generated from existing AgriPulse forecast, weather-risk, and scenario outputs. It does not create a new numerical prediction."
West Bengal,Bardhaman,,Tomato,RISING,LOW,LOW,"Tomato shows a rising modeled market signal over the forecast horizon. The available weather-risk indicators show a LOW contextual risk level. The current modeled uncertainty indicator is LOW, but this does not mean the forecast is guaranteed. The scenario analysis provides downside, expected, and upside economic cases using explicit demo assumptions. Under the expected scenario, the modeled gross margin is approximately ₹144,157. The downside and upside modeled gross margins are approximately ₹104,182 and ₹171,013, respectively. Profit figures are scenario calculations using demo yield and cost assumptions and are not guaranteed.",YES,RULE_BASED_WITH_PROFIT_SCENARIOS,AGRIPULSE_RANDOM_FOREST_FORECAST,AGRIPULSE_WEATHER_RISK_FEATURES,AGRIPULSE_SCENARIO_ANALYSIS,NOT_USED_FOR_NUMERICAL_PREDICTION,NO_GUARANTEE,DEVELOPMENT_DEMO,"Explanation is generated from existing AgriPulse forecast, weather-risk, and scenario outputs. It does not create a new numerical prediction."
West Bengal,Bardhaman,,Tomato,RISING,LOW,LOW,"Tomato shows a rising modeled market signal over the forecast horizon. The available weather-risk indicators show a LOW contextual risk level. The current modeled uncertainty indicator is LOW, but this does not mean the forecast is guaranteed. The scenario analysis provides downside, expected, and upside economic cases using explicit demo assumptions. Under the expected scenario, the modeled gross margin is approximately ₹144,157. The downside and upside modeled gross margins are approximately ₹104,182 and ₹171,013, respectively. Profit figures are scenario calculations using demo yield and cost assumptions and are not guaranteed.",YES,RULE_BASED_WITH_PROFIT_SCENARIOS,AGRIPULSE_RANDOM_FOREST_FORECAST,AGRIPULSE_WEATHER_RISK_FEATURES,AGRIPULSE_SCENARIO_ANALYSIS,NOT_USED_FOR_NUMERICAL_PREDICTION,NO_GUARANTEE,DEVELOPMENT_DEMO,"Explanation is generated from existing AgriPulse forecast, weather-risk, and scenario outputs. It does not create a new numerical prediction."
West Bengal,Bardhaman,,Tomato,STABLE,LOW,LOW,"Tomato shows a relatively stable modeled market signal over the forecast horizon. The available weather-risk indicators show a LOW contextual risk level. The current modeled uncertainty indicator is LOW, but this does not mean the forecast is guaranteed. The scenario analysis provides downside, expected, and upside economic cases using explicit demo assumptions. Under the expected scenario, the modeled gross margin is approximately ₹144,157. The downside and upside modeled gross margins are approximately ₹104,182 and ₹171,013, respectively. Profit figures are scenario calculations using demo yield and cost assumptions and are not guaranteed.",YES,RULE_BASED_WITH_PROFIT_SCENARIOS,AGRIPULSE_RANDOM_FOREST_FORECAST,AGRIPULSE_WEATHER_RISK_FEATURES,AGRIPULSE_SCENARIO_ANALYSIS,NOT_USED_FOR_NUMERICAL_PREDICTION,NO_GUARANTEE,DEVELOPMENT_DEMO,"Explanation is generated from existing AgriPulse forecast, weather-risk, and scenario outputs. It does not create a new numerical prediction."
West Bengal,Bardhaman,,Wheat,RISING,LOW,LOW,"Wheat shows a rising modeled market signal over the forecast horizon. The available weather-risk indicators show a LOW contextual risk level. The current modeled uncertainty indicator is LOW, but this does not mean the forecast is guaranteed. The scenario analysis provides downside, expected, and upside economic cases using explicit demo assumptions. Under the expected scenario, the modeled gross margin is approximately ₹72,697. The downside and upside modeled gross margins are approximately ₹53,775 and ₹83,115, respectively. Profit figures are scenario calculations using demo yield and cost assumptions and are not guaranteed.",YES,RULE_BASED_WITH_PROFIT_SCENARIOS,AGRIPULSE_RANDOM_FOREST_FORECAST,AGRIPULSE_WEATHER_RISK_FEATURES,AGRIPULSE_SCENARIO_ANALYSIS,NOT_USED_FOR_NUMERICAL_PREDICTION,NO_GUARANTEE,DEVELOPMENT_DEMO,"Explanation is generated from existing AgriPulse forecast, weather-risk, and scenario outputs. It does not create a new numerical prediction."
West Bengal,Bardhaman,,Wheat,RISING,LOW,LOW,"Wheat shows a rising modeled market signal over the forecast horizon. The available weather-risk indicators show a LOW contextual risk level. The current modeled uncertainty indicator is LOW, but this does not mean the forecast is guaranteed. The scenario analysis provides downside, expected, and upside economic cases using explicit demo assumptions. Under the expected scenario, the modeled gross margin is approximately ₹72,697. The downside and upside modeled gross margins are approximately ₹53,775 and ₹83,115, respectively. Profit figures are scenario calculations using demo yield and cost assumptions and are not guaranteed.",YES,RULE_BASED_WITH_PROFIT_SCENARIOS,AGRIPULSE_RANDOM_FOREST_FORECAST,AGRIPULSE_WEATHER_RISK_FEATURES,AGRIPULSE_SCENARIO_ANALYSIS,NOT_USED_FOR_NUMERICAL_PREDICTION,NO_GUARANTEE,DEVELOPMENT_DEMO,"Explanation is generated from existing AgriPulse forecast, weather-risk, and scenario outputs. It does not create a new numerical prediction."
West Bengal,Bardhaman,,Wheat,RISING,LOW,LOW,"Wheat shows a rising modeled market signal over the forecast horizon. The available weather-risk indicators show a LOW contextual risk level. The current modeled uncertainty indicator is LOW, but this does not mean the forecast is guaranteed. The scenario analysis provides downside, expected, and upside economic cases using explicit demo assumptions. Under the expected scenario, the modeled gross margin is approximately ₹72,697. The downside and upside modeled gross margins are approximately ₹53,775 and ₹83,115, respectively. Profit figures are scenario calculations using demo yield and cost assumptions and are not guaranteed.",YES,RULE_BASED_WITH_PROFIT_SCENARIOS,AGRIPULSE_RANDOM_FOREST_FORECAST,AGRIPULSE_WEATHER_RISK_FEATURES,AGRIPULSE_SCENARIO_ANALYSIS,NOT_USED_FOR_NUMERICAL_PREDICTION,NO_GUARANTEE,DEVELOPMENT_DEMO,"Explanation is generated from existing AgriPulse forecast, weather-risk, and scenario outputs. It does not create a new numerical prediction."
West Bengal,Malda,,Onion,STABLE,HIGH,LOW,"Onion shows a relatively stable modeled market signal over the forecast horizon. The available weather-risk indicators show a HIGH contextual risk level. Additional weather monitoring is recommended before making a decision. The current modeled uncertainty indicator is LOW, but this does not mean the forecast is guaranteed. The scenario analysis provides downside, expected, and upside economic cases using explicit demo assumptions. Under the expected scenario, the modeled gross margin is approximately ₹340,764. The downside and upside modeled gross margins are approximately ₹278,741 and ₹376,370, respectively. Profit figures are scenario calculations using demo yield and cost assumptions and are not guaranteed.",YES,RULE_BASED_WITH_PROFIT_SCENARIOS,AGRIPULSE_RANDOM_FOREST_FORECAST,AGRIPULSE_WEATHER_RISK_FEATURES,AGRIPULSE_SCENARIO_ANALYSIS,NOT_USED_FOR_NUMERICAL_PREDICTION,NO_GUARANTEE,DEVELOPMENT_DEMO,"Explanation is generated from existing AgriPulse forecast, weather-risk, and scenario outputs. It does not create a new numerical prediction."
West Bengal,Malda,,Onion,STABLE,HIGH,LOW,"Onion shows a relatively stable modeled market signal over the forecast horizon. The available weather-risk indicators show a HIGH contextual risk level. Additional weather monitoring is recommended before making a decision. The current modeled uncertainty indicator is LOW, but this does not mean the forecast is guaranteed. The scenario analysis provides downside, expected, and upside economic cases using explicit demo assumptions. Under the expected scenario, the modeled gross margin is approximately ₹340,764. The downside and upside modeled gross margins are approximately ₹278,741 and ₹376,370, respectively. Profit figures are scenario calculations using demo yield and cost assumptions and are not guaranteed.",YES,RULE_BASED_WITH_PROFIT_SCENARIOS,AGRIPULSE_RANDOM_FOREST_FORECAST,AGRIPULSE_WEATHER_RISK_FEATURES,AGRIPULSE_SCENARIO_ANALYSIS,NOT_USED_FOR_NUMERICAL_PREDICTION,NO_GUARANTEE,DEVELOPMENT_DEMO,"Explanation is generated from existing AgriPulse forecast, weather-risk, and scenario outputs. It does not create a new numerical prediction."
West Bengal,Malda,,Onion,STABLE,HIGH,LOW,"Onion shows a relatively stable modeled market signal over the forecast horizon. The available weather-risk indicators show a HIGH contextual risk level. Additional weather monitoring is recommended before making a decision. The current modeled uncertainty indicator is LOW, but this does not mean the forecast is guaranteed. The scenario analysis provides downside, expected, and upside economic cases using explicit demo assumptions. Under the expected scenario, the modeled gross margin is approximately ₹340,764. The downside and upside modeled gross margins are approximately ₹278,741 and ₹376,370, respectively. Profit figures are scenario calculations using demo yield and cost assumptions and are not guaranteed.",YES,RULE_BASED_WITH_PROFIT_SCENARIOS,AGRIPULSE_RANDOM_FOREST_FORECAST,AGRIPULSE_WEATHER_RISK_FEATURES,AGRIPULSE_SCENARIO_ANALYSIS,NOT_USED_FOR_NUMERICAL_PREDICTION,NO_GUARANTEE,DEVELOPMENT_DEMO,"Explanation is generated from existing AgriPulse forecast, weather-risk, and scenario outputs. It does not create a new numerical prediction."
West Bengal,Malda,,Potato,FALLING,HIGH,LOW,"Potato shows a falling modeled market signal over the forecast horizon. The available weather-risk indicators show a HIGH contextual risk level. Additional weather monitoring is recommended before making a decision. The current modeled uncertainty indicator is LOW, but this does not mean the forecast is guaranteed. The scenario analysis provides downside, expected, and upside economic cases using explicit demo assumptions. Under the expected scenario, the modeled gross margin is approximately ₹135,833. The downside and upside modeled gross margins are approximately ₹96,497 and ₹158,295, respectively. Profit figures are scenario calculations using demo yield and cost assumptions and are not guaranteed.",YES,RULE_BASED_WITH_PROFIT_SCENARIOS,AGRIPULSE_RANDOM_FOREST_FORECAST,AGRIPULSE_WEATHER_RISK_FEATURES,AGRIPULSE_SCENARIO_ANALYSIS,NOT_USED_FOR_NUMERICAL_PREDICTION,NO_GUARANTEE,DEVELOPMENT_DEMO,"Explanation is generated from existing AgriPulse forecast, weather-risk, and scenario outputs. It does not create a new numerical prediction."
West Bengal,Malda,,Potato,FALLING,HIGH,LOW,"Potato shows a falling modeled market signal over the forecast horizon. The available weather-risk indicators show a HIGH contextual risk level. Additional weather monitoring is recommended before making a decision. The current modeled uncertainty indicator is LOW, but this does not mean the forecast is guaranteed. The scenario analysis provides downside, expected, and upside economic cases using explicit demo assumptions. Under the expected scenario, the modeled gross margin is approximately ₹135,833. The downside and upside modeled gross margins are approximately ₹96,497 and ₹158,295, respectively. Profit figures are scenario calculations using demo yield and cost assumptions and are not guaranteed.",YES,RULE_BASED_WITH_PROFIT_SCENARIOS,AGRIPULSE_RANDOM_FOREST_FORECAST,AGRIPULSE_WEATHER_RISK_FEATURES,AGRIPULSE_SCENARIO_ANALYSIS,NOT_USED_FOR_NUMERICAL_PREDICTION,NO_GUARANTEE,DEVELOPMENT_DEMO,"Explanation is generated from existing AgriPulse forecast, weather-risk, and scenario outputs. It does not create a new numerical prediction."
West Bengal,Malda,,Potato,FALLING,HIGH,LOW,"Potato shows a falling modeled market signal over the forecast horizon. The available weather-risk indicators show a HIGH contextual risk level. Additional weather monitoring is recommended before making a decision. The current modeled uncertainty indicator is LOW, but this does not mean the forecast is guaranteed. The scenario analysis provides downside, expected, and upside economic cases using explicit demo assumptions. Under the expected scenario, the modeled gross margin is approximately ₹135,833. The downside and upside modeled gross margins are approximately ₹96,497 and ₹158,295, respectively. Profit figures are scenario calculations using demo yield and cost assumptions and are not guaranteed.",YES,RULE_BASED_WITH_PROFIT_SCENARIOS,AGRIPULSE_RANDOM_FOREST_FORECAST,AGRIPULSE_WEATHER_RISK_FEATURES,AGRIPULSE_SCENARIO_ANALYSIS,NOT_USED_FOR_NUMERICAL_PREDICTION,NO_GUARANTEE,DEVELOPMENT_DEMO,"Explanation is generated from existing AgriPulse forecast, weather-risk, and scenario outputs. It does not create a new numerical prediction."
West Bengal,Malda,,Rice,FALLING,HIGH,LOW,"Rice shows a falling modeled market signal over the forecast horizon. The available weather-risk indicators show a HIGH contextual risk level. Additional weather monitoring is recommended before making a decision. The current modeled uncertainty indicator is LOW, but this does not mean the forecast is guaranteed. The scenario analysis provides downside, expected, and upside economic cases using explicit demo assumptions. Under the expected scenario, the modeled gross margin is approximately ₹97,447. The downside and upside modeled gross margins are approximately ₹74,707 and ₹110,655, respectively. Profit figures are scenario calculations using demo yield and cost assumptions and are not guaranteed.",YES,RULE_BASED_WITH_PROFIT_SCENARIOS,AGRIPULSE_RANDOM_FOREST_FORECAST,AGRIPULSE_WEATHER_RISK_FEATURES,AGRIPULSE_SCENARIO_ANALYSIS,NOT_USED_FOR_NUMERICAL_PREDICTION,NO_GUARANTEE,DEVELOPMENT_DEMO,"Explanation is generated from existing AgriPulse forecast, weather-risk, and scenario outputs. It does not create a new numerical prediction."
West Bengal,Malda,,Rice,FALLING,HIGH,LOW,"Rice shows a falling modeled market signal over the forecast horizon. The available weather-risk indicators show a HIGH contextual risk level. Additional weather monitoring is recommended before making a decision. The current modeled uncertainty indicator is LOW, but this does not mean the forecast is guaranteed. The scenario analysis provides downside, expected, and upside economic cases using explicit demo assumptions. Under the expected scenario, the modeled gross margin is approximately ₹97,447. The downside and upside modeled gross margins are approximately ₹74,707 and ₹110,655, respectively. Profit figures are scenario calculations using demo yield and cost assumptions and are not guaranteed.",YES,RULE_BASED_WITH_PROFIT_SCENARIOS,AGRIPULSE_RANDOM_FOREST_FORECAST,AGRIPULSE_WEATHER_RISK_FEATURES,AGRIPULSE_SCENARIO_ANALYSIS,NOT_USED_FOR_NUMERICAL_PREDICTION,NO_GUARANTEE,DEVELOPMENT_DEMO,"Explanation is generated from existing AgriPulse forecast, weather-risk, and scenario outputs. It does not create a new numerical prediction."
West Bengal,Malda,,Rice,FALLING,HIGH,LOW,"Rice shows a falling modeled market signal over the forecast horizon. The available weather-risk indicators show a HIGH contextual risk level. Additional weather monitoring is recommended before making a decision. The current modeled uncertainty indicator is LOW, but this does not mean the forecast is guaranteed. The scenario analysis provides downside, expected, and upside economic cases using explicit demo assumptions. Under the expected scenario, the modeled gross margin is approximately ₹97,447. The downside and upside modeled gross margins are approximately ₹74,707 and ₹110,655, respectively. Profit figures are scenario calculations using demo yield and cost assumptions and are not guaranteed.",YES,RULE_BASED_WITH_PROFIT_SCENARIOS,AGRIPULSE_RANDOM_FOREST_FORECAST,AGRIPULSE_WEATHER_RISK_FEATURES,AGRIPULSE_SCENARIO_ANALYSIS,NOT_USED_FOR_NUMERICAL_PREDICTION,NO_GUARANTEE,DEVELOPMENT_DEMO,"Explanation is generated from existing AgriPulse forecast, weather-risk, and scenario outputs. It does not create a new numerical prediction."
West Bengal,Malda,,Tomato,FALLING,HIGH,LOW,"Tomato shows a falling modeled market signal over the forecast horizon. The available weather-risk indicators show a HIGH contextual risk level. Additional weather monitoring is recommended before making a decision. The current modeled uncertainty indicator is LOW, but this does not mean the forecast is guaranteed. The scenario analysis provides downside, expected, and upside economic cases using explicit demo assumptions. Under the expected scenario, the modeled gross margin is approximately ₹144,157. The downside and upside modeled gross margins are approximately ₹104,182 and ₹171,013, respectively. Profit figures are scenario calculations using demo yield and cost assumptions and are not guaranteed.",YES,RULE_BASED_WITH_PROFIT_SCENARIOS,AGRIPULSE_RANDOM_FOREST_FORECAST,AGRIPULSE_WEATHER_RISK_FEATURES,AGRIPULSE_SCENARIO_ANALYSIS,NOT_USED_FOR_NUMERICAL_PREDICTION,NO_GUARANTEE,DEVELOPMENT_DEMO,"Explanation is generated from existing AgriPulse forecast, weather-risk, and scenario outputs. It does not create a new numerical prediction."
West Bengal,Malda,,Tomato,FALLING,HIGH,LOW,"Tomato shows a falling modeled market signal over the forecast horizon. The available weather-risk indicators show a HIGH contextual risk level. Additional weather monitoring is recommended before making a decision. The current modeled uncertainty indicator is LOW, but this does not mean the forecast is guaranteed. The scenario analysis provides downside, expected, and upside economic cases using explicit demo assumptions. Under the expected scenario, the modeled gross margin is approximately ₹144,157. The downside and upside modeled gross margins are approximately ₹104,182 and ₹171,013, respectively. Profit figures are scenario calculations using demo yield and cost assumptions and are not guaranteed.",YES,RULE_BASED_WITH_PROFIT_SCENARIOS,AGRIPULSE_RANDOM_FOREST_FORECAST,AGRIPULSE_WEATHER_RISK_FEATURES,AGRIPULSE_SCENARIO_ANALYSIS,NOT_USED_FOR_NUMERICAL_PREDICTION,NO_GUARANTEE,DEVELOPMENT_DEMO,"Explanation is generated from existing AgriPulse forecast, weather-risk, and scenario outputs. It does not create a new numerical prediction."
West Bengal,Malda,,Tomato,FALLING,HIGH,LOW,"Tomato shows a falling modeled market signal over the forecast horizon. The available weather-risk indicators show a HIGH contextual risk level. Additional weather monitoring is recommended before making a decision. The current modeled uncertainty indicator is LOW, but this does not mean the forecast is guaranteed. The scenario analysis provides downside, expected, and upside economic cases using explicit demo assumptions. Under the expected scenario, the modeled gross margin is approximately ₹144,157. The downside and upside modeled gross margins are approximately ₹104,182 and ₹171,013, respectively. Profit figures are scenario calculations using demo yield and cost assumptions and are not guaranteed.",YES,RULE_BASED_WITH_PROFIT_SCENARIOS,AGRIPULSE_RANDOM_FOREST_FORECAST,AGRIPULSE_WEATHER_RISK_FEATURES,AGRIPULSE_SCENARIO_ANALYSIS,NOT_USED_FOR_NUMERICAL_PREDICTION,NO_GUARANTEE,DEVELOPMENT_DEMO,"Explanation is generated from existing AgriPulse forecast, weather-risk, and scenario outputs. It does not create a new numerical prediction."
West Bengal,Malda,,Wheat,STABLE,HIGH,LOW,"Wheat shows a relatively stable modeled market signal over the forecast horizon. The available weather-risk indicators show a HIGH contextual risk level. Additional weather monitoring is recommended before making a decision. The current modeled uncertainty indicator is LOW, but this does not mean the forecast is guaranteed. The scenario analysis provides downside, expected, and upside economic cases using explicit demo assumptions. Under the expected scenario, the modeled gross margin is approximately ₹72,697. The downside and upside modeled gross margins are approximately ₹53,775 and ₹83,115, respectively. Profit figures are scenario calculations using demo yield and cost assumptions and are not guaranteed.",YES,RULE_BASED_WITH_PROFIT_SCENARIOS,AGRIPULSE_RANDOM_FOREST_FORECAST,AGRIPULSE_WEATHER_RISK_FEATURES,AGRIPULSE_SCENARIO_ANALYSIS,NOT_USED_FOR_NUMERICAL_PREDICTION,NO_GUARANTEE,DEVELOPMENT_DEMO,"Explanation is generated from existing AgriPulse forecast, weather-risk, and scenario outputs. It does not create a new numerical prediction."
West Bengal,Malda,,Wheat,STABLE,HIGH,LOW,"Wheat shows a relatively stable modeled market signal over the forecast horizon. The available weather-risk indicators show a HIGH contextual risk level. Additional weather monitoring is recommended before making a decision. The current modeled uncertainty indicator is LOW, but this does not mean the forecast is guaranteed. The scenario analysis provides downside, expected, and upside economic cases using explicit demo assumptions. Under the expected scenario, the modeled gross margin is approximately ₹72,697. The downside and upside modeled gross margins are approximately ₹53,775 and ₹83,115, respectively. Profit figures are scenario calculations using demo yield and cost assumptions and are not guaranteed.",YES,RULE_BASED_WITH_PROFIT_SCENARIOS,AGRIPULSE_RANDOM_FOREST_FORECAST,AGRIPULSE_WEATHER_RISK_FEATURES,AGRIPULSE_SCENARIO_ANALYSIS,NOT_USED_FOR_NUMERICAL_PREDICTION,NO_GUARANTEE,DEVELOPMENT_DEMO,"Explanation is generated from existing AgriPulse forecast, weather-risk, and scenario outputs. It does not create a new numerical prediction."
West Bengal,Malda,,Wheat,FALLING,HIGH,LOW,"Wheat shows a falling modeled market signal over the forecast horizon. The available weather-risk indicators show a HIGH contextual risk level. Additional weather monitoring is recommended before making a decision. The current modeled uncertainty indicator is LOW, but this does not mean the forecast is guaranteed. The scenario analysis provides downside, expected, and upside economic cases using explicit demo assumptions. Under the expected scenario, the modeled gross margin is approximately ₹72,697. The downside and upside modeled gross margins are approximately ₹53,775 and ₹83,115, respectively. Profit figures are scenario calculations using demo yield and cost assumptions and are not guaranteed.",YES,RULE_BASED_WITH_PROFIT_SCENARIOS,AGRIPULSE_RANDOM_FOREST_FORECAST,AGRIPULSE_WEATHER_RISK_FEATURES,AGRIPULSE_SCENARIO_ANALYSIS,NOT_USED_FOR_NUMERICAL_PREDICTION,NO_GUARANTEE,DEVELOPMENT_DEMO,"Explanation is generated from existing AgriPulse forecast, weather-risk, and scenario outputs. It does not create a new numerical prediction."
West Bengal,Siliguri,,Onion,STABLE,MODERATE,LOW,"Onion shows a relatively stable modeled market signal over the forecast horizon. The available weather-risk indicators show a MODERATE contextual risk level. Weather conditions should be monitored before making a cultivation decision. The current modeled uncertainty indicator is LOW, but this does not mean the forecast is guaranteed. The scenario analysis provides downside, expected, and upside economic cases using explicit demo assumptions. Under the expected scenario, the modeled gross margin is approximately ₹340,764. The downside and upside modeled gross margins are approximately ₹278,741 and ₹376,370, respectively. Profit figures are scenario calculations using demo yield and cost assumptions and are not guaranteed.",YES,RULE_BASED_WITH_PROFIT_SCENARIOS,AGRIPULSE_RANDOM_FOREST_FORECAST,AGRIPULSE_WEATHER_RISK_FEATURES,AGRIPULSE_SCENARIO_ANALYSIS,NOT_USED_FOR_NUMERICAL_PREDICTION,NO_GUARANTEE,DEVELOPMENT_DEMO,"Explanation is generated from existing AgriPulse forecast, weather-risk, and scenario outputs. It does not create a new numerical prediction."
West Bengal,Siliguri,,Onion,FALLING,MODERATE,LOW,"Onion shows a falling modeled market signal over the forecast horizon. The available weather-risk indicators show a MODERATE contextual risk level. Weather conditions should be monitored before making a cultivation decision. The current modeled uncertainty indicator is LOW, but this does not mean the forecast is guaranteed. The scenario analysis provides downside, expected, and upside economic cases using explicit demo assumptions. Under the expected scenario, the modeled gross margin is approximately ₹340,764. The downside and upside modeled gross margins are approximately ₹278,741 and ₹376,370, respectively. Profit figures are scenario calculations using demo yield and cost assumptions and are not guaranteed.",YES,RULE_BASED_WITH_PROFIT_SCENARIOS,AGRIPULSE_RANDOM_FOREST_FORECAST,AGRIPULSE_WEATHER_RISK_FEATURES,AGRIPULSE_SCENARIO_ANALYSIS,NOT_USED_FOR_NUMERICAL_PREDICTION,NO_GUARANTEE,DEVELOPMENT_DEMO,"Explanation is generated from existing AgriPulse forecast, weather-risk, and scenario outputs. It does not create a new numerical prediction."
West Bengal,Siliguri,,Onion,FALLING,MODERATE,LOW,"Onion shows a falling modeled market signal over the forecast horizon. The available weather-risk indicators show a MODERATE contextual risk level. Weather conditions should be monitored before making a cultivation decision. The current modeled uncertainty indicator is LOW, but this does not mean the forecast is guaranteed. The scenario analysis provides downside, expected, and upside economic cases using explicit demo assumptions. Under the expected scenario, the modeled gross margin is approximately ₹340,764. The downside and upside modeled gross margins are approximately ₹278,741 and ₹376,370, respectively. Profit figures are scenario calculations using demo yield and cost assumptions and are not guaranteed.",YES,RULE_BASED_WITH_PROFIT_SCENARIOS,AGRIPULSE_RANDOM_FOREST_FORECAST,AGRIPULSE_WEATHER_RISK_FEATURES,AGRIPULSE_SCENARIO_ANALYSIS,NOT_USED_FOR_NUMERICAL_PREDICTION,NO_GUARANTEE,DEVELOPMENT_DEMO,"Explanation is generated from existing AgriPulse forecast, weather-risk, and scenario outputs. It does not create a new numerical prediction."
West Bengal,Siliguri,,Potato,FALLING,MODERATE,LOW,"Potato shows a falling modeled market signal over the forecast horizon. The available weather-risk indicators show a MODERATE contextual risk level. Weather conditions should be monitored before making a cultivation decision. The current modeled uncertainty indicator is LOW, but this does not mean the forecast is guaranteed. The scenario analysis provides downside, expected, and upside economic cases using explicit demo assumptions. Under the expected scenario, the modeled gross margin is approximately ₹135,833. The downside and upside modeled gross margins are approximately ₹96,497 and ₹158,295, respectively. Profit figures are scenario calculations using demo yield and cost assumptions and are not guaranteed.",YES,RULE_BASED_WITH_PROFIT_SCENARIOS,AGRIPULSE_RANDOM_FOREST_FORECAST,AGRIPULSE_WEATHER_RISK_FEATURES,AGRIPULSE_SCENARIO_ANALYSIS,NOT_USED_FOR_NUMERICAL_PREDICTION,NO_GUARANTEE,DEVELOPMENT_DEMO,"Explanation is generated from existing AgriPulse forecast, weather-risk, and scenario outputs. It does not create a new numerical prediction."
West Bengal,Siliguri,,Potato,FALLING,MODERATE,LOW,"Potato shows a falling modeled market signal over the forecast horizon. The available weather-risk indicators show a MODERATE contextual risk level. Weather conditions should be monitored before making a cultivation decision. The current modeled uncertainty indicator is LOW, but this does not mean the forecast is guaranteed. The scenario analysis provides downside, expected, and upside economic cases using explicit demo assumptions. Under the expected scenario, the modeled gross margin is approximately ₹135,833. The downside and upside modeled gross margins are approximately ₹96,497 and ₹158,295, respectively. Profit figures are scenario calculations using demo yield and cost assumptions and are not guaranteed.",YES,RULE_BASED_WITH_PROFIT_SCENARIOS,AGRIPULSE_RANDOM_FOREST_FORECAST,AGRIPULSE_WEATHER_RISK_FEATURES,AGRIPULSE_SCENARIO_ANALYSIS,NOT_USED_FOR_NUMERICAL_PREDICTION,NO_GUARANTEE,DEVELOPMENT_DEMO,"Explanation is generated from existing AgriPulse forecast, weather-risk, and scenario outputs. It does not create a new numerical prediction."
West Bengal,Siliguri,,Potato,FALLING,MODERATE,LOW,"Potato shows a falling modeled market signal over the forecast horizon. The available weather-risk indicators show a MODERATE contextual risk level. Weather conditions should be monitored before making a cultivation decision. The current modeled uncertainty indicator is LOW, but this does not mean the forecast is guaranteed. The scenario analysis provides downside, expected, and upside economic cases using explicit demo assumptions. Under the expected scenario, the modeled gross margin is approximately ₹135,833. The downside and upside modeled gross margins are approximately ₹96,497 and ₹158,295, respectively. Profit figures are scenario calculations using demo yield and cost assumptions and are not guaranteed.",YES,RULE_BASED_WITH_PROFIT_SCENARIOS,AGRIPULSE_RANDOM_FOREST_FORECAST,AGRIPULSE_WEATHER_RISK_FEATURES,AGRIPULSE_SCENARIO_ANALYSIS,NOT_USED_FOR_NUMERICAL_PREDICTION,NO_GUARANTEE,DEVELOPMENT_DEMO,"Explanation is generated from existing AgriPulse forecast, weather-risk, and scenario outputs. It does not create a new numerical prediction."
West Bengal,Siliguri,,Rice,FALLING,MODERATE,LOW,"Rice shows a falling modeled market signal over the forecast horizon. The available weather-risk indicators show a MODERATE contextual risk level. Weather conditions should be monitored before making a cultivation decision. The current modeled uncertainty indicator is LOW, but this does not mean the forecast is guaranteed. The scenario analysis provides downside, expected, and upside economic cases using explicit demo assumptions. Under the expected scenario, the modeled gross margin is approximately ₹97,447. The downside and upside modeled gross margins are approximately ₹74,707 and ₹110,655, respectively. Profit figures are scenario calculations using demo yield and cost assumptions and are not guaranteed.",YES,RULE_BASED_WITH_PROFIT_SCENARIOS,AGRIPULSE_RANDOM_FOREST_FORECAST,AGRIPULSE_WEATHER_RISK_FEATURES,AGRIPULSE_SCENARIO_ANALYSIS,NOT_USED_FOR_NUMERICAL_PREDICTION,NO_GUARANTEE,DEVELOPMENT_DEMO,"Explanation is generated from existing AgriPulse forecast, weather-risk, and scenario outputs. It does not create a new numerical prediction."
West Bengal,Siliguri,,Rice,FALLING,MODERATE,LOW,"Rice shows a falling modeled market signal over the forecast horizon. The available weather-risk indicators show a MODERATE contextual risk level. Weather conditions should be monitored before making a cultivation decision. The current modeled uncertainty indicator is LOW, but this does not mean the forecast is guaranteed. The scenario analysis provides downside, expected, and upside economic cases using explicit demo assumptions. Under the expected scenario, the modeled gross margin is approximately ₹97,447. The downside and upside modeled gross margins are approximately ₹74,707 and ₹110,655, respectively. Profit figures are scenario calculations using demo yield and cost assumptions and are not guaranteed.",YES,RULE_BASED_WITH_PROFIT_SCENARIOS,AGRIPULSE_RANDOM_FOREST_FORECAST,AGRIPULSE_WEATHER_RISK_FEATURES,AGRIPULSE_SCENARIO_ANALYSIS,NOT_USED_FOR_NUMERICAL_PREDICTION,NO_GUARANTEE,DEVELOPMENT_DEMO,"Explanation is generated from existing AgriPulse forecast, weather-risk, and scenario outputs. It does not create a new numerical prediction."
West Bengal,Siliguri,,Rice,FALLING,MODERATE,LOW,"Rice shows a falling modeled market signal over the forecast horizon. The available weather-risk indicators show a MODERATE contextual risk level. Weather conditions should be monitored before making a cultivation decision. The current modeled uncertainty indicator is LOW, but this does not mean the forecast is guaranteed. The scenario analysis provides downside, expected, and upside economic cases using explicit demo assumptions. Under the expected scenario, the modeled gross margin is approximately ₹97,447. The downside and upside modeled gross margins are approximately ₹74,707 and ₹110,655, respectively. Profit figures are scenario calculations using demo yield and cost assumptions and are not guaranteed.",YES,RULE_BASED_WITH_PROFIT_SCENARIOS,AGRIPULSE_RANDOM_FOREST_FORECAST,AGRIPULSE_WEATHER_RISK_FEATURES,AGRIPULSE_SCENARIO_ANALYSIS,NOT_USED_FOR_NUMERICAL_PREDICTION,NO_GUARANTEE,DEVELOPMENT_DEMO,"Explanation is generated from existing AgriPulse forecast, weather-risk, and scenario outputs. It does not create a new numerical prediction."
West Bengal,Siliguri,,Tomato,STABLE,MODERATE,LOW,"Tomato shows a relatively stable modeled market signal over the forecast horizon. The available weather-risk indicators show a MODERATE contextual risk level. Weather conditions should be monitored before making a cultivation decision. The current modeled uncertainty indicator is LOW, but this does not mean the forecast is guaranteed. The scenario analysis provides downside, expected, and upside economic cases using explicit demo assumptions. Under the expected scenario, the modeled gross margin is approximately ₹144,157. The downside and upside modeled gross margins are approximately ₹104,182 and ₹171,013, respectively. Profit figures are scenario calculations using demo yield and cost assumptions and are not guaranteed.",YES,RULE_BASED_WITH_PROFIT_SCENARIOS,AGRIPULSE_RANDOM_FOREST_FORECAST,AGRIPULSE_WEATHER_RISK_FEATURES,AGRIPULSE_SCENARIO_ANALYSIS,NOT_USED_FOR_NUMERICAL_PREDICTION,NO_GUARANTEE,DEVELOPMENT_DEMO,"Explanation is generated from existing AgriPulse forecast, weather-risk, and scenario outputs. It does not create a new numerical prediction."
West Bengal,Siliguri,,Tomato,RISING,MODERATE,LOW,"Tomato shows a rising modeled market signal over the forecast horizon. The available weather-risk indicators show a MODERATE contextual risk level. Weather conditions should be monitored before making a cultivation decision. The current modeled uncertainty indicator is LOW, but this does not mean the forecast is guaranteed. The scenario analysis provides downside, expected, and upside economic cases using explicit demo assumptions. Under the expected scenario, the modeled gross margin is approximately ₹144,157. The downside and upside modeled gross margins are approximately ₹104,182 and ₹171,013, respectively. Profit figures are scenario calculations using demo yield and cost assumptions and are not guaranteed.",YES,RULE_BASED_WITH_PROFIT_SCENARIOS,AGRIPULSE_RANDOM_FOREST_FORECAST,AGRIPULSE_WEATHER_RISK_FEATURES,AGRIPULSE_SCENARIO_ANALYSIS,NOT_USED_FOR_NUMERICAL_PREDICTION,NO_GUARANTEE,DEVELOPMENT_DEMO,"Explanation is generated from existing AgriPulse forecast, weather-risk, and scenario outputs. It does not create a new numerical prediction."
West Bengal,Siliguri,,Tomato,RISING,MODERATE,LOW,"Tomato shows a rising modeled market signal over the forecast horizon. The available weather-risk indicators show a MODERATE contextual risk level. Weather conditions should be monitored before making a cultivation decision. The current modeled uncertainty indicator is LOW, but this does not mean the forecast is guaranteed. The scenario analysis provides downside, expected, and upside economic cases using explicit demo assumptions. Under the expected scenario, the modeled gross margin is approximately ₹144,157. The downside and upside modeled gross margins are approximately ₹104,182 and ₹171,013, respectively. Profit figures are scenario calculations using demo yield and cost assumptions and are not guaranteed.",YES,RULE_BASED_WITH_PROFIT_SCENARIOS,AGRIPULSE_RANDOM_FOREST_FORECAST,AGRIPULSE_WEATHER_RISK_FEATURES,AGRIPULSE_SCENARIO_ANALYSIS,NOT_USED_FOR_NUMERICAL_PREDICTION,NO_GUARANTEE,DEVELOPMENT_DEMO,"Explanation is generated from existing AgriPulse forecast, weather-risk, and scenario outputs. It does not create a new numerical prediction."
West Bengal,Siliguri,,Wheat,FALLING,MODERATE,LOW,"Wheat shows a falling modeled market signal over the forecast horizon. The available weather-risk indicators show a MODERATE contextual risk level. Weather conditions should be monitored before making a cultivation decision. The current modeled uncertainty indicator is LOW, but this does not mean the forecast is guaranteed. The scenario analysis provides downside, expected, and upside economic cases using explicit demo assumptions. Under the expected scenario, the modeled gross margin is approximately ₹72,697. The downside and upside modeled gross margins are approximately ₹53,775 and ₹83,115, respectively. Profit figures are scenario calculations using demo yield and cost assumptions and are not guaranteed.",YES,RULE_BASED_WITH_PROFIT_SCENARIOS,AGRIPULSE_RANDOM_FOREST_FORECAST,AGRIPULSE_WEATHER_RISK_FEATURES,AGRIPULSE_SCENARIO_ANALYSIS,NOT_USED_FOR_NUMERICAL_PREDICTION,NO_GUARANTEE,DEVELOPMENT_DEMO,"Explanation is generated from existing AgriPulse forecast, weather-risk, and scenario outputs. It does not create a new numerical prediction."
West Bengal,Siliguri,,Wheat,FALLING,MODERATE,LOW,"Wheat shows a falling modeled market signal over the forecast horizon. The available weather-risk indicators show a MODERATE contextual risk level. Weather conditions should be monitored before making a cultivation decision. The current modeled uncertainty indicator is LOW, but this does not mean the forecast is guaranteed. The scenario analysis provides downside, expected, and upside economic cases using explicit demo assumptions. Under the expected scenario, the modeled gross margin is approximately ₹72,697. The downside and upside modeled gross margins are approximately ₹53,775 and ₹83,115, respectively. Profit figures are scenario calculations using demo yield and cost assumptions and are not guaranteed.",YES,RULE_BASED_WITH_PROFIT_SCENARIOS,AGRIPULSE_RANDOM_FOREST_FORECAST,AGRIPULSE_WEATHER_RISK_FEATURES,AGRIPULSE_SCENARIO_ANALYSIS,NOT_USED_FOR_NUMERICAL_PREDICTION,NO_GUARANTEE,DEVELOPMENT_DEMO,"Explanation is generated from existing AgriPulse forecast, weather-risk, and scenario outputs. It does not create a new numerical prediction."
West Bengal,Siliguri,,Wheat,FALLING,MODERATE,LOW,"Wheat shows a falling modeled market signal over the forecast horizon. The available weather-risk indicators show a MODERATE contextual risk level. Weather conditions should be monitored before making a cultivation decision. The current modeled uncertainty indicator is LOW, but this does not mean the forecast is guaranteed. The scenario analysis provides downside, expected, and upside economic cases using explicit demo assumptions. Under the expected scenario, the modeled gross margin is approximately ₹72,697. The downside and upside modeled gross margins are approximately ₹53,775 and ₹83,115, respectively. Profit figures are scenario calculations using demo yield and cost assumptions and are not guaranteed.",YES,RULE_BASED_WITH_PROFIT_SCENARIOS,AGRIPULSE_RANDOM_FOREST_FORECAST,AGRIPULSE_WEATHER_RISK_FEATURES,AGRIPULSE_SCENARIO_ANALYSIS,NOT_USED_FOR_NUMERICAL_PREDICTION,NO_GUARANTEE,DEVELOPMENT_DEMO,"Explanation is generated from existing AgriPulse forecast, weather-risk, and scenario outputs. It does not create a new numerical prediction."
